t,report_date,cons_eps,cons_lo,cons_hi,cons_rev_bn,q2_eps_ref,source
JPM,2026-10-13,5.86,5.82,5.89,50.85,6.14,"Hudson Labs/MarketBeat/TheWhisperNumber; Q2 clean EPS ex Visa gain; whisper 6.09"
GS,2026-10-13,15.39,13.76,16.54,17.40,20.98,"Benzinga 15.39 / MarketBeat 14.96 / BusinessQuant 15.60 (14.66-16.54); MS Equity Research 13.76 after Sep-16 mgmt comments"
MS,2026-10-14,3.09,3.06,3.13,20.52,3.46,"Benzinga 3.10 / Barchart 3.06 / TipRanks 3.13; Simkowitz: 3Q is no 2Q"
BAC,2026-10-14,1.15,1.14,1.17,30.93,1.21,"MarketBeat 1.14 / Benzinga 1.16 / Hudson 1.17; Moynihan Sep-14: IB fees 1.6-1.8bn, S&T flat YoY"
C,2026-10-13,2.64,2.59,2.68,23.72,3.15,"TickerLeague 2.59 / Hudson 2.68; Q1 and Q2 beats of +15%"
WFC,2026-10-13,1.85,1.75,1.93,22.36,2.00,"Benzinga/MarketBeat/MarketWatch"
USB,2026-10-15,1.32,1.24,1.40,8.00,1.35,"TickerLeague"
PNC,2026-10-15,4.89,4.76,5.03,6.60,4.85,"TickerLeague 4.88 / MarketBeat 4.91; Q2 adjusted EPS 4.85"
TFC,2026-10-16,1.12,1.12,1.12,,1.23,"MarketBeat (single source, treat as low confidence)"
FITB,2026-10-19,0.84,0.34,1.11,3.34,0.83,"MarketBeat/TipRanks/MarketWatch GAAP 0.84 (Q2 adjusted EPS 1.02; Q3 is the Comerica conversion quarter)"
HBAN,2026-10-16,0.39,0.37,0.42,2.90,0.33,"TickerLeague"
CFG,2026-10-16,1.40,1.38,1.42,2.30,1.30,"TickerLeague"
KEY,2026-10-20,0.46,0.46,0.46,,0.44,"MarketBeat"
MTB,2026-10-16,4.91,4.74,5.16,2.50,5.32,"TickerLeague; Q2 included Bayview distribution"
COF,2026-10-22,5.35,4.01,5.78,16.30,4.73,"TickerLeague/Tickeron adjusted EPS; Q3'25 adjusted 5.95"
SCHW,2026-10-15,1.67,1.63,1.73,7.22,1.62,"Barchart/MarketWatch adjusted EPS"
BNY,2026-10-16,2.26,2.19,2.31,5.52,2.45,"TickerLeague 2.25 / Hudson 2.27"
