taxo,tag,unit,start,end,val,form,filed
dei,EntityCommonStockSharesOutstanding,shares,,2009-11-13,470210301,10-K,2009-11-20
dei,EntityCommonStockSharesOutstanding,shares,,2010-01-27,469280842,10-Q,2010-02-03
us-gaap,CashAcquiredFromAcquisition,USD,2008-10-01,2009-09-30,0,10-K,2011-11-18
us-gaap,CashAcquiredFromAcquisition,USD,2009-10-01,2010-09-30,147000000,10-K,2010-11-19
us-gaap,CashAcquiredFromAcquisition,USD,2009-10-01,2010-09-30,147000000,10-K,2011-11-18
us-gaap,CashAcquiredFromAcquisition,USD,2009-10-01,2010-09-30,147000000,10-K,2012-11-16
us-gaap,CashAcquiredFromAcquisition,USD,2010-10-01,2011-03-31,18000000,10-Q,2011-05-05
us-gaap,CashAcquiredFromAcquisition,USD,2010-10-01,2011-03-31,18000000,10-Q,2012-05-02
us-gaap,CashAcquiredFromAcquisition,USD,2010-10-01,2011-06-30,22000000,10-Q,2011-07-29
us-gaap,CashAcquiredFromAcquisition,USD,2010-10-01,2011-06-30,22000000,10-Q,2012-07-27
us-gaap,CashAcquiredFromAcquisition,USD,2010-10-01,2011-09-30,22000000,10-K,2011-11-18
us-gaap,CashAcquiredFromAcquisition,USD,2010-10-01,2011-09-30,22000000,10-K,2012-11-16
us-gaap,CashAcquiredFromAcquisition,USD,2011-10-01,2012-03-31,0,10-Q,2012-05-02
us-gaap,CashAcquiredFromAcquisition,USD,2011-10-01,2012-06-30,17000000,10-Q,2012-07-27
us-gaap,CashAcquiredFromAcquisition,USD,2011-10-01,2012-09-30,17000000,10-K,2012-11-16
us-gaap,CashAcquiredFromAcquisition,USD,2013-10-01,2014-06-30,25000000,10-Q,2014-07-24
us-gaap,CashAcquiredFromAcquisition,USD,2014-10-01,2014-12-31,25000000,10-Q,2015-01-29
us-gaap,CashAcquiredFromAcquisition,USD,2015-10-01,2016-06-30,2800000000,10-Q,2016-07-25
us-gaap,CashAcquiredFromAcquisition,USD,2015-10-01,2016-06-30,2800000000,10-Q,2017-07-20
us-gaap,CashAndCashEquivalentsAtCarryingValue,USD,,2006-09-30,270000000,10-K,2009-11-20
us-gaap,CashAndCashEquivalentsAtCarryingValue,USD,,2007-09-30,275000000,10-Q,2009-07-30
us-gaap,CashAndCashEquivalentsAtCarryingValue,USD,,2007-09-30,275000000,10-K,2009-11-20
us-gaap,CashAndCashEquivalentsAtCarryingValue,USD,,2007-09-30,275000000,10-K,2010-11-19
us-gaap,CashAndCashEquivalentsAtCarryingValue,USD,,2008-06-30,5762000000,10-Q,2009-07-30
us-gaap,CashAndCashEquivalentsAtCarryingValue,USD,,2008-09-30,4979000000,10-Q,2009-07-30
us-gaap,CashAndCashEquivalentsAtCarryingValue,USD,,2008-09-30,4979000000,10-K,2009-11-20
us-gaap,CashAndCashEquivalentsAtCarryingValue,USD,,2008-09-30,4979000000,10-Q,2010-02-03
us-gaap,CashAndCashEquivalentsAtCarryingValue,USD,,2008-09-30,4979000000,10-Q,2010-05-03
us-gaap,CashAndCashEquivalentsAtCarryingValue,USD,,2008-09-30,4979000000,10-Q,2010-08-02
us-gaap,CashAndCashEquivalentsAtCarryingValue,USD,,2008-09-30,4979000000,10-K,2010-11-19
us-gaap,CashAndCashEquivalentsAtCarryingValue,USD,,2008-09-30,4979000000,10-K,2011-11-18
us-gaap,CashAndCashEquivalentsAtCarryingValue,USD,,2008-12-31,2613000000,10-Q,2010-02-03
us-gaap,CashAndCashEquivalentsAtCarryingValue,USD,,2009-03-31,3363000000,10-Q,2010-05-03
us-gaap,CashAndCashEquivalentsAtCarryingValue,USD,,2009-06-30,4200000000,10-Q,2009-07-30
us-gaap,CashAndCashEquivalentsAtCarryingValue,USD,,2009-06-30,4200000000,10-Q,2010-08-02
us-gaap,CashAndCashEquivalentsAtCarryingValue,USD,,2009-09-30,4617000000,10-K,2009-11-20
us-gaap,CashAndCashEquivalentsAtCarryingValue,USD,,2009-09-30,4617000000,10-Q,2010-02-03
us-gaap,CashAndCashEquivalentsAtCarryingValue,USD,,2009-09-30,4617000000,10-Q,2010-05-03
us-gaap,CashAndCashEquivalentsAtCarryingValue,USD,,2009-09-30,4617000000,10-Q,2010-08-02
us-gaap,CashAndCashEquivalentsAtCarryingValue,USD,,2009-09-30,4617000000,10-K,2010-11-19
us-gaap,CashAndCashEquivalentsAtCarryingValue,USD,,2009-09-30,4617000000,10-K,2011-11-18
us-gaap,CashAndCashEquivalentsAtCarryingValue,USD,,2009-09-30,4617000000,10-K,2012-11-16
us-gaap,CashAndCashEquivalentsAtCarryingValue,USD,,2009-10-02,4617000000,10-Q,2011-02-02
us-gaap,CashAndCashEquivalentsAtCarryingValue,USD,,2009-10-02,4617000000,10-Q,2011-05-05
us-gaap,CashAndCashEquivalentsAtCarryingValue,USD,,2009-10-02,4617000000,10-Q,2011-07-29
us-gaap,CashAndCashEquivalentsAtCarryingValue,USD,,2009-12-31,4160000000,10-Q,2010-02-03
us-gaap,CashAndCashEquivalentsAtCarryingValue,USD,,2009-12-31,4160000000,10-Q,2011-02-02
us-gaap,CashAndCashEquivalentsAtCarryingValue,USD,,2010-03-31,4560000000,10-Q,2010-05-03
us-gaap,CashAndCashEquivalentsAtCarryingValue,USD,,2010-03-31,4560000000,10-Q,2011-05-05
us-gaap,CashAndCashEquivalentsAtCarryingValue,USD,,2010-06-30,5205000000,10-Q,2010-08-02
us-gaap,CashAndCashEquivalentsAtCarryingValue,USD,,2010-06-30,5205000000,10-Q,2011-07-29
us-gaap,CashAndCashEquivalentsAtCarryingValue,USD,,2010-09-30,3867000000,10-K,2010-11-19
us-gaap,CashAndCashEquivalentsAtCarryingValue,USD,,2010-09-30,3867000000,10-Q,2011-02-02
us-gaap,CashAndCashEquivalentsAtCarryingValue,USD,,2010-09-30,3867000000,10-Q,2011-05-05
us-gaap,CashAndCashEquivalentsAtCarryingValue,USD,,2010-09-30,3867000000,10-Q,2011-07-29
us-gaap,CashAndCashEquivalentsAtCarryingValue,USD,,2010-09-30,3867000000,10-K,2011-11-18
us-gaap,CashAndCashEquivalentsAtCarryingValue,USD,,2010-09-30,3867000000,10-Q,2012-02-08
us-gaap,CashAndCashEquivalentsAtCarryingValue,USD,,2010-09-30,3867000000,10-Q,2012-05-02
us-gaap,CashAndCashEquivalentsAtCarryingValue,USD,,2010-09-30,3867000000,10-Q,2012-07-27
us-gaap,CashAndCashEquivalentsAtCarryingValue,USD,,2010-09-30,3867000000,10-K,2012-11-16
us-gaap,CashAndCashEquivalentsAtCarryingValue,USD,,2010-09-30,3867000000,10-K,2013-11-22
us-gaap,CashAndCashEquivalentsAtCarryingValue,USD,,2010-12-31,3684000000,10-Q,2011-02-02
us-gaap,CashAndCashEquivalentsAtCarryingValue,USD,,2010-12-31,3684000000,10-Q,2012-02-08
us-gaap,CashAndCashEquivalentsAtCarryingValue,USD,,2011-03-31,3512000000,10-Q,2011-05-05
us-gaap,CashAndCashEquivalentsAtCarryingValue,USD,,2011-03-31,3512000000,10-Q,2012-05-02
us-gaap,CashAndCashEquivalentsAtCarryingValue,USD,,2011-06-30,3600000000,10-Q,2011-07-29
us-gaap,CashAndCashEquivalentsAtCarryingValue,USD,,2011-06-30,3600000000,10-Q,2012-07-27
us-gaap,CashAndCashEquivalentsAtCarryingValue,USD,,2011-09-30,2127000000,10-K,2011-11-18
us-gaap,CashAndCashEquivalentsAtCarryingValue,USD,,2011-09-30,2127000000,10-Q,2012-02-08
us-gaap,CashAndCashEquivalentsAtCarryingValue,USD,,2011-09-30,2127000000,10-Q,2012-05-02
us-gaap,CashAndCashEquivalentsAtCarryingValue,USD,,2011-09-30,2127000000,10-Q,2012-07-27
us-gaap,CashAndCashEquivalentsAtCarryingValue,USD,,2011-09-30,2127000000,10-K,2012-11-16
us-gaap,CashAndCashEquivalentsAtCarryingValue,USD,,2011-09-30,2127000000,10-Q,2013-02-06
us-gaap,CashAndCashEquivalentsAtCarryingValue,USD,,2011-09-30,2127000000,10-Q,2013-05-01
us-gaap,CashAndCashEquivalentsAtCarryingValue,USD,,2011-09-30,2127000000,10-Q,2013-07-24
us-gaap,CashAndCashEquivalentsAtCarryingValue,USD,,2011-09-30,2127000000,10-K,2013-11-22
us-gaap,CashAndCashEquivalentsAtCarryingValue,USD,,2011-09-30,2127000000,10-K,2014-11-21
us-gaap,CashAndCashEquivalentsAtCarryingValue,USD,,2011-12-31,1942000000,10-Q,2012-02-08
us-gaap,CashAndCashEquivalentsAtCarryingValue,USD,,2011-12-31,1942000000,10-Q,2013-02-06
us-gaap,CashAndCashEquivalentsAtCarryingValue,USD,,2012-03-31,2042000000,10-Q,2012-05-02
us-gaap,CashAndCashEquivalentsAtCarryingValue,USD,,2012-03-31,2042000000,10-Q,2013-05-01
us-gaap,CashAndCashEquivalentsAtCarryingValue,USD,,2012-06-30,1558000000,10-Q,2012-07-27
us-gaap,CashAndCashEquivalentsAtCarryingValue,USD,,2012-06-30,1558000000,10-Q,2013-07-24
us-gaap,CashAndCashEquivalentsAtCarryingValue,USD,,2012-09-30,2074000000,10-K,2012-11-16
us-gaap,CashAndCashEquivalentsAtCarryingValue,USD,,2012-09-30,2074000000,10-Q,2013-02-06
us-gaap,CashAndCashEquivalentsAtCarryingValue,USD,,2012-09-30,2074000000,10-Q,2013-05-01
us-gaap,CashAndCashEquivalentsAtCarryingValue,USD,,2012-09-30,2074000000,10-Q,2013-07-24
us-gaap,CashAndCashEquivalentsAtCarryingValue,USD,,2012-09-30,2074000000,10-K,2013-11-22
us-gaap,CashAndCashEquivalentsAtCarryingValue,USD,,2012-09-30,2074000000,10-Q,2014-01-30
us-gaap,CashAndCashEquivalentsAtCarryingValue,USD,,2012-09-30,2074000000,10-Q,2014-04-24
us-gaap,CashAndCashEquivalentsAtCarryingValue,USD,,2012-09-30,2074000000,10-Q,2014-07-24
us-gaap,CashAndCashEquivalentsAtCarryingValue,USD,,2012-09-30,2074000000,10-K,2014-11-21
us-gaap,CashAndCashEquivalentsAtCarryingValue,USD,,2012-09-30,2074000000,10-K,2015-11-20
us-gaap,CashAndCashEquivalentsAtCarryingValue,USD,,2012-12-31,1334000000,10-Q,2013-02-06
us-gaap,CashAndCashEquivalentsAtCarryingValue,USD,,2012-12-31,1334000000,10-Q,2014-01-30
us-gaap,CashAndCashEquivalentsAtCarryingValue,USD,,2013-03-31,1377000000,10-Q,2013-05-01
us-gaap,CashAndCashEquivalentsAtCarryingValue,USD,,2013-03-31,1377000000,10-Q,2014-04-24
us-gaap,CashAndCashEquivalentsAtCarryingValue,USD,,2013-06-30,1453000000,10-Q,2013-07-24
us-gaap,CashAndCashEquivalentsAtCarryingValue,USD,,2013-06-30,1453000000,10-Q,2014-07-24
us-gaap,CashAndCashEquivalentsAtCarryingValue,USD,,2013-09-30,2186000000,10-K,2013-11-22
us-gaap,CashAndCashEquivalentsAtCarryingValue,USD,,2013-09-30,2186000000,10-Q,2014-01-30
us-gaap,CashAndCashEquivalentsAtCarryingValue,USD,,2013-09-30,2186000000,10-Q,2014-04-24
us-gaap,CashAndCashEquivalentsAtCarryingValue,USD,,2013-09-30,2186000000,10-Q,2014-07-24
us-gaap,CashAndCashEquivalentsAtCarryingValue,USD,,2013-09-30,2186000000,10-K,2014-11-21
us-gaap,CashAndCashEquivalentsAtCarryingValue,USD,,2013-09-30,2186000000,10-Q,2015-01-29
us-gaap,CashAndCashEquivalentsAtCarryingValue,USD,,2013-09-30,2186000000,10-Q,2015-04-30
us-gaap,CashAndCashEquivalentsAtCarryingValue,USD,,2013-09-30,2186000000,10-Q,2015-07-23
us-gaap,CashAndCashEquivalentsAtCarryingValue,USD,,2013-09-30,2186000000,10-K,2015-11-20
us-gaap,CashAndCashEquivalentsAtCarryingValue,USD,,2013-09-30,2186000000,10-K,2016-11-15
us-gaap,CashAndCashEquivalentsAtCarryingValue,USD,,2013-12-31,2121000000,10-Q,2014-01-30
us-gaap,CashAndCashEquivalentsAtCarryingValue,USD,,2013-12-31,2121000000,10-Q,2015-01-29
us-gaap,CashAndCashEquivalentsAtCarryingValue,USD,,2014-03-31,1820000000,10-Q,2014-04-24
us-gaap,CashAndCashEquivalentsAtCarryingValue,USD,,2014-03-31,1820000000,10-Q,2015-04-30
us-gaap,CashAndCashEquivalentsAtCarryingValue,USD,,2014-06-30,2058000000,10-Q,2014-07-24
us-gaap,CashAndCashEquivalentsAtCarryingValue,USD,,2014-06-30,2058000000,10-Q,2015-07-23
us-gaap,CashAndCashEquivalentsAtCarryingValue,USD,,2014-09-30,1971000000,10-K,2014-11-21
us-gaap,CashAndCashEquivalentsAtCarryingValue,USD,,2014-09-30,1971000000,10-Q,2015-01-29
us-gaap,CashAndCashEquivalentsAtCarryingValue,USD,,2014-09-30,1971000000,10-Q,2015-04-30
us-gaap,CashAndCashEquivalentsAtCarryingValue,USD,,2014-09-30,1971000000,10-Q,2015-07-23
us-gaap,CashAndCashEquivalentsAtCarryingValue,USD,,2014-09-30,1971000000,10-K,2015-11-20
us-gaap,CashAndCashEquivalentsAtCarryingValue,USD,,2014-09-30,1971000000,10-Q,2016-01-28
us-gaap,CashAndCashEquivalentsAtCarryingValue,USD,,2014-09-30,1971000000,10-Q,2016-04-25
us-gaap,CashAndCashEquivalentsAtCarryingValue,USD,,2014-09-30,1971000000,10-Q,2016-07-25
us-gaap,CashAndCashEquivalentsAtCarryingValue,USD,,2014-09-30,1971000000,10-K,2016-11-15
us-gaap,CashAndCashEquivalentsAtCarryingValue,USD,,2014-09-30,1971000000,10-K,2017-11-17
us-gaap,CashAndCashEquivalentsAtCarryingValue,USD,,2014-12-31,2085000000,10-Q,2015-01-29
us-gaap,CashAndCashEquivalentsAtCarryingValue,USD,,2014-12-31,2085000000,10-Q,2016-01-28
us-gaap,CashAndCashEquivalentsAtCarryingValue,USD,,2015-03-31,2039000000,10-Q,2015-04-30
us-gaap,CashAndCashEquivalentsAtCarryingValue,USD,,2015-03-31,2039000000,10-Q,2016-04-25
us-gaap,CashAndCashEquivalentsAtCarryingValue,USD,,2015-06-30,2147000000,10-Q,2015-07-23
us-gaap,CashAndCashEquivalentsAtCarryingValue,USD,,2015-06-30,2147000000,10-Q,2016-07-25
us-gaap,CashAndCashEquivalentsAtCarryingValue,USD,,2015-09-30,3518000000,10-K,2015-11-20
us-gaap,CashAndCashEquivalentsAtCarryingValue,USD,,2015-09-30,3518000000,10-Q,2016-01-28
us-gaap,CashAndCashEquivalentsAtCarryingValue,USD,,2015-09-30,3518000000,10-Q,2016-04-25
us-gaap,CashAndCashEquivalentsAtCarryingValue,USD,,2015-09-30,3518000000,10-Q,2016-07-25
us-gaap,CashAndCashEquivalentsAtCarryingValue,USD,,2015-09-30,3518000000,10-K,2016-11-15
us-gaap,CashAndCashEquivalentsAtCarryingValue,USD,,2015-09-30,3518000000,10-Q,2017-02-02
us-gaap,CashAndCashEquivalentsAtCarryingValue,USD,,2015-09-30,3518000000,10-Q,2017-04-21
us-gaap,CashAndCashEquivalentsAtCarryingValue,USD,,2015-09-30,3518000000,10-Q,2017-07-20
us-gaap,CashAndCashEquivalentsAtCarryingValue,USD,,2015-09-30,3518000000,10-K,2017-11-17
us-gaap,CashAndCashEquivalentsAtCarryingValue,USD,,2015-09-30,3518000000,10-K,2018-11-16
us-gaap,CashAndCashEquivalentsAtCarryingValue,USD,,2015-12-31,12837000000,10-Q,2016-01-28
us-gaap,CashAndCashEquivalentsAtCarryingValue,USD,,2015-12-31,12837000000,10-Q,2017-02-02
us-gaap,CashAndCashEquivalentsAtCarryingValue,USD,,2016-03-31,15943000000,10-Q,2016-04-25
us-gaap,CashAndCashEquivalentsAtCarryingValue,USD,,2016-03-31,15943000000,10-Q,2017-04-21
us-gaap,CashAndCashEquivalentsAtCarryingValue,USD,,2016-06-30,5887000000,10-Q,2016-07-25
us-gaap,CashAndCashEquivalentsAtCarryingValue,USD,,2016-06-30,5887000000,10-Q,2017-07-20
us-gaap,CashAndCashEquivalentsAtCarryingValue,USD,,2016-09-30,5619000000,10-K,2016-11-15
us-gaap,CashAndCashEquivalentsAtCarryingValue,USD,,2016-09-30,5619000000,10-Q,2017-02-02
us-gaap,CashAndCashEquivalentsAtCarryingValue,USD,,2016-09-30,5619000000,10-Q,2017-04-21
us-gaap,CashAndCashEquivalentsAtCarryingValue,USD,,2016-09-30,5619000000,10-Q,2017-07-20
us-gaap,CashAndCashEquivalentsAtCarryingValue,USD,,2016-09-30,5619000000,10-K,2017-11-17
us-gaap,CashAndCashEquivalentsAtCarryingValue,USD,,2016-09-30,5619000000,10-Q,2018-02-01
us-gaap,CashAndCashEquivalentsAtCarryingValue,USD,,2016-09-30,5619000000,10-Q,2018-04-27
us-gaap,CashAndCashEquivalentsAtCarryingValue,USD,,2016-09-30,5619000000,10-Q,2018-07-27
us-gaap,CashAndCashEquivalentsAtCarryingValue,USD,,2016-09-30,5619000000,10-K,2018-11-16
us-gaap,CashAndCashEquivalentsAtCarryingValue,USD,,2016-12-31,5824000000,10-Q,2017-02-02
us-gaap,CashAndCashEquivalentsAtCarryingValue,USD,,2016-12-31,5824000000,10-Q,2018-02-01
us-gaap,CashAndCashEquivalentsAtCarryingValue,USD,,2017-03-31,6427000000,10-Q,2017-04-21
us-gaap,CashAndCashEquivalentsAtCarryingValue,USD,,2017-03-31,6427000000,10-Q,2018-04-27
us-gaap,CashAndCashEquivalentsAtCarryingValue,USD,,2017-06-30,7437000000,10-Q,2017-07-20
us-gaap,CashAndCashEquivalentsAtCarryingValue,USD,,2017-06-30,7437000000,10-Q,2018-07-27
us-gaap,CashAndCashEquivalentsAtCarryingValue,USD,,2017-09-30,9874000000,10-K,2017-11-17
us-gaap,CashAndCashEquivalentsAtCarryingValue,USD,,2017-09-30,9874000000,10-Q,2018-02-01
us-gaap,CashAndCashEquivalentsAtCarryingValue,USD,,2017-09-30,9874000000,10-Q,2018-04-27
us-gaap,CashAndCashEquivalentsAtCarryingValue,USD,,2017-09-30,9874000000,10-Q,2018-07-27
us-gaap,CashAndCashEquivalentsAtCarryingValue,USD,,2017-09-30,9874000000,10-K,2018-11-16
us-gaap,CashAndCashEquivalentsAtCarryingValue,USD,,2017-09-30,9874000000,10-Q,2019-01-31
us-gaap,CashAndCashEquivalentsAtCarryingValue,USD,,2017-09-30,9874000000,10-Q,2019-04-26
us-gaap,CashAndCashEquivalentsAtCarryingValue,USD,,2017-09-30,9874000000,10-Q,2019-07-26
us-gaap,CashAndCashEquivalentsAtCarryingValue,USD,,2017-09-30,9874000000,10-K,2019-11-14
us-gaap,CashAndCashEquivalentsAtCarryingValue,USD,,2017-12-31,8138000000,10-Q,2018-02-01
us-gaap,CashAndCashEquivalentsAtCarryingValue,USD,,2017-12-31,8138000000,10-Q,2019-01-31
us-gaap,CashAndCashEquivalentsAtCarryingValue,USD,,2018-03-31,8142000000,10-Q,2018-04-27
us-gaap,CashAndCashEquivalentsAtCarryingValue,USD,,2018-03-31,8142000000,10-Q,2019-04-26
us-gaap,CashAndCashEquivalentsAtCarryingValue,USD,,2018-06-30,8505000000,10-Q,2018-07-27
us-gaap,CashAndCashEquivalentsAtCarryingValue,USD,,2018-06-30,8505000000,10-Q,2019-07-26
us-gaap,CashAndCashEquivalentsAtCarryingValue,USD,,2018-09-30,8162000000,10-K,2018-11-16
us-gaap,CashAndCashEquivalentsAtCarryingValue,USD,,2018-09-30,8162000000,10-Q,2019-01-31
us-gaap,CashAndCashEquivalentsAtCarryingValue,USD,,2018-09-30,8162000000,10-Q,2019-04-26
us-gaap,CashAndCashEquivalentsAtCarryingValue,USD,,2018-09-30,8162000000,10-Q,2019-07-26
us-gaap,CashAndCashEquivalentsAtCarryingValue,USD,,2018-09-30,8162000000,10-K,2019-11-14
us-gaap,CashAndCashEquivalentsAtCarryingValue,USD,,2018-09-30,8162000000,10-K,2020-11-19
us-gaap,CashAndCashEquivalentsAtCarryingValue,USD,,2018-12-31,8289000000,10-Q,2019-01-31
us-gaap,CashAndCashEquivalentsAtCarryingValue,USD,,2019-03-31,7648000000,10-Q,2019-04-26
us-gaap,CashAndCashEquivalentsAtCarryingValue,USD,,2019-06-30,7912000000,10-Q,2019-07-26
us-gaap,CashAndCashEquivalentsAtCarryingValue,USD,,2019-09-30,7838000000,10-K,2019-11-14
us-gaap,CashAndCashEquivalentsAtCarryingValue,USD,,2019-09-30,7838000000,10-Q,2020-01-31
us-gaap,CashAndCashEquivalentsAtCarryingValue,USD,,2019-09-30,7838000000,10-Q,2020-05-04
us-gaap,CashAndCashEquivalentsAtCarryingValue,USD,,2019-09-30,7838000000,10-Q,2020-07-31
us-gaap,CashAndCashEquivalentsAtCarryingValue,USD,,2019-09-30,7838000000,10-K,2020-11-19
us-gaap,CashAndCashEquivalentsAtCarryingValue,USD,,2019-12-31,8768000000,10-Q,2020-01-31
us-gaap,CashAndCashEquivalentsAtCarryingValue,USD,,2020-03-31,9740000000,10-Q,2020-05-04
us-gaap,CashAndCashEquivalentsAtCarryingValue,USD,,2020-06-30,13898000000,10-Q,2020-07-31
us-gaap,CashAndCashEquivalentsAtCarryingValue,USD,,2020-09-30,16289000000,10-K,2020-11-19
us-gaap,CashAndCashEquivalentsAtCarryingValue,USD,,2020-09-30,16289000000,10-Q,2021-01-29
us-gaap,CashAndCashEquivalentsAtCarryingValue,USD,,2020-09-30,16289000000,10-Q,2021-04-29
us-gaap,CashAndCashEquivalentsAtCarryingValue,USD,,2020-09-30,16289000000,10-Q,2021-07-29
us-gaap,CashAndCashEquivalentsAtCarryingValue,USD,,2020-09-30,16289000000,10-K,2021-11-18
us-gaap,CashAndCashEquivalentsAtCarryingValue,USD,,2020-12-31,15032000000,10-Q,2021-01-29
us-gaap,CashAndCashEquivalentsAtCarryingValue,USD,,2021-03-31,16494000000,10-Q,2021-04-29
us-gaap,CashAndCashEquivalentsAtCarryingValue,USD,,2021-06-30,18034000000,10-Q,2021-07-29
us-gaap,CashAndCashEquivalentsAtCarryingValue,USD,,2021-09-30,16487000000,10-K,2021-11-18
us-gaap,CashAndCashEquivalentsAtCarryingValue,USD,,2021-09-30,16487000000,10-Q,2022-01-28
us-gaap,CashAndCashEquivalentsAtCarryingValue,USD,,2021-09-30,16487000000,10-Q,2022-04-28
us-gaap,CashAndCashEquivalentsAtCarryingValue,USD,,2021-09-30,16487000000,10-Q,2022-07-28
us-gaap,CashAndCashEquivalentsAtCarryingValue,USD,,2021-09-30,16487000000,10-K,2022-11-16
us-gaap,CashAndCashEquivalentsAtCarryingValue,USD,,2021-12-31,14720000000,10-Q,2022-01-28
us-gaap,CashAndCashEquivalentsAtCarryingValue,USD,,2022-03-31,12299000000,10-Q,2022-04-28
us-gaap,CashAndCashEquivalentsAtCarryingValue,USD,,2022-06-30,14047000000,10-Q,2022-07-28
us-gaap,CashAndCashEquivalentsAtCarryingValue,USD,,2022-09-30,15689000000,10-K,2022-11-16
us-gaap,CashAndCashEquivalentsAtCarryingValue,USD,,2022-09-30,15689000000,10-Q,2023-01-27
us-gaap,CashAndCashEquivalentsAtCarryingValue,USD,,2022-09-30,15689000000,10-Q,2023-04-27
us-gaap,CashAndCashEquivalentsAtCarryingValue,USD,,2022-09-30,15689000000,10-Q,2023-07-26
us-gaap,CashAndCashEquivalentsAtCarryingValue,USD,,2022-09-30,15689000000,10-K,2023-11-15
us-gaap,CashAndCashEquivalentsAtCarryingValue,USD,,2022-12-31,13334000000,10-Q,2023-01-27
us-gaap,CashAndCashEquivalentsAtCarryingValue,USD,,2023-03-31,13842000000,10-Q,2023-04-27
us-gaap,CashAndCashEquivalentsAtCarryingValue,USD,,2023-06-30,15590000000,10-Q,2023-07-26
us-gaap,CashAndCashEquivalentsAtCarryingValue,USD,,2023-09-30,16286000000,10-K,2023-11-15
us-gaap,CashAndCashEquivalentsAtCarryingValue,USD,,2023-09-30,16286000000,10-Q,2024-01-26
us-gaap,CashAndCashEquivalentsAtCarryingValue,USD,,2023-09-30,16286000000,10-Q,2024-04-24
us-gaap,CashAndCashEquivalentsAtCarryingValue,USD,,2023-09-30,16286000000,10-Q,2024-07-24
us-gaap,CashAndCashEquivalentsAtCarryingValue,USD,,2023-09-30,16286000000,10-K,2024-11-13
us-gaap,CashAndCashEquivalentsAtCarryingValue,USD,,2023-12-31,13591000000,10-Q,2024-01-26
us-gaap,CashAndCashEquivalentsAtCarryingValue,USD,,2024-03-31,12993000000,10-Q,2024-04-24
us-gaap,CashAndCashEquivalentsAtCarryingValue,USD,,2024-06-30,12947000000,10-Q,2024-07-24
us-gaap,CashAndCashEquivalentsAtCarryingValue,USD,,2024-09-30,11975000000,10-K,2024-11-13
us-gaap,CashAndCashEquivalentsAtCarryingValue,USD,,2024-09-30,11975000000,10-Q,2025-01-31
us-gaap,CashAndCashEquivalentsAtCarryingValue,USD,,2024-09-30,11975000000,10-Q,2025-04-30
us-gaap,CashAndCashEquivalentsAtCarryingValue,USD,,2024-09-30,11975000000,10-Q,2025-07-30
us-gaap,CashAndCashEquivalentsAtCarryingValue,USD,,2024-09-30,11975000000,10-K,2025-11-06
us-gaap,CashAndCashEquivalentsAtCarryingValue,USD,,2024-12-31,12367000000,10-Q,2025-01-31
us-gaap,CashAndCashEquivalentsAtCarryingValue,USD,,2025-03-31,11734000000,10-Q,2025-04-30
us-gaap,CashAndCashEquivalentsAtCarryingValue,USD,,2025-06-30,17092000000,10-Q,2025-07-30
us-gaap,CashAndCashEquivalentsAtCarryingValue,USD,,2025-09-30,17164000000,10-K,2025-11-06
us-gaap,CashAndCashEquivalentsAtCarryingValue,USD,,2025-09-30,17164000000,10-Q,2026-01-30
us-gaap,CashAndCashEquivalentsAtCarryingValue,USD,,2025-09-30,17164000000,10-Q,2026-04-29
us-gaap,CashAndCashEquivalentsAtCarryingValue,USD,,2025-12-31,14756000000,10-Q,2026-01-30
us-gaap,CashAndCashEquivalentsAtCarryingValue,USD,,2026-03-31,12404000000,10-Q,2026-04-29
us-gaap,CashAndCashEquivalentsPeriodIncreaseDecrease,USD,2006-10-01,2007-09-30,5000000,10-K,2009-11-20
us-gaap,CashAndCashEquivalentsPeriodIncreaseDecrease,USD,2007-10-01,2008-06-30,5487000000,10-Q,2009-07-30
us-gaap,CashAndCashEquivalentsPeriodIncreaseDecrease,USD,2007-10-01,2008-09-30,4704000000,10-K,2009-11-20
us-gaap,CashAndCashEquivalentsPeriodIncreaseDecrease,USD,2007-10-01,2008-09-30,4704000000,10-K,2010-11-19
us-gaap,CashAndCashEquivalentsPeriodIncreaseDecrease,USD,2008-10-01,2008-12-31,-2366000000,10-Q,2010-02-03
us-gaap,CashAndCashEquivalentsPeriodIncreaseDecrease,USD,2008-10-01,2009-03-31,-1616000000,10-Q,2010-05-03
us-gaap,CashAndCashEquivalentsPeriodIncreaseDecrease,USD,2008-10-01,2009-06-30,-779000000,10-Q,2009-07-30
us-gaap,CashAndCashEquivalentsPeriodIncreaseDecrease,USD,2008-10-01,2009-06-30,-779000000,10-Q,2010-08-02
us-gaap,CashAndCashEquivalentsPeriodIncreaseDecrease,USD,2008-10-01,2009-09-30,-362000000,10-K,2009-11-20
us-gaap,CashAndCashEquivalentsPeriodIncreaseDecrease,USD,2008-10-01,2009-09-30,-362000000,10-K,2010-11-19
us-gaap,CashAndCashEquivalentsPeriodIncreaseDecrease,USD,2008-10-01,2009-09-30,-362000000,10-K,2011-11-18
us-gaap,CashAndCashEquivalentsPeriodIncreaseDecrease,USD,2009-10-01,2009-12-31,-457000000,10-Q,2010-02-03
us-gaap,CashAndCashEquivalentsPeriodIncreaseDecrease,USD,2009-10-03,2009-12-31,-457000000,10-Q,2011-02-02
us-gaap,CashAndCashEquivalentsPeriodIncreaseDecrease,USD,2009-10-01,2010-03-31,-57000000,10-Q,2010-05-03
us-gaap,CashAndCashEquivalentsPeriodIncreaseDecrease,USD,2009-10-03,2010-03-31,-57000000,10-Q,2011-05-05
us-gaap,CashAndCashEquivalentsPeriodIncreaseDecrease,USD,2009-10-01,2010-06-30,588000000,10-Q,2010-08-02
us-gaap,CashAndCashEquivalentsPeriodIncreaseDecrease,USD,2009-10-03,2010-06-30,588000000,10-Q,2011-07-29
us-gaap,CashAndCashEquivalentsPeriodIncreaseDecrease,USD,2009-10-01,2010-09-30,-750000000,10-K,2010-11-19
us-gaap,CashAndCashEquivalentsPeriodIncreaseDecrease,USD,2009-10-01,2010-09-30,-750000000,10-K,2011-11-18
us-gaap,CashAndCashEquivalentsPeriodIncreaseDecrease,USD,2009-10-01,2010-09-30,-750000000,10-K,2012-11-16
us-gaap,CashAndCashEquivalentsPeriodIncreaseDecrease,USD,2010-10-01,2010-12-31,-183000000,10-Q,2011-02-02
us-gaap,CashAndCashEquivalentsPeriodIncreaseDecrease,USD,2010-10-01,2010-12-31,-183000000,10-Q,2012-02-08
us-gaap,CashAndCashEquivalentsPeriodIncreaseDecrease,USD,2010-10-01,2011-03-31,-355000000,10-Q,2011-05-05
us-gaap,CashAndCashEquivalentsPeriodIncreaseDecrease,USD,2010-10-01,2011-03-31,-355000000,10-Q,2012-05-02
us-gaap,CashAndCashEquivalentsPeriodIncreaseDecrease,USD,2010-10-01,2011-06-30,-267000000,10-Q,2011-07-29
us-gaap,CashAndCashEquivalentsPeriodIncreaseDecrease,USD,2010-10-01,2011-06-30,-267000000,10-Q,2012-07-27
us-gaap,CashAndCashEquivalentsPeriodIncreaseDecrease,USD,2010-10-01,2011-09-30,-1740000000,10-K,2011-11-18
us-gaap,CashAndCashEquivalentsPeriodIncreaseDecrease,USD,2010-10-01,2011-09-30,-1740000000,10-K,2012-11-16
us-gaap,CashAndCashEquivalentsPeriodIncreaseDecrease,USD,2010-10-01,2011-09-30,-1740000000,10-K,2013-11-22
us-gaap,CashAndCashEquivalentsPeriodIncreaseDecrease,USD,2011-10-01,2011-12-31,-185000000,10-Q,2012-02-08
us-gaap,CashAndCashEquivalentsPeriodIncreaseDecrease,USD,2011-10-01,2011-12-31,-185000000,10-Q,2013-02-06
us-gaap,CashAndCashEquivalentsPeriodIncreaseDecrease,USD,2011-10-01,2012-03-31,-85000000,10-Q,2012-05-02
us-gaap,CashAndCashEquivalentsPeriodIncreaseDecrease,USD,2011-10-01,2012-03-31,-85000000,10-Q,2013-05-01
us-gaap,CashAndCashEquivalentsPeriodIncreaseDecrease,USD,2011-10-01,2012-06-30,-569000000,10-Q,2012-07-27
us-gaap,CashAndCashEquivalentsPeriodIncreaseDecrease,USD,2011-10-01,2012-06-30,-569000000,10-Q,2013-07-24
us-gaap,CashAndCashEquivalentsPeriodIncreaseDecrease,USD,2011-10-01,2012-09-30,-53000000,10-K,2012-11-16
us-gaap,CashAndCashEquivalentsPeriodIncreaseDecrease,USD,2011-10-01,2012-09-30,-53000000,10-K,2013-11-22
us-gaap,CashAndCashEquivalentsPeriodIncreaseDecrease,USD,2011-10-01,2012-09-30,-53000000,10-K,2014-11-21
us-gaap,CashAndCashEquivalentsPeriodIncreaseDecrease,USD,2012-10-01,2012-12-31,-740000000,10-Q,2013-02-06
us-gaap,CashAndCashEquivalentsPeriodIncreaseDecrease,USD,2012-10-01,2012-12-31,-740000000,10-Q,2014-01-30
us-gaap,CashAndCashEquivalentsPeriodIncreaseDecrease,USD,2012-10-01,2013-03-31,-697000000,10-Q,2013-05-01
us-gaap,CashAndCashEquivalentsPeriodIncreaseDecrease,USD,2012-10-01,2013-03-31,-697000000,10-Q,2014-04-24
us-gaap,CashAndCashEquivalentsPeriodIncreaseDecrease,USD,2012-10-01,2013-06-30,-621000000,10-Q,2013-07-24
us-gaap,CashAndCashEquivalentsPeriodIncreaseDecrease,USD,2012-10-01,2013-06-30,-621000000,10-Q,2014-07-24
us-gaap,CashAndCashEquivalentsPeriodIncreaseDecrease,USD,2012-10-01,2013-09-30,112000000,10-K,2013-11-22
us-gaap,CashAndCashEquivalentsPeriodIncreaseDecrease,USD,2012-10-01,2013-09-30,112000000,10-K,2014-11-21
us-gaap,CashAndCashEquivalentsPeriodIncreaseDecrease,USD,2012-10-01,2013-09-30,112000000,10-K,2015-11-20
us-gaap,CashAndCashEquivalentsPeriodIncreaseDecrease,USD,2013-10-01,2013-12-31,-65000000,10-Q,2014-01-30
us-gaap,CashAndCashEquivalentsPeriodIncreaseDecrease,USD,2013-10-01,2013-12-31,-65000000,10-Q,2015-01-29
us-gaap,CashAndCashEquivalentsPeriodIncreaseDecrease,USD,2013-10-01,2014-03-31,-366000000,10-Q,2014-04-24
us-gaap,CashAndCashEquivalentsPeriodIncreaseDecrease,USD,2013-10-01,2014-03-31,-366000000,10-Q,2015-04-30
us-gaap,CashAndCashEquivalentsPeriodIncreaseDecrease,USD,2013-10-01,2014-06-30,-128000000,10-Q,2014-07-24
us-gaap,CashAndCashEquivalentsPeriodIncreaseDecrease,USD,2013-10-01,2014-06-30,-128000000,10-Q,2015-07-23
us-gaap,CashAndCashEquivalentsPeriodIncreaseDecrease,USD,2013-10-01,2014-09-30,-215000000,10-K,2014-11-21
us-gaap,CashAndCashEquivalentsPeriodIncreaseDecrease,USD,2013-10-01,2014-09-30,-215000000,10-K,2015-11-20
us-gaap,CashAndCashEquivalentsPeriodIncreaseDecrease,USD,2013-10-01,2014-09-30,-215000000,10-K,2016-11-15
us-gaap,CashAndCashEquivalentsPeriodIncreaseDecrease,USD,2014-10-01,2014-12-31,114000000,10-Q,2015-01-29
us-gaap,CashAndCashEquivalentsPeriodIncreaseDecrease,USD,2014-10-01,2014-12-31,114000000,10-Q,2016-01-28
us-gaap,CashAndCashEquivalentsPeriodIncreaseDecrease,USD,2014-10-01,2015-03-31,68000000,10-Q,2015-04-30
us-gaap,CashAndCashEquivalentsPeriodIncreaseDecrease,USD,2014-10-01,2015-03-31,68000000,10-Q,2016-04-25
us-gaap,CashAndCashEquivalentsPeriodIncreaseDecrease,USD,2014-10-01,2015-06-30,176000000,10-Q,2015-07-23
us-gaap,CashAndCashEquivalentsPeriodIncreaseDecrease,USD,2014-10-01,2015-06-30,176000000,10-Q,2016-07-25
us-gaap,CashAndCashEquivalentsPeriodIncreaseDecrease,USD,2014-10-01,2015-09-30,1547000000,10-K,2015-11-20
us-gaap,CashAndCashEquivalentsPeriodIncreaseDecrease,USD,2014-10-01,2015-09-30,1547000000,10-K,2016-11-15
us-gaap,CashAndCashEquivalentsPeriodIncreaseDecrease,USD,2014-10-01,2015-09-30,1547000000,10-K,2017-11-17
us-gaap,CashAndCashEquivalentsPeriodIncreaseDecrease,USD,2015-10-01,2015-12-31,9319000000,10-Q,2016-01-28
us-gaap,CashAndCashEquivalentsPeriodIncreaseDecrease,USD,2015-10-01,2015-12-31,9319000000,10-Q,2017-02-02
us-gaap,CashAndCashEquivalentsPeriodIncreaseDecrease,USD,2015-10-01,2016-03-31,12425000000,10-Q,2016-04-25
us-gaap,CashAndCashEquivalentsPeriodIncreaseDecrease,USD,2015-10-01,2016-03-31,12425000000,10-Q,2017-04-21
us-gaap,CashAndCashEquivalentsPeriodIncreaseDecrease,USD,2015-10-01,2016-06-30,2369000000,10-Q,2016-07-25
us-gaap,CashAndCashEquivalentsPeriodIncreaseDecrease,USD,2015-10-01,2016-06-30,2369000000,10-Q,2017-07-20
us-gaap,CashAndCashEquivalentsPeriodIncreaseDecrease,USD,2015-10-01,2016-09-30,2101000000,10-K,2016-11-15
us-gaap,CashAndCashEquivalentsPeriodIncreaseDecrease,USD,2015-10-01,2016-09-30,2101000000,10-K,2017-11-17
us-gaap,CashAndCashEquivalentsPeriodIncreaseDecrease,USD,2015-10-01,2016-09-30,2101000000,10-K,2018-11-16
us-gaap,CashAndCashEquivalentsPeriodIncreaseDecrease,USD,2016-10-01,2016-12-31,205000000,10-Q,2017-02-02
us-gaap,CashAndCashEquivalentsPeriodIncreaseDecrease,USD,2016-10-01,2016-12-31,205000000,10-Q,2018-02-01
us-gaap,CashAndCashEquivalentsPeriodIncreaseDecrease,USD,2016-10-01,2017-03-31,808000000,10-Q,2017-04-21
us-gaap,CashAndCashEquivalentsPeriodIncreaseDecrease,USD,2016-10-01,2017-03-31,808000000,10-Q,2018-04-27
us-gaap,CashAndCashEquivalentsPeriodIncreaseDecrease,USD,2016-10-01,2017-06-30,1818000000,10-Q,2017-07-20
us-gaap,CashAndCashEquivalentsPeriodIncreaseDecrease,USD,2016-10-01,2017-06-30,1818000000,10-Q,2018-07-27
us-gaap,CashAndCashEquivalentsPeriodIncreaseDecrease,USD,2016-10-01,2017-09-30,4255000000,10-K,2017-11-17
us-gaap,CashAndCashEquivalentsPeriodIncreaseDecrease,USD,2016-10-01,2017-09-30,4255000000,10-K,2018-11-16
us-gaap,CashAndCashEquivalentsPeriodIncreaseDecrease,USD,2017-10-01,2017-12-31,-1736000000,10-Q,2018-02-01
us-gaap,CashAndCashEquivalentsPeriodIncreaseDecrease,USD,2017-10-01,2018-03-31,-1732000000,10-Q,2018-04-27
us-gaap,CashAndCashEquivalentsPeriodIncreaseDecrease,USD,2017-10-01,2018-06-30,-1369000000,10-Q,2018-07-27
us-gaap,CashAndCashEquivalentsPeriodIncreaseDecrease,USD,2017-10-01,2018-09-30,-1712000000,10-K,2018-11-16
us-gaap,CashCashEquivalentsRestrictedCashAndRestrictedCashEquivalents,USD,,2016-09-30,7647000000,10-K,2019-11-14
us-gaap,CashCashEquivalentsRestrictedCashAndRestrictedCashEquivalents,USD,,2017-09-30,12011000000,10-Q,2019-01-31
us-gaap,CashCashEquivalentsRestrictedCashAndRestrictedCashEquivalents,USD,,2017-09-30,12011000000,10-Q,2019-04-26
us-gaap,CashCashEquivalentsRestrictedCashAndRestrictedCashEquivalents,USD,,2017-09-30,12011000000,10-Q,2019-07-26
us-gaap,CashCashEquivalentsRestrictedCashAndRestrictedCashEquivalents,USD,,2017-09-30,12011000000,10-K,2019-11-14
us-gaap,CashCashEquivalentsRestrictedCashAndRestrictedCashEquivalents,USD,,2017-09-30,12011000000,10-K,2020-11-19
us-gaap,CashCashEquivalentsRestrictedCashAndRestrictedCashEquivalents,USD,,2017-12-31,10176000000,10-Q,2019-01-31
us-gaap,CashCashEquivalentsRestrictedCashAndRestrictedCashEquivalents,USD,,2018-03-31,10276000000,10-Q,2019-04-26
us-gaap,CashCashEquivalentsRestrictedCashAndRestrictedCashEquivalents,USD,,2018-06-30,11338000000,10-Q,2019-07-26
us-gaap,CashCashEquivalentsRestrictedCashAndRestrictedCashEquivalents,USD,,2018-09-30,10977000000,10-Q,2019-01-31
us-gaap,CashCashEquivalentsRestrictedCashAndRestrictedCashEquivalents,USD,,2018-09-30,10977000000,10-Q,2019-04-26
us-gaap,CashCashEquivalentsRestrictedCashAndRestrictedCashEquivalents,USD,,2018-09-30,10977000000,10-Q,2019-07-26
us-gaap,CashCashEquivalentsRestrictedCashAndRestrictedCashEquivalents,USD,,2018-09-30,10977000000,10-K,2019-11-14
us-gaap,CashCashEquivalentsRestrictedCashAndRestrictedCashEquivalents,USD,,2018-09-30,10977000000,10-Q,2020-01-31
us-gaap,CashCashEquivalentsRestrictedCashAndRestrictedCashEquivalents,USD,,2018-09-30,10977000000,10-Q,2020-05-04
us-gaap,CashCashEquivalentsRestrictedCashAndRestrictedCashEquivalents,USD,,2018-09-30,10977000000,10-Q,2020-07-31
us-gaap,CashCashEquivalentsRestrictedCashAndRestrictedCashEquivalents,USD,,2018-09-30,10977000000,10-K,2020-11-19
us-gaap,CashCashEquivalentsRestrictedCashAndRestrictedCashEquivalents,USD,,2018-09-30,10977000000,10-K,2021-11-18
us-gaap,CashCashEquivalentsRestrictedCashAndRestrictedCashEquivalents,USD,,2018-12-31,11115000000,10-Q,2019-01-31
us-gaap,CashCashEquivalentsRestrictedCashAndRestrictedCashEquivalents,USD,,2018-12-31,11115000000,10-Q,2020-01-31
us-gaap,CashCashEquivalentsRestrictedCashAndRestrictedCashEquivalents,USD,,2019-03-31,10282000000,10-Q,2019-04-26
us-gaap,CashCashEquivalentsRestrictedCashAndRestrictedCashEquivalents,USD,,2019-03-31,10282000000,10-Q,2020-05-04
us-gaap,CashCashEquivalentsRestrictedCashAndRestrictedCashEquivalents,USD,,2019-06-30,10669000000,10-Q,2019-07-26
us-gaap,CashCashEquivalentsRestrictedCashAndRestrictedCashEquivalents,USD,,2019-06-30,10669000000,10-Q,2020-07-31
us-gaap,CashCashEquivalentsRestrictedCashAndRestrictedCashEquivalents,USD,,2019-09-30,10832000000,10-K,2019-11-14
us-gaap,CashCashEquivalentsRestrictedCashAndRestrictedCashEquivalents,USD,,2019-09-30,10832000000,10-Q,2020-01-31
us-gaap,CashCashEquivalentsRestrictedCashAndRestrictedCashEquivalents,USD,,2019-09-30,10832000000,10-Q,2020-05-04
us-gaap,CashCashEquivalentsRestrictedCashAndRestrictedCashEquivalents,USD,,2019-09-30,10832000000,10-Q,2020-07-31
us-gaap,CashCashEquivalentsRestrictedCashAndRestrictedCashEquivalents,USD,,2019-09-30,10832000000,10-K,2020-11-19
us-gaap,CashCashEquivalentsRestrictedCashAndRestrictedCashEquivalents,USD,,2019-09-30,10832000000,10-Q,2021-01-29
us-gaap,CashCashEquivalentsRestrictedCashAndRestrictedCashEquivalents,USD,,2019-09-30,10832000000,10-Q,2021-04-29
us-gaap,CashCashEquivalentsRestrictedCashAndRestrictedCashEquivalents,USD,,2019-09-30,10832000000,10-Q,2021-07-29
us-gaap,CashCashEquivalentsRestrictedCashAndRestrictedCashEquivalents,USD,,2019-09-30,10832000000,10-K,2021-11-18
us-gaap,CashCashEquivalentsRestrictedCashAndRestrictedCashEquivalents,USD,,2019-09-30,10832000000,10-K,2022-11-16
us-gaap,CashCashEquivalentsRestrictedCashAndRestrictedCashEquivalents,USD,,2019-12-31,12263000000,10-Q,2020-01-31
us-gaap,CashCashEquivalentsRestrictedCashAndRestrictedCashEquivalents,USD,,2019-12-31,12263000000,10-Q,2021-01-29
us-gaap,CashCashEquivalentsRestrictedCashAndRestrictedCashEquivalents,USD,,2020-03-31,12816000000,10-Q,2020-05-04
us-gaap,CashCashEquivalentsRestrictedCashAndRestrictedCashEquivalents,USD,,2020-03-31,12816000000,10-Q,2021-04-29
us-gaap,CashCashEquivalentsRestrictedCashAndRestrictedCashEquivalents,USD,,2020-06-30,16934000000,10-Q,2020-07-31
us-gaap,CashCashEquivalentsRestrictedCashAndRestrictedCashEquivalents,USD,,2020-06-30,16934000000,10-Q,2021-07-29
us-gaap,CashCashEquivalentsRestrictedCashAndRestrictedCashEquivalents,USD,,2020-09-30,19171000000,10-K,2020-11-19
us-gaap,CashCashEquivalentsRestrictedCashAndRestrictedCashEquivalents,USD,,2020-09-30,19171000000,10-Q,2021-01-29
us-gaap,CashCashEquivalentsRestrictedCashAndRestrictedCashEquivalents,USD,,2020-09-30,19171000000,10-Q,2021-04-29
us-gaap,CashCashEquivalentsRestrictedCashAndRestrictedCashEquivalents,USD,,2020-09-30,19171000000,10-Q,2021-07-29
us-gaap,CashCashEquivalentsRestrictedCashAndRestrictedCashEquivalents,USD,,2020-09-30,19171000000,10-K,2021-11-18
us-gaap,CashCashEquivalentsRestrictedCashAndRestrictedCashEquivalents,USD,,2020-09-30,19171000000,10-Q,2022-01-28
us-gaap,CashCashEquivalentsRestrictedCashAndRestrictedCashEquivalents,USD,,2020-09-30,19171000000,10-Q,2022-04-28
us-gaap,CashCashEquivalentsRestrictedCashAndRestrictedCashEquivalents,USD,,2020-09-30,19171000000,10-Q,2022-07-28
us-gaap,CashCashEquivalentsRestrictedCashAndRestrictedCashEquivalents,USD,,2020-09-30,19171000000,10-K,2022-11-16
us-gaap,CashCashEquivalentsRestrictedCashAndRestrictedCashEquivalents,USD,,2020-09-30,19171000000,10-K,2023-11-15
us-gaap,CashCashEquivalentsRestrictedCashAndRestrictedCashEquivalents,USD,,2020-12-31,18055000000,10-Q,2021-01-29
us-gaap,CashCashEquivalentsRestrictedCashAndRestrictedCashEquivalents,USD,,2020-12-31,18055000000,10-Q,2022-01-28
us-gaap,CashCashEquivalentsRestrictedCashAndRestrictedCashEquivalents,USD,,2021-03-31,19558000000,10-Q,2021-04-29
us-gaap,CashCashEquivalentsRestrictedCashAndRestrictedCashEquivalents,USD,,2021-03-31,19558000000,10-Q,2022-04-28
us-gaap,CashCashEquivalentsRestrictedCashAndRestrictedCashEquivalents,USD,,2021-06-30,21274000000,10-Q,2021-07-29
us-gaap,CashCashEquivalentsRestrictedCashAndRestrictedCashEquivalents,USD,,2021-06-30,21274000000,10-Q,2022-07-28
us-gaap,CashCashEquivalentsRestrictedCashAndRestrictedCashEquivalents,USD,,2021-09-30,19799000000,10-K,2021-11-18
us-gaap,CashCashEquivalentsRestrictedCashAndRestrictedCashEquivalents,USD,,2021-09-30,19799000000,10-Q,2022-01-28
us-gaap,CashCashEquivalentsRestrictedCashAndRestrictedCashEquivalents,USD,,2021-09-30,19799000000,10-Q,2022-04-28
us-gaap,CashCashEquivalentsRestrictedCashAndRestrictedCashEquivalents,USD,,2021-09-30,19799000000,10-Q,2022-07-28
us-gaap,CashCashEquivalentsRestrictedCashAndRestrictedCashEquivalents,USD,,2021-09-30,19799000000,10-K,2022-11-16
us-gaap,CashCashEquivalentsRestrictedCashAndRestrictedCashEquivalents,USD,,2021-09-30,19799000000,10-Q,2023-01-27
us-gaap,CashCashEquivalentsRestrictedCashAndRestrictedCashEquivalents,USD,,2021-09-30,19799000000,10-Q,2023-04-27
us-gaap,CashCashEquivalentsRestrictedCashAndRestrictedCashEquivalents,USD,,2021-09-30,19799000000,10-Q,2023-07-26
us-gaap,CashCashEquivalentsRestrictedCashAndRestrictedCashEquivalents,USD,,2021-09-30,19799000000,10-K,2023-11-15
us-gaap,CashCashEquivalentsRestrictedCashAndRestrictedCashEquivalents,USD,,2021-09-30,19799000000,10-K,2024-11-13
us-gaap,CashCashEquivalentsRestrictedCashAndRestrictedCashEquivalents,USD,,2021-12-31,18323000000,10-Q,2022-01-28
us-gaap,CashCashEquivalentsRestrictedCashAndRestrictedCashEquivalents,USD,,2021-12-31,18323000000,10-Q,2023-01-27
us-gaap,CashCashEquivalentsRestrictedCashAndRestrictedCashEquivalents,USD,,2022-03-31,16516000000,10-Q,2022-04-28
us-gaap,CashCashEquivalentsRestrictedCashAndRestrictedCashEquivalents,USD,,2022-03-31,16516000000,10-Q,2023-04-27
us-gaap,CashCashEquivalentsRestrictedCashAndRestrictedCashEquivalents,USD,,2022-06-30,18996000000,10-Q,2022-07-28
us-gaap,CashCashEquivalentsRestrictedCashAndRestrictedCashEquivalents,USD,,2022-06-30,18996000000,10-Q,2023-07-26
us-gaap,CashCashEquivalentsRestrictedCashAndRestrictedCashEquivalents,USD,,2022-09-30,20377000000,10-K,2022-11-16
us-gaap,CashCashEquivalentsRestrictedCashAndRestrictedCashEquivalents,USD,,2022-09-30,20377000000,10-Q,2023-01-27
us-gaap,CashCashEquivalentsRestrictedCashAndRestrictedCashEquivalents,USD,,2022-09-30,20377000000,10-Q,2023-04-27
us-gaap,CashCashEquivalentsRestrictedCashAndRestrictedCashEquivalents,USD,,2022-09-30,20377000000,10-Q,2023-07-26
us-gaap,CashCashEquivalentsRestrictedCashAndRestrictedCashEquivalents,USD,,2022-09-30,20377000000,10-K,2023-11-15
us-gaap,CashCashEquivalentsRestrictedCashAndRestrictedCashEquivalents,USD,,2022-09-30,20377000000,10-Q,2024-01-26
us-gaap,CashCashEquivalentsRestrictedCashAndRestrictedCashEquivalents,USD,,2022-09-30,20377000000,10-Q,2024-04-24
us-gaap,CashCashEquivalentsRestrictedCashAndRestrictedCashEquivalents,USD,,2022-09-30,20377000000,10-Q,2024-07-24
us-gaap,CashCashEquivalentsRestrictedCashAndRestrictedCashEquivalents,USD,,2022-09-30,20377000000,10-K,2024-11-13
us-gaap,CashCashEquivalentsRestrictedCashAndRestrictedCashEquivalents,USD,,2022-09-30,20377000000,10-K,2025-11-06
us-gaap,CashCashEquivalentsRestrictedCashAndRestrictedCashEquivalents,USD,,2022-12-31,18383000000,10-Q,2023-01-27
us-gaap,CashCashEquivalentsRestrictedCashAndRestrictedCashEquivalents,USD,,2022-12-31,18383000000,10-Q,2024-01-26
us-gaap,CashCashEquivalentsRestrictedCashAndRestrictedCashEquivalents,USD,,2023-03-31,19128000000,10-Q,2023-04-27
us-gaap,CashCashEquivalentsRestrictedCashAndRestrictedCashEquivalents,USD,,2023-03-31,19128000000,10-Q,2024-04-24
us-gaap,CashCashEquivalentsRestrictedCashAndRestrictedCashEquivalents,USD,,2023-06-30,21039000000,10-Q,2023-07-26
us-gaap,CashCashEquivalentsRestrictedCashAndRestrictedCashEquivalents,USD,,2023-06-30,21039000000,10-Q,2024-07-24
us-gaap,CashCashEquivalentsRestrictedCashAndRestrictedCashEquivalents,USD,,2023-09-30,21990000000,10-K,2023-11-15
us-gaap,CashCashEquivalentsRestrictedCashAndRestrictedCashEquivalents,USD,,2023-09-30,21990000000,10-Q,2024-01-26
us-gaap,CashCashEquivalentsRestrictedCashAndRestrictedCashEquivalents,USD,,2023-09-30,21990000000,10-Q,2024-04-24
us-gaap,CashCashEquivalentsRestrictedCashAndRestrictedCashEquivalents,USD,,2023-09-30,21990000000,10-Q,2024-07-24
us-gaap,CashCashEquivalentsRestrictedCashAndRestrictedCashEquivalents,USD,,2023-09-30,21990000000,10-K,2024-11-13
us-gaap,CashCashEquivalentsRestrictedCashAndRestrictedCashEquivalents,USD,,2023-09-30,21990000000,10-Q,2025-01-31
us-gaap,CashCashEquivalentsRestrictedCashAndRestrictedCashEquivalents,USD,,2023-09-30,21990000000,10-Q,2025-04-30
us-gaap,CashCashEquivalentsRestrictedCashAndRestrictedCashEquivalents,USD,,2023-09-30,21990000000,10-Q,2025-07-30
us-gaap,CashCashEquivalentsRestrictedCashAndRestrictedCashEquivalents,USD,,2023-09-30,21990000000,10-K,2025-11-06
us-gaap,CashCashEquivalentsRestrictedCashAndRestrictedCashEquivalents,USD,,2023-12-31,19636000000,10-Q,2024-01-26
us-gaap,CashCashEquivalentsRestrictedCashAndRestrictedCashEquivalents,USD,,2023-12-31,19636000000,10-Q,2025-01-31
us-gaap,CashCashEquivalentsRestrictedCashAndRestrictedCashEquivalents,USD,,2024-03-31,18948000000,10-Q,2024-04-24
us-gaap,CashCashEquivalentsRestrictedCashAndRestrictedCashEquivalents,USD,,2024-03-31,18948000000,10-Q,2025-04-30
us-gaap,CashCashEquivalentsRestrictedCashAndRestrictedCashEquivalents,USD,,2024-06-30,19276000000,10-Q,2024-07-24
us-gaap,CashCashEquivalentsRestrictedCashAndRestrictedCashEquivalents,USD,,2024-06-30,19276000000,10-Q,2025-07-30
us-gaap,CashCashEquivalentsRestrictedCashAndRestrictedCashEquivalents,USD,,2024-09-30,19763000000,10-K,2024-11-13
us-gaap,CashCashEquivalentsRestrictedCashAndRestrictedCashEquivalents,USD,,2024-09-30,19763000000,10-Q,2025-01-31
us-gaap,CashCashEquivalentsRestrictedCashAndRestrictedCashEquivalents,USD,,2024-09-30,19763000000,10-Q,2025-04-30
us-gaap,CashCashEquivalentsRestrictedCashAndRestrictedCashEquivalents,USD,,2024-09-30,19763000000,10-Q,2025-07-30
us-gaap,CashCashEquivalentsRestrictedCashAndRestrictedCashEquivalents,USD,,2024-09-30,19763000000,10-K,2025-11-06
us-gaap,CashCashEquivalentsRestrictedCashAndRestrictedCashEquivalents,USD,,2024-09-30,19763000000,10-Q,2026-01-30
us-gaap,CashCashEquivalentsRestrictedCashAndRestrictedCashEquivalents,USD,,2024-09-30,19763000000,10-Q,2026-04-29
us-gaap,CashCashEquivalentsRestrictedCashAndRestrictedCashEquivalents,USD,,2024-12-31,19966000000,10-Q,2025-01-31
us-gaap,CashCashEquivalentsRestrictedCashAndRestrictedCashEquivalents,USD,,2024-12-31,19966000000,10-Q,2026-01-30
us-gaap,CashCashEquivalentsRestrictedCashAndRestrictedCashEquivalents,USD,,2025-03-31,19136000000,10-Q,2025-04-30
us-gaap,CashCashEquivalentsRestrictedCashAndRestrictedCashEquivalents,USD,,2025-03-31,19136000000,10-Q,2026-04-29
us-gaap,CashCashEquivalentsRestrictedCashAndRestrictedCashEquivalents,USD,,2025-06-30,24441000000,10-Q,2025-07-30
us-gaap,CashCashEquivalentsRestrictedCashAndRestrictedCashEquivalents,USD,,2025-09-30,24987000000,10-K,2025-11-06
us-gaap,CashCashEquivalentsRestrictedCashAndRestrictedCashEquivalents,USD,,2025-09-30,24987000000,10-Q,2026-01-30
us-gaap,CashCashEquivalentsRestrictedCashAndRestrictedCashEquivalents,USD,,2025-09-30,24987000000,10-Q,2026-04-29
us-gaap,CashCashEquivalentsRestrictedCashAndRestrictedCashEquivalents,USD,,2025-12-31,23176000000,10-Q,2026-01-30
us-gaap,CashCashEquivalentsRestrictedCashAndRestrictedCashEquivalents,USD,,2026-03-31,18706000000,10-Q,2026-04-29
us-gaap,CashCashEquivalentsRestrictedCashAndRestrictedCashEquivalentsPeriodIncreaseDecreaseIncludingExchangeRateEffect,USD,2016-10-01,2017-09-30,4364000000,10-K,2019-11-14
us-gaap,CashCashEquivalentsRestrictedCashAndRestrictedCashEquivalentsPeriodIncreaseDecreaseIncludingExchangeRateEffect,USD,2017-10-01,2017-12-31,-1835000000,10-Q,2019-01-31
us-gaap,CashCashEquivalentsRestrictedCashAndRestrictedCashEquivalentsPeriodIncreaseDecreaseIncludingExchangeRateEffect,USD,2017-10-01,2018-03-31,-1735000000,10-Q,2019-04-26
us-gaap,CashCashEquivalentsRestrictedCashAndRestrictedCashEquivalentsPeriodIncreaseDecreaseIncludingExchangeRateEffect,USD,2017-10-01,2018-06-30,-673000000,10-Q,2019-07-26
us-gaap,CashCashEquivalentsRestrictedCashAndRestrictedCashEquivalentsPeriodIncreaseDecreaseIncludingExchangeRateEffect,USD,2017-10-01,2018-09-30,-1034000000,10-K,2019-11-14
us-gaap,CashCashEquivalentsRestrictedCashAndRestrictedCashEquivalentsPeriodIncreaseDecreaseIncludingExchangeRateEffect,USD,2017-10-01,2018-09-30,-1034000000,10-K,2020-11-19
us-gaap,CashCashEquivalentsRestrictedCashAndRestrictedCashEquivalentsPeriodIncreaseDecreaseIncludingExchangeRateEffect,USD,2018-10-01,2018-12-31,138000000,10-Q,2019-01-31
us-gaap,CashCashEquivalentsRestrictedCashAndRestrictedCashEquivalentsPeriodIncreaseDecreaseIncludingExchangeRateEffect,USD,2018-10-01,2018-12-31,138000000,10-Q,2020-01-31
us-gaap,CashCashEquivalentsRestrictedCashAndRestrictedCashEquivalentsPeriodIncreaseDecreaseIncludingExchangeRateEffect,USD,2018-10-01,2019-03-31,-695000000,10-Q,2019-04-26
us-gaap,CashCashEquivalentsRestrictedCashAndRestrictedCashEquivalentsPeriodIncreaseDecreaseIncludingExchangeRateEffect,USD,2018-10-01,2019-03-31,-695000000,10-Q,2020-05-04
us-gaap,CashCashEquivalentsRestrictedCashAndRestrictedCashEquivalentsPeriodIncreaseDecreaseIncludingExchangeRateEffect,USD,2018-10-01,2019-06-30,-308000000,10-Q,2019-07-26
us-gaap,CashCashEquivalentsRestrictedCashAndRestrictedCashEquivalentsPeriodIncreaseDecreaseIncludingExchangeRateEffect,USD,2018-10-01,2019-06-30,-308000000,10-Q,2020-07-31
us-gaap,CashCashEquivalentsRestrictedCashAndRestrictedCashEquivalentsPeriodIncreaseDecreaseIncludingExchangeRateEffect,USD,2018-10-01,2019-09-30,-145000000,10-K,2019-11-14
us-gaap,CashCashEquivalentsRestrictedCashAndRestrictedCashEquivalentsPeriodIncreaseDecreaseIncludingExchangeRateEffect,USD,2018-10-01,2019-09-30,-145000000,10-K,2020-11-19
us-gaap,CashCashEquivalentsRestrictedCashAndRestrictedCashEquivalentsPeriodIncreaseDecreaseIncludingExchangeRateEffect,USD,2018-10-01,2019-09-30,-145000000,10-K,2021-11-18
us-gaap,CashCashEquivalentsRestrictedCashAndRestrictedCashEquivalentsPeriodIncreaseDecreaseIncludingExchangeRateEffect,USD,2019-10-01,2019-12-31,1431000000,10-Q,2020-01-31
us-gaap,CashCashEquivalentsRestrictedCashAndRestrictedCashEquivalentsPeriodIncreaseDecreaseIncludingExchangeRateEffect,USD,2019-10-01,2019-12-31,1431000000,10-Q,2021-01-29
us-gaap,CashCashEquivalentsRestrictedCashAndRestrictedCashEquivalentsPeriodIncreaseDecreaseIncludingExchangeRateEffect,USD,2019-10-01,2020-03-31,1984000000,10-Q,2020-05-04
us-gaap,CashCashEquivalentsRestrictedCashAndRestrictedCashEquivalentsPeriodIncreaseDecreaseIncludingExchangeRateEffect,USD,2019-10-01,2020-03-31,1984000000,10-Q,2021-04-29
us-gaap,CashCashEquivalentsRestrictedCashAndRestrictedCashEquivalentsPeriodIncreaseDecreaseIncludingExchangeRateEffect,USD,2019-10-01,2020-06-30,6102000000,10-Q,2020-07-31
us-gaap,CashCashEquivalentsRestrictedCashAndRestrictedCashEquivalentsPeriodIncreaseDecreaseIncludingExchangeRateEffect,USD,2019-10-01,2020-06-30,6102000000,10-Q,2021-07-29
us-gaap,CashCashEquivalentsRestrictedCashAndRestrictedCashEquivalentsPeriodIncreaseDecreaseIncludingExchangeRateEffect,USD,2019-10-01,2020-09-30,8339000000,10-K,2020-11-19
us-gaap,CashCashEquivalentsRestrictedCashAndRestrictedCashEquivalentsPeriodIncreaseDecreaseIncludingExchangeRateEffect,USD,2019-10-01,2020-09-30,8339000000,10-K,2021-11-18
us-gaap,CashCashEquivalentsRestrictedCashAndRestrictedCashEquivalentsPeriodIncreaseDecreaseIncludingExchangeRateEffect,USD,2019-10-01,2020-09-30,8339000000,10-K,2022-11-16
us-gaap,CashCashEquivalentsRestrictedCashAndRestrictedCashEquivalentsPeriodIncreaseDecreaseIncludingExchangeRateEffect,USD,2020-10-01,2020-12-31,-1116000000,10-Q,2021-01-29
us-gaap,CashCashEquivalentsRestrictedCashAndRestrictedCashEquivalentsPeriodIncreaseDecreaseIncludingExchangeRateEffect,USD,2020-10-01,2020-12-31,-1116000000,10-Q,2022-01-28
us-gaap,CashCashEquivalentsRestrictedCashAndRestrictedCashEquivalentsPeriodIncreaseDecreaseIncludingExchangeRateEffect,USD,2020-10-01,2021-03-31,387000000,10-Q,2021-04-29
us-gaap,CashCashEquivalentsRestrictedCashAndRestrictedCashEquivalentsPeriodIncreaseDecreaseIncludingExchangeRateEffect,USD,2020-10-01,2021-03-31,387000000,10-Q,2022-04-28
us-gaap,CashCashEquivalentsRestrictedCashAndRestrictedCashEquivalentsPeriodIncreaseDecreaseIncludingExchangeRateEffect,USD,2020-10-01,2021-06-30,2103000000,10-Q,2021-07-29
us-gaap,CashCashEquivalentsRestrictedCashAndRestrictedCashEquivalentsPeriodIncreaseDecreaseIncludingExchangeRateEffect,USD,2020-10-01,2021-06-30,2103000000,10-Q,2022-07-28
us-gaap,CashCashEquivalentsRestrictedCashAndRestrictedCashEquivalentsPeriodIncreaseDecreaseIncludingExchangeRateEffect,USD,2020-10-01,2021-09-30,628000000,10-K,2021-11-18
us-gaap,CashCashEquivalentsRestrictedCashAndRestrictedCashEquivalentsPeriodIncreaseDecreaseIncludingExchangeRateEffect,USD,2020-10-01,2021-09-30,628000000,10-K,2022-11-16
us-gaap,CashCashEquivalentsRestrictedCashAndRestrictedCashEquivalentsPeriodIncreaseDecreaseIncludingExchangeRateEffect,USD,2020-10-01,2021-09-30,628000000,10-K,2023-11-15
us-gaap,CashCashEquivalentsRestrictedCashAndRestrictedCashEquivalentsPeriodIncreaseDecreaseIncludingExchangeRateEffect,USD,2021-10-01,2021-12-31,-1476000000,10-Q,2022-01-28
us-gaap,CashCashEquivalentsRestrictedCashAndRestrictedCashEquivalentsPeriodIncreaseDecreaseIncludingExchangeRateEffect,USD,2021-10-01,2021-12-31,-1476000000,10-Q,2023-01-27
us-gaap,CashCashEquivalentsRestrictedCashAndRestrictedCashEquivalentsPeriodIncreaseDecreaseIncludingExchangeRateEffect,USD,2021-10-01,2022-03-31,-3283000000,10-Q,2022-04-28
us-gaap,CashCashEquivalentsRestrictedCashAndRestrictedCashEquivalentsPeriodIncreaseDecreaseIncludingExchangeRateEffect,USD,2021-10-01,2022-03-31,-3283000000,10-Q,2023-04-27
us-gaap,CashCashEquivalentsRestrictedCashAndRestrictedCashEquivalentsPeriodIncreaseDecreaseIncludingExchangeRateEffect,USD,2021-10-01,2022-06-30,-803000000,10-Q,2022-07-28
us-gaap,CashCashEquivalentsRestrictedCashAndRestrictedCashEquivalentsPeriodIncreaseDecreaseIncludingExchangeRateEffect,USD,2021-10-01,2022-06-30,-803000000,10-Q,2023-07-26
us-gaap,CashCashEquivalentsRestrictedCashAndRestrictedCashEquivalentsPeriodIncreaseDecreaseIncludingExchangeRateEffect,USD,2021-10-01,2022-09-30,578000000,10-K,2022-11-16
us-gaap,CashCashEquivalentsRestrictedCashAndRestrictedCashEquivalentsPeriodIncreaseDecreaseIncludingExchangeRateEffect,USD,2021-10-01,2022-09-30,578000000,10-K,2023-11-15
us-gaap,CashCashEquivalentsRestrictedCashAndRestrictedCashEquivalentsPeriodIncreaseDecreaseIncludingExchangeRateEffect,USD,2021-10-01,2022-09-30,578000000,10-K,2024-11-13
us-gaap,CashCashEquivalentsRestrictedCashAndRestrictedCashEquivalentsPeriodIncreaseDecreaseIncludingExchangeRateEffect,USD,2022-10-01,2022-12-31,-1994000000,10-Q,2023-01-27
us-gaap,CashCashEquivalentsRestrictedCashAndRestrictedCashEquivalentsPeriodIncreaseDecreaseIncludingExchangeRateEffect,USD,2022-10-01,2022-12-31,-1994000000,10-Q,2024-01-26
us-gaap,CashCashEquivalentsRestrictedCashAndRestrictedCashEquivalentsPeriodIncreaseDecreaseIncludingExchangeRateEffect,USD,2022-10-01,2023-03-31,-1249000000,10-Q,2023-04-27
us-gaap,CashCashEquivalentsRestrictedCashAndRestrictedCashEquivalentsPeriodIncreaseDecreaseIncludingExchangeRateEffect,USD,2022-10-01,2023-03-31,-1249000000,10-Q,2024-04-24
us-gaap,CashCashEquivalentsRestrictedCashAndRestrictedCashEquivalentsPeriodIncreaseDecreaseIncludingExchangeRateEffect,USD,2022-10-01,2023-06-30,662000000,10-Q,2023-07-26
us-gaap,CashCashEquivalentsRestrictedCashAndRestrictedCashEquivalentsPeriodIncreaseDecreaseIncludingExchangeRateEffect,USD,2022-10-01,2023-06-30,662000000,10-Q,2024-07-24
us-gaap,CashCashEquivalentsRestrictedCashAndRestrictedCashEquivalentsPeriodIncreaseDecreaseIncludingExchangeRateEffect,USD,2022-10-01,2023-09-30,1613000000,10-K,2023-11-15
us-gaap,CashCashEquivalentsRestrictedCashAndRestrictedCashEquivalentsPeriodIncreaseDecreaseIncludingExchangeRateEffect,USD,2022-10-01,2023-09-30,1613000000,10-K,2024-11-13
us-gaap,CashCashEquivalentsRestrictedCashAndRestrictedCashEquivalentsPeriodIncreaseDecreaseIncludingExchangeRateEffect,USD,2022-10-01,2023-09-30,1613000000,10-K,2025-11-06
us-gaap,CashCashEquivalentsRestrictedCashAndRestrictedCashEquivalentsPeriodIncreaseDecreaseIncludingExchangeRateEffect,USD,2023-10-01,2023-12-31,-2354000000,10-Q,2024-01-26
us-gaap,CashCashEquivalentsRestrictedCashAndRestrictedCashEquivalentsPeriodIncreaseDecreaseIncludingExchangeRateEffect,USD,2023-10-01,2023-12-31,-2354000000,10-Q,2025-01-31
us-gaap,CashCashEquivalentsRestrictedCashAndRestrictedCashEquivalentsPeriodIncreaseDecreaseIncludingExchangeRateEffect,USD,2023-10-01,2024-03-31,-3042000000,10-Q,2024-04-24
us-gaap,CashCashEquivalentsRestrictedCashAndRestrictedCashEquivalentsPeriodIncreaseDecreaseIncludingExchangeRateEffect,USD,2023-10-01,2024-03-31,-3042000000,10-Q,2025-04-30
us-gaap,CashCashEquivalentsRestrictedCashAndRestrictedCashEquivalentsPeriodIncreaseDecreaseIncludingExchangeRateEffect,USD,2023-10-01,2024-06-30,-2714000000,10-Q,2024-07-24
us-gaap,CashCashEquivalentsRestrictedCashAndRestrictedCashEquivalentsPeriodIncreaseDecreaseIncludingExchangeRateEffect,USD,2023-10-01,2024-06-30,-2714000000,10-Q,2025-07-30
us-gaap,CashCashEquivalentsRestrictedCashAndRestrictedCashEquivalentsPeriodIncreaseDecreaseIncludingExchangeRateEffect,USD,2023-10-01,2024-09-30,-2227000000,10-K,2024-11-13
us-gaap,CashCashEquivalentsRestrictedCashAndRestrictedCashEquivalentsPeriodIncreaseDecreaseIncludingExchangeRateEffect,USD,2023-10-01,2024-09-30,-2227000000,10-K,2025-11-06
us-gaap,CashCashEquivalentsRestrictedCashAndRestrictedCashEquivalentsPeriodIncreaseDecreaseIncludingExchangeRateEffect,USD,2024-10-01,2024-12-31,203000000,10-Q,2025-01-31
us-gaap,CashCashEquivalentsRestrictedCashAndRestrictedCashEquivalentsPeriodIncreaseDecreaseIncludingExchangeRateEffect,USD,2024-10-01,2024-12-31,203000000,10-Q,2026-01-30
us-gaap,CashCashEquivalentsRestrictedCashAndRestrictedCashEquivalentsPeriodIncreaseDecreaseIncludingExchangeRateEffect,USD,2024-10-01,2025-03-31,-627000000,10-Q,2025-04-30
us-gaap,CashCashEquivalentsRestrictedCashAndRestrictedCashEquivalentsPeriodIncreaseDecreaseIncludingExchangeRateEffect,USD,2024-10-01,2025-03-31,-627000000,10-Q,2026-04-29
us-gaap,CashCashEquivalentsRestrictedCashAndRestrictedCashEquivalentsPeriodIncreaseDecreaseIncludingExchangeRateEffect,USD,2024-10-01,2025-06-30,4678000000,10-Q,2025-07-30
us-gaap,CashCashEquivalentsRestrictedCashAndRestrictedCashEquivalentsPeriodIncreaseDecreaseIncludingExchangeRateEffect,USD,2024-10-01,2025-09-30,5224000000,10-K,2025-11-06
us-gaap,CashCashEquivalentsRestrictedCashAndRestrictedCashEquivalentsPeriodIncreaseDecreaseIncludingExchangeRateEffect,USD,2025-10-01,2025-12-31,-1811000000,10-Q,2026-01-30
us-gaap,CashCashEquivalentsRestrictedCashAndRestrictedCashEquivalentsPeriodIncreaseDecreaseIncludingExchangeRateEffect,USD,2025-10-01,2026-03-31,-6281000000,10-Q,2026-04-29
us-gaap,CashDividends,USD,2008-10-01,2009-06-30,240000000,10-Q,2009-07-30
us-gaap,CashFlowHedgeGainLossToBeReclassifiedWithinTwelveMonths,USD,2011-10-01,2012-09-30,19000000,10-K,2012-11-16
us-gaap,CashFlowHedgeGainLossToBeReclassifiedWithinTwelveMonths,USD,2012-10-01,2013-09-30,29000000,10-K,2013-11-22
us-gaap,CashFlowHedgeGainLossToBeReclassifiedWithinTwelveMonths,USD,2013-10-01,2014-09-30,41000000,10-K,2014-11-21
us-gaap,CashFlowHedgeGainLossToBeReclassifiedWithinTwelveMonths,USD,2014-10-01,2015-09-30,117000000,10-K,2015-11-20
us-gaap,CashFlowHedgeGainLossToBeReclassifiedWithinTwelveMonths,USD,2015-10-01,2016-09-30,58000000,10-K,2016-11-15
us-gaap,CashFlowHedgeGainLossToBeReclassifiedWithinTwelveMonths,USD,2016-10-01,2017-09-30,49000000,10-K,2017-11-17
us-gaap,CashFlowHedgeGainLossToBeReclassifiedWithinTwelveMonths,USD,2018-10-01,2019-09-30,22000000,10-K,2019-11-14
us-gaap,CashFlowHedgeGainLossToBeReclassifiedWithinTwelveMonths,USD,2019-10-01,2020-09-30,40000000,10-K,2020-11-19
us-gaap,CashFlowHedgeGainLossToBeReclassifiedWithinTwelveMonths,USD,2021-10-01,2022-09-30,140000000,10-K,2022-11-16
us-gaap,CashFlowHedgeGainLossToBeReclassifiedWithinTwelveMonths,USD,2022-10-01,2023-09-30,46000000,10-K,2023-11-15
us-gaap,LongTermDebt,USD,,2009-09-30,56000000,10-K,2010-11-19
us-gaap,LongTermDebt,USD,,2010-09-30,44000000,10-K,2010-11-19
us-gaap,LongTermDebt,USD,,2010-09-30,44000000,10-K,2011-11-18
us-gaap,LongTermDebt,USD,,2015-09-30,0,10-Q,2016-01-28
us-gaap,LongTermDebt,USD,,2015-09-30,0,10-Q,2016-04-25
us-gaap,LongTermDebt,USD,,2015-09-30,0,10-Q,2016-07-25
us-gaap,LongTermDebt,USD,,2015-09-30,0,10-K,2016-11-15
us-gaap,LongTermDebt,USD,,2015-12-31,15877000000,10-Q,2016-01-28
us-gaap,LongTermDebt,USD,,2016-03-31,15876000000,10-Q,2016-04-25
us-gaap,LongTermDebt,USD,,2016-06-30,15879000000,10-Q,2016-07-25
us-gaap,LongTermDebt,USD,,2016-09-30,15882000000,10-K,2016-11-15
us-gaap,LongTermDebt,USD,,2016-09-30,15882000000,10-Q,2017-02-02
us-gaap,LongTermDebt,USD,,2016-09-30,15882000000,10-Q,2017-04-21
us-gaap,LongTermDebt,USD,,2016-09-30,15882000000,10-Q,2017-07-20
us-gaap,LongTermDebt,USD,,2016-09-30,15882000000,10-K,2017-11-17
us-gaap,LongTermDebt,USD,,2016-12-31,14138000000,10-Q,2017-02-02
us-gaap,LongTermDebt,USD,,2017-03-31,14140000000,10-Q,2017-04-21
us-gaap,LongTermDebt,USD,,2017-06-30,14142000000,10-Q,2017-07-20
us-gaap,LongTermDebt,USD,,2017-09-30,16618000000,10-K,2017-11-17
us-gaap,LongTermDebt,USD,,2017-09-30,16618000000,10-K,2018-11-16
us-gaap,LongTermDebt,USD,,2018-09-30,16630000000,10-K,2018-11-16
us-gaap,LongTermDebt,USD,,2018-09-30,16630000000,10-Q,2019-01-31
us-gaap,LongTermDebt,USD,,2018-09-30,16630000000,10-Q,2019-04-26
us-gaap,LongTermDebt,USD,,2018-09-30,16630000000,10-K,2019-11-14
us-gaap,LongTermDebt,USD,,2018-12-31,16633000000,10-Q,2019-01-31
us-gaap,LongTermDebt,USD,,2019-03-31,16630000000,10-Q,2019-04-26
us-gaap,LongTermDebt,USD,,2019-09-30,16729000000,10-K,2019-11-14
us-gaap,LongTermDebt,USD,,2019-09-30,16729000000,10-Q,2020-05-04
us-gaap,LongTermDebt,USD,,2019-09-30,16729000000,10-Q,2020-07-31
us-gaap,LongTermDebt,USD,,2019-09-30,16729000000,10-K,2020-11-19
us-gaap,LongTermDebt,USD,,2020-03-31,17892000000,10-Q,2020-05-04
us-gaap,LongTermDebt,USD,,2020-06-30,20879000000,10-Q,2020-07-31
us-gaap,LongTermDebt,USD,,2020-09-30,24070000000,10-K,2020-11-19
us-gaap,LongTermDebt,USD,,2020-09-30,24070000000,10-Q,2021-01-29
us-gaap,LongTermDebt,USD,,2020-09-30,24070000000,10-Q,2021-04-29
us-gaap,LongTermDebt,USD,,2020-09-30,24070000000,10-Q,2021-07-29
us-gaap,LongTermDebt,USD,,2020-09-30,24070000000,10-K,2021-11-18
us-gaap,LongTermDebt,USD,,2020-12-31,21055000000,10-Q,2021-01-29
us-gaap,LongTermDebt,USD,,2021-03-31,20974000000,10-Q,2021-04-29
us-gaap,LongTermDebt,USD,,2021-06-30,20996000000,10-Q,2021-07-29
us-gaap,LongTermDebt,USD,,2021-09-30,20977000000,10-K,2021-11-18
us-gaap,LongTermDebt,USD,,2021-09-30,20977000000,10-Q,2022-01-28
us-gaap,LongTermDebt,USD,,2021-12-31,20920000000,10-Q,2022-01-28
us-gaap,PreferredStockValue,USD,,2014-09-30,0,10-Q,2015-01-29
us-gaap,PreferredStockValue,USD,,2014-09-30,0,10-Q,2015-04-30
us-gaap,PreferredStockValue,USD,,2014-09-30,0,10-Q,2015-07-23
us-gaap,PreferredStockValue,USD,,2014-12-31,0,10-Q,2015-01-29
us-gaap,PreferredStockValue,USD,,2015-03-31,0,10-Q,2015-04-30
us-gaap,PreferredStockValue,USD,,2015-06-30,0,10-Q,2015-07-23
us-gaap,PreferredStockValue,USD,,2015-09-30,0,10-Q,2016-01-28
us-gaap,PreferredStockValue,USD,,2015-09-30,0,10-Q,2016-04-25
us-gaap,PreferredStockValue,USD,,2015-12-31,0,10-Q,2016-01-28
us-gaap,PreferredStockValue,USD,,2016-03-31,0,10-Q,2016-04-25
us-gaap,PreferredStockValue,USD,,2017-09-30,5526000000,10-Q,2018-02-01
us-gaap,PreferredStockValue,USD,,2017-09-30,5526000000,10-Q,2018-04-27
us-gaap,PreferredStockValue,USD,,2017-09-30,5526000000,10-Q,2018-07-27
us-gaap,PreferredStockValue,USD,,2017-12-31,5476000000,10-Q,2018-02-01
us-gaap,PreferredStockValue,USD,,2018-03-31,5476000000,10-Q,2018-04-27
us-gaap,PreferredStockValue,USD,,2018-06-30,5470000000,10-Q,2018-07-27
us-gaap,PreferredStockValue,USD,,2018-09-30,5470000000,10-Q,2019-01-31
us-gaap,PreferredStockValue,USD,,2018-09-30,5470000000,10-Q,2019-04-26
us-gaap,PreferredStockValue,USD,,2018-09-30,5470000000,10-Q,2019-07-26
us-gaap,PreferredStockValue,USD,,2018-12-31,5464000000,10-Q,2019-01-31
us-gaap,PreferredStockValue,USD,,2019-03-31,5464000000,10-Q,2019-04-26
us-gaap,PreferredStockValue,USD,,2019-06-30,5462000000,10-Q,2019-07-26
us-gaap,ShortTermBorrowings,USD,,2016-09-30,0,10-Q,2017-02-02
us-gaap,ShortTermBorrowings,USD,,2016-09-30,0,10-Q,2017-04-21
us-gaap,ShortTermBorrowings,USD,,2016-09-30,0,10-Q,2017-07-20
us-gaap,ShortTermBorrowings,USD,,2016-12-31,2317000000,10-Q,2017-02-02
us-gaap,ShortTermBorrowings,USD,,2017-03-31,1750000000,10-Q,2017-04-21
us-gaap,ShortTermBorrowings,USD,,2017-06-30,1750000000,10-Q,2017-07-20
