afs_ac,afs_fv,htm_ac,htm_fv,ticker,q
269.899,266.252,323.746,294.803,JPM,2024Q2
335.251,334.548,299.954,279.641,JPM,2024Q3
411.045,406.852,274.468,247.9,JPM,2024Q4
402.316,399.363,265.084,242.253,JPM,2025Q1
488.593,485.38,260.559,239.264,JPM,2025Q2
492.3,490.499,293.446,274.905,JPM,2025Q3
507.226,507.198,270.134,253.344,JPM,2025Q4
552.16,549.037,272.142,254.513,JPM,2026Q1
538.689,536.048,268.474,250.31,JPM,2026Q2
295.023,291.295,577.366,466.636,BAC,2024Q2
318.873,315.719,567.553,481.887,BAC,2024Q3
349.928,346.432,558.677,450.548,BAC,2024Q4
379.224,376.249,550.72,454.408,BAC,2025Q1
381.405,378.033,541.286,448.179,BAC,2025Q2
393.024,390.293,531.414,446.544,BAC,2025Q3
388.611,386.798,522.66,442.43,BAC,2025Q4
371.444,368.963,514.738,433.611,BAC,2026Q1
350.914,348.54,505.799,423.734,BAC,2026Q2
,148.752,250.736,209.641,WFC,2024Q2
,166.004,243.151,211.716,WFC,2024Q3
,162.978,234.948,193.779,WFC,2024Q4
,176.229,227.227,189.512,WFC,2025Q1
,184.869,221.493,183.779,WFC,2025Q2
,206.682,214.232,180.509,WFC,2025Q3
,213.573,208.023,175.797,WFC,2025Q4
,222.873,204.08,171.298,WFC,2026Q1
,250.326,198.573,166.165,WFC,2026Q2
,60.562,73.253,72.143,GS,2024Q2
,78.018,79.309,79.726,GS,2024Q3
,79.458,78.713,78.038,GS,2024Q4
,90.667,79.036,79.061,GS,2025Q1
,103.407,72.612,72.824,GS,2025Q2
,103.962,73.632,74.049,GS,2025Q3
,99.244,69.193,69.721,GS,2025Q4
,137.014,74.889,75.131,GS,2026Q1
,155.636,74.658,74.655,GS,2026Q2
95.042,91.238,64.193,53.96,MS,2024Q2
100.685,97.828,62.856,54.894,MS,2024Q3
101.96,98.608,61.071,51.203,MS,2024Q4
101.77,98.888,59.394,50.549,MS,2025Q1
109.699,106.872,56.701,48.032,MS,2025Q2
110.695,108.327,55.205,47.369,MS,2025Q3
112.522,110.466,53.09,45.615,MS,2025Q4
112.05,109.817,50.546,42.993,MS,2026Q1
107.761,105.532,47.747,40.238,MS,2026Q2
,246.72,189.83,179.52,C,2025Q4
,286.77,167.89,157.52,C,2026Q2
