q,ticker,AccumulatedOtherComprehensiveIncomeLossNetOfTax,Assets,CommonStockSharesOutstanding,Deposits,EarningsPerShareBasic,EarningsPerShareDiluted,FinancingReceivableAllowanceForCreditLosses,Goodwill,IncomeLossFromContinuingOperationsBeforeIncomeTaxesExtraordinaryItemsNoncontrollingInterest,IncomeTaxExpenseBenefit,InterestExpenseBorrowings,InterestExpenseDeposits,Liabilities,LongTermDebt,NetIncomeLoss,NetIncomeLossAvailableToCommonStockholdersBasic,PaymentsForRepurchaseOfCommonStock,ProvisionForLoanLeaseAndOtherLosses,RevenueFromContractWithCustomerExcludingAssessedTax,Revenues,RevenuesNetOfInterestExpense,StockholdersEquity,StockholdersEquityIncludingPortionAttributableToNoncontrollingInterest,WeightedAverageNumberOfDilutedSharesOutstanding,WeightedAverageNumberOfSharesOutstandingBasic
2006Q4,AMP,,,,,,,,,,,,,,,,,,,,,,,8356000000.0,,
2007Q4,AMP,,,,,,,,,,,,,,,,,,,,,,,8180000000.0,,
2008Q2,AMP,,,,,0.94,0.93,,,,27000000.0,28000000.0,42000000.0,,,210000000.0,,,,,2010000000.0,,,7700000000.0,226000000.0,223200000.0
2008Q3,AMP,,,,,-0.32,-0.32,,,,-92000000.0,27000000.0,43000000.0,,,-70000000.0,,,,,1672000000.0,,,7109000000.0,221700000.0,219100000.0
2008Q4,AMP,-1093000000.0,95577000000.0,,,,,,,,,,,89110000000.0,2027000000.0,,,,,,,,6178000000.0,6463000000.0,,
2009Q1,AMP,,,,,0.58,0.58,,,,18000000.0,26000000.0,42000000.0,,,130000000.0,,9000000.0,,,1758000000.0,,,6637000000.0,223500000.0,222300000.0
2009Q2,AMP,-388000000.0,103214000000.0,,,0.41,0.41,,,,28000000.0,28000000.0,38000000.0,94840000000.0,2435000000.0,95000000.0,,,,,1912000000.0,,8110000000.0,8370000000.0,230000000.0,228800000.0
2009Q3,AMP,277000000.0,111201000000.0,,,1.0,1.0,,,,80000000.0,45000000.0,33000000.0,101807000000.0,2076000000.0,260000000.0,,,,,1979000000.0,,9049000000.0,9390000000.0,260700000.0,258700000.0
2009Q4,AMP,305000000.0,113770000000.0,,,0.92,0.9,71000000.0,,,,,,103898000000.0,1868000000.0,237000000.0,,,,,,,9269000000.0,8600000000.0,263300000.0,258900000.0
2010Q1,AMP,365000000.0,122377000000.0,,,0.82,0.81,,,,65000000.0,64000000.0,21000000.0,111677000000.0,,214000000.0,214000000.0,15000000.0,,,2292000000.0,,10108000000.0,10700000000.0,265000000.0,260800000.0
2010Q2,AMP,607000000.0,121110000000.0,,,0.99,0.98,,,,66000000.0,74000000.0,20000000.0,109991000000.0,2684000000.0,259000000.0,259000000.0,,,,2482000000.0,,10498000000.0,11119000000.0,265300000.0,261100000.0
2010Q3,AMP,897000000.0,129044000000.0,,,1.35,1.32,69000000.0,,,132000000.0,74000000.0,15000000.0,117540000000.0,,344000000.0,344000000.0,,,,2349000000.0,,10950000000.0,11504000000.0,259900000.0,255300000.0
2010Q4,AMP,650000000.0,131214000000.0,,8779000000.0,1.11,1.08,64000000.0,1161000000.0,,,,,119929000000.0,,280000000.0,280000000.0,,,,,,10725000000.0,9950000000.0,258900000.0,252700000.0
2011Q1,AMP,542000000.0,133832000000.0,,,0.96,0.94,61000000.0,,,92000000.0,75000000.0,13000000.0,122643000000.0,,241000000.0,241000000.0,393000000.0,,,2545000000.0,,10551000000.0,9852000000.0,257700000.0,251600000.0
2011Q2,AMP,633000000.0,135138000000.0,,,1.28,1.25,62000000.0,,,118000000.0,75000000.0,11000000.0,123910000000.0,,309000000.0,315000000.0,,,,2634000000.0,,10548000000.0,9910000000.0,251000000.0,245500000.0
2011Q3,AMP,636000000.0,130380000000.0,,9624000000.0,1.36,1.34,60000000.0,,,109000000.0,71000000.0,12000000.0,119393000000.0,,,324000000.0,,,,2467000000.0,,10271000000.0,9737000000.0,242000000.0,238000000.0
2011Q4,AMP,751000000.0,132307000000.0,,,1.03,1.01,60000000.0,1164000000.0,,,,,122613000000.0,,,236000000.0,,,,,,8988000000.0,9694000000.0,234500000.0,230600000.0
2012Q1,AMP,851000000.0,136757000000.0,,,1.07,1.05,58000000.0,,,73000000.0,69000000.0,11000000.0,127008000000.0,,,244000000.0,292000000.0,-2000000.0,,2572000000.0,,9115000000.0,9749000000.0,231700000.0,227300000.0
2012Q2,AMP,942000000.0,135270000000.0,,,1.01,0.99,55000000.0,,,128000000.0,72000000.0,10000000.0,125657000000.0,,,223000000.0,,,,2524000000.0,,9005000000.0,9613000000.0,225600000.0,221700000.0
2012Q3,AMP,1267000000.0,138564000000.0,,,0.8,0.79,50000000.0,,,47000000.0,68000000.0,11000000.0,128743000000.0,,,173000000.0,,,,2479000000.0,,9157000000.0,9821000000.0,219100000.0,215000000.0
2012Q4,AMP,1194000000.0,134729000000.0,,,1.85,1.81,44000000.0,1174000000.0,,,,,125017000000.0,,,389000000.0,,,,,,9092000000.0,9712000000.0,215100000.0,210800000.0
2013Q1,AMP,1084000000.0,137296000000.0,,,1.61,1.58,43000000.0,,,121000000.0,66000000.0,8000000.0,127679000000.0,,335000000.0,335000000.0,406000000.0,,,2699000000.0,,8960000000.0,9617000000.0,212300000.0,208400000.0
2013Q2,AMP,625000000.0,137258000000.0,,,1.57,1.54,42000000.0,,,120000000.0,60000000.0,8000000.0,128276000000.0,,321000000.0,321000000.0,,,,2757000000.0,,8340000000.0,8982000000.0,208600000.0,204900000.0
2013Q3,AMP,605000000.0,140208000000.0,,,1.9,1.86,39000000.0,,,154000000.0,68000000.0,8000000.0,131039000000.0,,382000000.0,382000000.0,,,,2821000000.0,,8325000000.0,9169000000.0,205100000.0,201300000.0
2013Q4,AMP,595000000.0,144576000000.0,,,1.49,1.46,37000000.0,1164000000.0,,,,,135344000000.0,,,296000000.0,,,,,,8192000000.0,9206000000.0,202300000.0,198300000.0
2014Q1,AMP,746000000.0,145964000000.0,,,2.05,2.01,34000000.0,,,134000000.0,79000000.0,7000000.0,136519000000.0,,400000000.0,400000000.0,457000000.0,,,3003000000.0,,8344000000.0,9445000000.0,199100000.0,195500000.0
2014Q2,AMP,920000000.0,149160000000.0,,,1.94,1.91,33000000.0,,,152000000.0,79000000.0,7000000.0,139483000000.0,,374000000.0,374000000.0,,,,3079000000.0,,8428000000.0,9677000000.0,196200000.0,192700000.0
2014Q3,AMP,746000000.0,147193000000.0,,,2.21,2.17,35000000.0,,,155000000.0,79000000.0,7000000.0,137853000000.0,,420000000.0,420000000.0,,2000000.0,,3118000000.0,,8260000000.0,9340000000.0,193700000.0,190300000.0
2014Q4,AMP,662000000.0,148810000000.0,,,2.26,2.22,35000000.0,1154000000.0,,,,,139505000000.0,,,425000000.0,,,,,,8124000000.0,9279000000.0,191200000.0,187900000.0
2015Q1,AMP,704000000.0,151448000000.0,,,2.11,2.08,34000000.0,,,139000000.0,84000000.0,7000000.0,142189000000.0,,393000000.0,393000000.0,394000000.0,1000000.0,,3060000000.0,,8195000000.0,9259000000.0,189100000.0,186300000.0
2015Q2,AMP,500000000.0,148806000000.0,,,2.26,2.23,34000000.0,,,139000000.0,89000000.0,7000000.0,139810000000.0,,415000000.0,415000000.0,,,,3135000000.0,,7875000000.0,8996000000.0,186400000.0,183800000.0
2015Q3,AMP,461000000.0,145320000000.0,,,2.2,2.17,33000000.0,,,111000000.0,98000000.0,7000000.0,136499000000.0,,397000000.0,397000000.0,,,,2893000000.0,,7629000000.0,8821000000.0,182700000.0,180400000.0
2015Q4,AMP,253000000.0,145339000000.0,,,2.02,2.0,32000000.0,1137000000.0,,,,,136960000000.0,,,357000000.0,,,,,,7191000000.0,8379000000.0,178900000.0,176600000.0
2016Q1,AMP,442000000.0,140250000000.0,,,2.11,2.09,31000000.0,,,111000000.0,55000000.0,9000000.0,133157000000.0,,364000000.0,364000000.0,481000000.0,-1000000.0,,2774000000.0,,7093000000.0,7067000000.0,174400000.0,172600000.0
2016Q2,AMP,638000000.0,142684000000.0,,,1.99,1.97,31000000.0,,,75000000.0,53000000.0,8000000.0,135595000000.0,,335000000.0,335000000.0,,,,2879000000.0,,7089000000.0,7063000000.0,170100000.0,168300000.0
2016Q3,AMP,595000000.0,143623000000.0,,,1.31,1.3,30000000.0,,,23000000.0,52000000.0,12000000.0,136827000000.0,,215000000.0,215000000.0,,,,3010000000.0,,6796000000.0,6770000000.0,165800000.0,164000000.0
2016Q4,AMP,200000000.0,139821000000.0,,,2.49,2.46,29000000.0,1104000000.0,,,,,133529000000.0,,,400000000.0,,,,,,6289000000.0,6289000000.0,162400000.0,160400000.0
2017Q1,AMP,219000000.0,140857000000.0,,,2.56,2.52,29000000.0,,,72000000.0,50000000.0,10000000.0,134630000000.0,,403000000.0,403000000.0,436000000.0,0.0,2091000000.0,2936000000.0,2926000000.0,6224000000.0,6227000000.0,160100000.0,157500000.0
2017Q2,AMP,299000000.0,143144000000.0,,,2.53,2.5,29000000.0,,,118000000.0,52000000.0,12000000.0,136894000000.0,,393000000.0,393000000.0,,,2163000000.0,3024000000.0,3012000000.0,6247000000.0,6250000000.0,157500000.0,155100000.0
2017Q3,AMP,312000000.0,145486000000.0,,,3.31,3.26,28000000.0,,,126000000.0,52000000.0,12000000.0,139181000000.0,,507000000.0,503000000.0,,,2233000000.0,3026000000.0,3014000000.0,6306000000.0,6305000000.0,155400000.0,153000000.0
2017Q4,AMP,229000000.0,147480000000.0,,,1.17,1.15,26000000.0,1175000000.0,,,,,141485000000.0,,177000000.0,181000000.0,,,,,3180000000.0,5995000000.0,5995000000.0,153800000.0,151000000.0
2018Q1,AMP,-5000000.0,144762000000.0,,,3.97,3.91,26000000.0,,696000000.0,102000000.0,51000000.0,16000000.0,138922000000.0,,594000000.0,,425000000.0,0.0,2308000000.0,3184000000.0,3168000000.0,5840000000.0,5840000000.0,152100000.0,149500000.0
2018Q2,AMP,-179000000.0,143268000000.0,,,3.14,3.1,24000000.0,,548000000.0,86000000.0,80000000.0,20000000.0,137636000000.0,,462000000.0,,,,2338000000.0,3216000000.0,3196000000.0,5632000000.0,5632000000.0,149000000.0,147000000.0
2018Q3,AMP,-244000000.0,145191000000.0,,,3.48,3.43,24000000.0,,588000000.0,85000000.0,50000000.0,24000000.0,139573000000.0,,503000000.0,,,,2374000000.0,3316000000.0,3292000000.0,5618000000.0,5618000000.0,146500000.0,144400000.0
2018Q4,AMP,-291000000.0,137216000000.0,,,3.81,3.76,24000000.0,1158000000.0,,,,,131628000000.0,,539000000.0,,,,,,3179000000.0,5588000000.0,5588000000.0,143200000.0,141500000.0
2019Q1,AMP,35000000.0,144403000000.0,,,2.85,2.82,23000000.0,,470000000.0,75000000.0,53000000.0,35000000.0,138560000000.0,,395000000.0,,385000000.0,0.0,,3153000000.0,3118000000.0,5843000000.0,5843000000.0,140100000.0,138800000.0
2019Q2,AMP,269000000.0,148678000000.0,,,3.61,3.57,23000000.0,,587000000.0,95000000.0,59000000.0,37000000.0,142648000000.0,,492000000.0,,,,,3282000000.0,3245000000.0,6030000000.0,6030000000.0,138000000.0,136100000.0
2019Q3,AMP,337000000.0,149513000000.0,127405096.0,,4.09,4.04,23000000.0,,641000000.0,98000000.0,52000000.0,34000000.0,143516000000.0,,543000000.0,,,,,3351000000.0,3317000000.0,5997000000.0,5997000000.0,134500000.0,132700000.0
2019Q4,AMP,262000000.0,151828000000.0,,,3.59,3.53,51000000.0,1167000000.0,534000000.0,,,,146099000000.0,,463000000.0,,,,,,3287000000.0,5911000000.0,5729000000.0,131300000.0,129000000.0
2020Q1,AMP,-295000000.0,145682000000.0,,,16.11,15.88,56000000.0,,2351000000.0,315000000.0,46000000.0,25000000.0,138989000000.0,,2036000000.0,,480000000.0,12000000.0,,3026000000.0,3001000000.0,6693000000.0,6693000000.0,128200000.0,126400000.0
2020Q2,AMP,394000000.0,154902000000.0,120607501.0,,-4.31,-4.31,,,-526000000.0,13000000.0,41000000.0,18000000.0,148402000000.0,,-539000000.0,-539000000.0,,,,2730000000.0,2712000000.0,6500000000.0,6500000000.0,126200000.0,125000000.0
2020Q3,AMP,516000000.0,158687000000.0,,,-1.14,-1.14,,,-184000000.0,-44000000.0,37000000.0,10000000.0,152620000000.0,,-140000000.0,-140000000.0,,,,3013000000.0,3003000000.0,6067000000.0,6067000000.0,124900000.0,123000000.0
2020Q4,AMP,629000000.0,165883000000.0,,17641000000.0,1.46,1.43,,1176000000.0,190000000.0,,,,160016000000.0,,177000000.0,,,,,,3183000000.0,6131000000.0,5867000000.0,123400000.0,120900000.0
2021Q1,AMP,317000000.0,165737000000.0,,,11.98,11.74,,,1760000000.0,325000000.0,42000000.0,5000000.0,160235000000.0,,1435000000.0,437000000.0,470000000.0,,,3346000000.0,3341000000.0,5502000000.0,5502000000.0,122200000.0,119800000.0
2021Q2,AMP,460000000.0,171703000000.0,,,3.01,2.94,,,423000000.0,67000000.0,43000000.0,2000000.0,166017000000.0,,356000000.0,591000000.0,,,,3397000000.0,3395000000.0,5686000000.0,5686000000.0,121200000.0,118400000.0
2021Q3,AMP,99000000.0,170726000000.0,,,7.96,7.77,,,1136000000.0,210000000.0,64000000.0,3000000.0,165019000000.0,,926000000.0,1031000000.0,,,,2902000000.0,2899000000.0,5707000000.0,,119200000.0,116400000.0
2021Q4,AMP,-642000000.0,177735000000.0,,20227000000.0,,,,1458000000.0,,,,,172898000000.0,,,,,,,,,4837000000.0,,,
2022Q1,AMP,-895000000.0,167525000000.0,,22048000000.0,7.26,7.1,,,1006000000.0,181000000.0,40000000.0,2000000.0,162515000000.0,,825000000.0,825000000.0,541000000.0,,,3627000000.0,3625000000.0,4524000000.0,,116200000.0,113700000.0
2022Q2,AMP,-1795000000.0,158497000000.0,,24344000000.0,5.47,5.37,,,773000000.0,159000000.0,44000000.0,3000000.0,154193000000.0,,614000000.0,614000000.0,,,,3489000000.0,3486000000.0,4070000000.0,,114400000.0,112300000.0
2022Q3,AMP,-2794000000.0,153354000000.0,,28137000000.0,9.6,9.41,,,1335000000.0,274000000.0,52000000.0,15000000.0,150097000000.0,,1061000000.0,1061000000.0,,,,3499000000.0,3484000000.0,3618000000.0,,112700000.0,110500000.0
2022Q4,AMP,-2546000000.0,158852000000.0,,30775000000.0,5.96,5.83,,1389000000.0,817000000.0,,,,155049000000.0,,649000000.0,,,,,,3663000000.0,3803000000.0,,111400000.0,108900000.0
2023Q1,AMP,-1985000000.0,166640000000.0,,33944000000.0,3.86,3.79,,,496000000.0,79000000.0,72000000.0,103000000.0,162496000000.0,,417000000.0,417000000.0,617000000.0,,,3845000000.0,3742000000.0,4144000000.0,,110000000.0,107900000.0
2023Q2,AMP,-2349000000.0,169781000000.0,,35578000000.0,8.36,8.21,,,1127000000.0,237000000.0,84000000.0,131000000.0,165701000000.0,,890000000.0,890000000.0,,,,4007000000.0,3876000000.0,4080000000.0,,108400000.0,106400000.0
2023Q3,AMP,-2840000000.0,165136000000.0,,36109000000.0,8.31,8.14,,,1117000000.0,245000000.0,84000000.0,151000000.0,161311000000.0,,872000000.0,872000000.0,,,,4076000000.0,3925000000.0,3825000000.0,,107100000.0,104900000.0
2023Q4,AMP,-1766000000.0,175191000000.0,,37321000000.0,3.64,3.57,,1410000000.0,494000000.0,,,,170462000000.0,,377000000.0,,,,,,3992000000.0,4729000000.0,,105700000.0,103500000.0
2024Q1,AMP,-1930000000.0,179831000000.0,,36982000000.0,9.63,9.46,,,1219000000.0,229000000.0,82000000.0,179000000.0,174952000000.0,,990000000.0,990000000.0,628000000.0,,,4325000000.0,4146000000.0,4879000000.0,,104600000.0,102800000.0
2024Q2,AMP,-1993000000.0,179700000000.0,,36237000000.0,8.16,8.02,,,1051000000.0,222000000.0,83000000.0,172000000.0,174707000000.0,,829000000.0,829000000.0,,,,4392000000.0,4220000000.0,4993000000.0,,103400000.0,101600000.0
2024Q3,AMP,-1101000000.0,185969000000.0,,36332000000.0,5.09,5.0,,,645000000.0,134000000.0,87000000.0,163000000.0,180254000000.0,,511000000.0,511000000.0,,,,4560000000.0,4397000000.0,5715000000.0,,102200000.0,100400000.0
2024Q4,AMP,-1908000000.0,181403000000.0,,35826000000.0,,,,1401000000.0,,,,,176175000000.0,,,,,,,,,5228000000.0,,,
2025Q1,AMP,-1519000000.0,179059000000.0,,35640000000.0,5.92,5.83,,,687000000.0,104000000.0,80000000.0,127000000.0,173633000000.0,,583000000.0,583000000.0,730000000.0,,,4481000000.0,4354000000.0,5426000000.0,,100000000.0,98500000.0
2025Q2,AMP,-1236000000.0,184903000000.0,,34554000000.0,10.88,10.73,,,1351000000.0,291000000.0,82000000.0,115000000.0,178821000000.0,,1060000000.0,1060000000.0,,,,4490000000.0,4375000000.0,6082000000.0,,98800000.0,97400000.0
2025Q3,AMP,-969000000.0,190086000000.0,,33629000000.0,9.47,9.33,,,1174000000.0,262000000.0,84000000.0,102000000.0,183631000000.0,,912000000.0,912000000.0,,,,4893000000.0,4791000000.0,6455000000.0,,97800000.0,96300000.0
2025Q4,AMP,-892000000.0,190904000000.0,,33750000000.0,,,,1440000000.0,,,,,184355000000.0,,,,,,,,,6549000000.0,,,
2026Q1,AMP,-1205000000.0,184448000000.0,,33278000000.0,9.81,9.68,,,1144000000.0,229000000.0,80000000.0,74000000.0,178236000000.0,,915000000.0,915000000.0,874000000.0,,,4886000000.0,4812000000.0,6212000000.0,,94500000.0,93300000.0
2026Q2,AMP,-1276000000.0,197871000000.0,,33732000000.0,12.12,11.98,,,1442000000.0,329000000.0,84000000.0,73000000.0,191505000000.0,,1113000000.0,1113000000.0,,,,5013000000.0,4940000000.0,6366000000.0,,92900000.0,91800000.0
