q,ticker,AccumulatedOtherComprehensiveIncomeLossNetOfTax,Assets,CommonStockSharesOutstanding,Goodwill,HeldToMaturitySecurities,HeldToMaturitySecuritiesFairValue,IncomeLossFromContinuingOperationsBeforeIncomeTaxesExtraordinaryItemsNoncontrollingInterest,IncomeTaxExpenseBenefit,IntangibleAssetsNetExcludingGoodwill,InterestExpense,InvestmentAdvisoryManagementAndAdministrativeFees,Liabilities,LoansAndLeasesReceivableNetReportedAmount,LongTermDebt,NetIncomeLoss,NetIncomeLossAvailableToCommonStockholdersBasic,RevenueFromContractWithCustomerExcludingAssessedTax,Revenues,StockholdersEquity,StockholdersEquityIncludingPortionAttributableToNoncontrollingInterest,WeightedAverageNumberOfSharesOutstandingBasic
2012Q4,ARES,,24495877000.0,,,,,,,,,,,,,,,,,,,
2013Q2,ARES,,24521607000.0,,,,,,6312000.0,,2365000.0,,,,,,,,89302000.0,,,
2013Q3,ARES,,25142148000.0,,,,,,4790000.0,,,,,,,,,,135877000.0,,,
2013Q4,ARES,,23705384000.0,,58159000.0,,,,,68742000.0,,,16030319000.0,,153119000.0,,,,,,6540544000.0,
2014Q1,ARES,,22035501000.0,,,,,,,,,,,,,,,,133628000.0,,,
2014Q2,ARES,618000.0,21592330000.0,,85806000.0,,,,5267000.0,53326000.0,2037000.0,,14676407000.0,84088000.0,202869000.0,17842000.0,,,131618000.0,293742000.0,5788596000.0,
2014Q3,ARES,-1182000.0,22015235000.0,,,,,,2399000.0,,,,15262000000.0,77308000.0,,13971000.0,13971000.0,,175161000.0,294089000.0,5665029000.0,80667664.0
2014Q4,ARES,-1386000.0,21638992000.0,,85581000.0,,,,,,,,14879619000.0,77514000.0,,3175000.0,,,163482000.0,283639000.0,5697935000.0,
2015Q1,ARES,-2126000.0,21618156000.0,,144080000.0,,,,4059000.0,,,269905000.0,14815137000.0,,,18456000.0,18219000.0,,269905000.0,289515000.0,5863925000.0,80667664.0
2015Q2,ARES,-1080000.0,20443660000.0,,144210000.0,,,,6103000.0,,,241164000.0,14149573000.0,,,12086000.0,11983000.0,,241164000.0,285575000.0,5719281000.0,80671316.0
2015Q3,ARES,-2257000.0,4755970000.0,,144123000.0,17502000.0,17293000.0,,5579000.0,,,143854000.0,3737467000.0,,,-11349000.0,-11511000.0,,143854000.0,256048000.0,994871000.0,80676232.0
2015Q4,ARES,-4619000.0,4321408000.0,,144067000.0,17022000.0,16688000.0,,,,,,3329497000.0,,,185000.0,,,159519000.0,246918000.0,968406000.0,
2016Q1,ARES,-5642000.0,4336333000.0,,,17856000.0,17266000.0,,4665000.0,,,136015000.0,3375026000.0,,,-3090000.0,-3090000.0,,136015000.0,,,
2016Q2,ARES,,4671604000.0,,,,,,-4434000.0,,,369535000.0,3356962000.0,,,37574000.0,37574000.0,,369535000.0,,,
2016Q3,ARES,-9385000.0,5319134000.0,,,,,,7641000.0,,,335460000.0,3971206000.0,,,43305000.0,36554000.0,,335460000.0,,,
2016Q4,ARES,-8939000.0,5829712000.0,,143724000.0,16519000.0,16403000.0,,,,,,4452450000.0,,,34019000.0,,,358195000.0,292851000.0,1377262000.0,
2017Q1,ARES,-7738000.0,5718103000.0,,143755000.0,16760000.0,16803000.0,,-34264000.0,,,,4540485000.0,,,-41134000.0,-46559000.0,244244000.0,244244000.0,230474000.0,1177618000.0,
2017Q2,ARES,-7403000.0,6244449000.0,,143824000.0,17921000.0,18063000.0,,1253000.0,,,,4995976000.0,,,49878000.0,44453000.0,572197000.0,572197000.0,270609000.0,1248473000.0,
2017Q3,ARES,-4486000.0,8019437000.0,,143880000.0,0.0,0.0,,4552000.0,,,,6641516000.0,,,27838000.0,22413000.0,288402000.0,288402000.0,270924000.0,1377921000.0,
2017Q4,ARES,-4208000.0,8563522000.0,0.0,143895000.0,0.0,0.0,,,,,,7103230000.0,,,39596000.0,,375100000.0,356281000.0,1460292000.0,1437681000.0,
2018Q1,ARES,-4001000.0,8560082000.0,,143968000.0,,,,-12375000.0,,,,6994887000.0,,,40948000.0,35523000.0,266089000.0,226006000.0,373234000.0,1565195000.0,
2018Q2,ARES,-6758000.0,10144735000.0,,143848000.0,,,,36903000.0,,,,8609486000.0,,,-11775000.0,-17200000.0,204163000.0,332133000.0,343223000.0,1535249000.0,
2018Q3,ARES,-7403000.0,10421600000.0,,143827000.0,,,,5131000.0,,,,8930281000.0,,,15910000.0,10485000.0,240777000.0,289102000.0,294318000.0,1491319000.0,
2018Q4,ARES,-8524000.0,10154692000.0,101595096.0,143786000.0,,,,,,,,8760351000.0,,,11937000.0,6512000.0,247432000.0,,587924000.0,1394341000.0,
2019Q1,ARES,-7240000.0,10489314000.0,103125589.0,143822000.0,,,,14384000.0,,,,9009490000.0,,,44949000.0,39524000.0,477197000.0,304660000.0,599678000.0,1479824000.0,
2019Q2,ARES,-8879000.0,10979749000.0,107459310.0,143779000.0,,,,9505000.0,,,,9377425000.0,,,32139000.0,26714000.0,384822000.0,286884000.0,635499000.0,1602324000.0,
2019Q3,ARES,-11010000.0,11596756000.0,114720769.0,143721000.0,,,,11701000.0,,,,9753974000.0,,,33331000.0,27906000.0,466490000.0,272635000.0,752121000.0,1842782000.0,
2019Q4,ARES,-6047000.0,12014196000.0,115243029.0,143855000.0,,,,,,,,10155598000.0,,,38465000.0,33040000.0,436929000.0,,768290000.0,1858598000.0,
2020Q1,ARES,-10849000.0,13216929000.0,247574364.0,143742000.0,,,,-20616000.0,,,,11241333000.0,,,-31036000.0,-36461000.0,13409000.0,429420000.0,898612000.0,1975596000.0,
2020Q2,ARES,-11237000.0,13719957000.0,250135347.0,143734000.0,,,,24421000.0,,6082000.0,,11716209000.0,,,56371000.0,50946000.0,602758000.0,326435000.0,945057000.0,2003748000.0,
2020Q3,ARES,-6787000.0,14928993000.0,258446513.0,369494000.0,,,,18314000.0,,,,12458673000.0,,,47545000.0,42120000.0,489866000.0,428307000.0,1142171000.0,2370881000.0,
2020Q4,ARES,483000.0,15168992000.0,259631180.0,371047000.0,,,,,,,,12596852000.0,,,,,,,1193685000.0,2471774000.0,
2021Q1,ARES,-62000.0,16535929000.0,262005872.0,370020000.0,,,190064000.0,25754000.0,,,,13084629000.0,,,58378000.0,52953000.0,658388000.0,411248000.0,1161499000.0,2420568000.0,
2021Q2,ARES,696000.0,18639587000.0,284126006.0,787751000.0,,,319777000.0,48458000.0,,6907000.0,,14181617000.0,,,141644000.0,124980000.0,1294819000.0,507753000.0,1622282000.0,3441115000.0,
2021Q3,ARES,-2571000.0,19934398000.0,289875333.0,787750000.0,,,246988000.0,30275000.0,,11523000.0,,15295223000.0,,,84726000.0,84726000.0,948719000.0,509142000.0,1753260000.0,3540526000.0,
2021Q4,ARES,-1855000.0,21605164000.0,290451548.0,787972000.0,,,,,,,,16694730000.0,,,,,,,1825227000.0,3814426000.0,
2022Q1,ARES,-6019000.0,21131203000.0,293416994.0,1000289000.0,,,161309000.0,20411000.0,,15646000.0,,16367235000.0,,,45863000.0,45863000.0,714999000.0,553479000.0,1693048000.0,3667621000.0,
2022Q2,ARES,-17192000.0,21226215000.0,293776408.0,998444000.0,,,67066000.0,13460000.0,,17221000.0,,16464550000.0,,,39731000.0,39731000.0,601430000.0,611871000.0,1639366000.0,3668147000.0,
2022Q3,ARES,-28819000.0,21206326000.0,294168505.0,996740000.0,,,-60378000.0,-11599000.0,,18307000.0,,16641576000.0,,,-35546000.0,-35546000.0,801290000.0,603101000.0,1511661000.0,3467648000.0,
2022Q4,ARES,-14986000.0,22002839000.0,294614235.0,999656000.0,,,,,,,,17097810000.0,,,,,,,1589239000.0,3798618000.0,
2023Q1,ARES,-12345000.0,21928582000.0,301803364.0,998937000.0,,,241122000.0,33806000.0,,24986000.0,,17342469000.0,,,,94039000.0,813362000.0,653681000.0,1669894000.0,4079370000.0,
2023Q2,ARES,-9687000.0,23118806000.0,304397040.0,998020000.0,,,381969000.0,49714000.0,,25839000.0,,18103070000.0,,,,144514000.0,1093286000.0,785107000.0,1750004000.0,3992470000.0,
2023Q3,ARES,-17265000.0,23383893000.0,305984552.0,997801000.0,,,226872000.0,29898000.0,,25975000.0,,18339676000.0,,,,61823000.0,671255000.0,677689000.0,1733179000.0,4018454000.0,
2023Q4,ARES,-5630000.0,24730500000.0,307585576.0,1123976000.0,,,,,,,,19709151000.0,,,,,,,1893399000.0,4474313000.0,
2024Q1,ARES,-10480000.0,24413270000.0,309668984.0,1130085000.0,,,231048000.0,27233000.0,,,,19382799000.0,,,73027000.0,73027000.0,707363000.0,735806000.0,1767494000.0,4477072000.0,
2024Q2,ARES,-10481000.0,24192557000.0,312512682.0,1130327000.0,,,317325000.0,41074000.0,,,,18435543000.0,,,94938000.0,94938000.0,788682000.0,874915000.0,2001768000.0,5197090000.0,
2024Q3,ARES,8450000.0,24522650000.0,313000741.0,1133074000.0,,,327106000.0,46453000.0,,,,18643116000.0,,,118460000.0,118460000.0,1129739000.0,841966000.0,2076075000.0,5310269000.0,
2024Q4,ARES,-17757000.0,24884308000.0,313170171.0,1162636000.0,,,,,,,,17485922000.0,,,,,,,3543646000.0,6824190000.0,
2025Q1,ARES,24344000.0,27181768000.0,,3499341000.0,,,141038000.0,17537000.0,,,,18389821000.0,,,47170000.0,21857000.0,1088805000.0,1004508000.0,4454107000.0,8211839000.0,
2025Q2,ARES,32196000.0,27264941000.0,,3436192000.0,,,286938000.0,60958000.0,,,,18425558000.0,,,137062000.0,111750000.0,1350128000.0,1040823000.0,4361831000.0,8257198000.0,
2025Q3,ARES,29757000.0,27032166000.0,,3437450000.0,,,652271000.0,111892000.0,,,,18400136000.0,,,288882000.0,263569000.0,1657628000.0,1152538000.0,4474028000.0,8606280000.0,
2025Q4,ARES,21743000.0,28633369000.0,,3454107000.0,,,,,,,,19931981000.0,,,,,,,4275463000.0,8676092000.0,
2026Q1,ARES,13989000.0,28394933000.0,,3463416000.0,,,312921000.0,59872000.0,,,,20011654000.0,,,142589000.0,117276000.0,1396436000.0,1298861000.0,4025435000.0,8359400000.0,
2026Q2,ARES,13122000.0,29631399000.0,,3464289000.0,,,385942000.0,72977000.0,,,,21003486000.0,,,150635000.0,125323000.0,1428610000.0,1293657000.0,3968073000.0,8602265000.0,
