q,ticker,AccumulatedOtherComprehensiveIncomeLossNetOfTax,Assets,AvailableForSaleSecurities,AvailableForSaleSecuritiesDebtSecurities,CommonStockSharesOutstanding,Deposits,EarningsPerShareBasic,EarningsPerShareDiluted,FeesAndCommissionsCreditCards,Goodwill,IncomeLossFromContinuingOperationsBeforeIncomeTaxesExtraordinaryItemsNoncontrollingInterest,IncomeTaxExpenseBenefit,InterestAndDividendIncomeOperating,InterestExpense,InterestExpenseDeposits,InterestIncomeExpenseNet,Liabilities,LoansAndLeasesReceivableNetReportedAmount,LongTermDebt,NetIncomeLoss,NetIncomeLossAvailableToCommonStockholdersBasic,NoninterestExpense,NoninterestIncome,NotesReceivableNet,PaymentsForRepurchaseOfCommonStock,ProvisionForDoubtfulAccounts,ProvisionForLoanLeaseAndOtherLosses,RevenueFromContractWithCustomerExcludingAssessedTax,RevenuesNetOfInterestExpense,StockholdersEquity,WeightedAverageNumberOfDilutedSharesOutstanding,WeightedAverageNumberOfSharesOutstandingBasic
2006Q4,AXP,,,,,,,,,,,,,,,,,,,,,,,,,,,,,,10511000000.0,,
2007Q4,AXP,,,,,,,,,,,,,,,,,,,,,,,,,,,,,,11029000000.0,,
2008Q2,AXP,,,,,,,0.56,0.56,,,,114000000.0,1857000000.0,903000000.0,123000000.0,954000000.0,,,,653000000.0,,4857000000.0,6501000000.0,,,,1824000000.0,,,,1163000000.0,1154000000.0
2008Q3,AXP,,,,,,,0.7,0.7,,,,217000000.0,1834000000.0,884000000.0,109000000.0,950000000.0,,,,815000000.0,,4727000000.0,6214000000.0,,,,1359000000.0,,,,1158000000.0,1154000000.0
2008Q4,AXP,-1606000000.0,126074000000.0,12526000000.0,,1160000000.0,15486000000.0,,,,2301000000.0,,,,,,,114233000000.0,,60041000000.0,,,,,,,,,,,11841000000.0,,
2009Q1,AXP,,,,,,,0.31,0.31,,,,101000000.0,1474000000.0,555000000.0,85000000.0,919000000.0,,,,437000000.0,,3579000000.0,5007000000.0,,,,1803000000.0,,,,1156000000.0,1156000000.0
2009Q2,AXP,-905000000.0,117035000000.0,22319000000.0,,1189000000.0,20128000000.0,0.09,0.09,,,,76000000.0,1288000000.0,547000000.0,105000000.0,741000000.0,103615000000.0,,53516000000.0,337000000.0,,4090000000.0,5351000000.0,,,,1584000000.0,,,13420000000.0,1165000000.0,1162000000.0
2009Q3,AXP,-556000000.0,120445000000.0,23798000000.0,,1189000000.0,23863000000.0,0.54,0.53,,,,276000000.0,1297000000.0,543000000.0,109000000.0,754000000.0,106502000000.0,,52850000000.0,640000000.0,,3920000000.0,5262000000.0,,,,1178000000.0,,,13943000000.0,1181000000.0,1178000000.0
2009Q4,AXP,-712000000.0,125145000000.0,20700000000.0,20208000000.0,1192000000.0,26289000000.0,0.6,0.6,,2328000000.0,,,,,,,110739000000.0,,77300000000.0,716000000.0,,,,,,,,,,12637000000.0,,
2010Q1,AXP,-1040000000.0,143314000000.0,18341000000.0,,1197000000.0,28120000000.0,0.74,0.73,,,,367000000.0,1905000000.0,598000000.0,128000000.0,1307000000.0,129889000000.0,,72293000000.0,885000000.0,,4365000000.0,5253000000.0,,,227000000.0,943000000.0,,,13425000000.0,1191000000.0,1185000000.0
2010Q2,AXP,-1036000000.0,143763000000.0,17328000000.0,16859000000.0,1202000000.0,28352000000.0,0.84,0.84,,,,578000000.0,1798000000.0,610000000.0,137000000.0,1188000000.0,129250000000.0,,69345000000.0,1017000000.0,,4558000000.0,5617000000.0,,,96000000.0,652000000.0,,,14513000000.0,1197000000.0,1190000000.0
2010Q3,AXP,-617000000.0,146056000000.0,17170000000.0,16695000000.0,1204000000.0,28365000000.0,0.91,0.9,,,,547000000.0,1794000000.0,610000000.0,141000000.0,1184000000.0,130136000000.0,,68828000000.0,1093000000.0,,4960000000.0,5789000000.0,,,89000000.0,373000000.0,,,15920000000.0,1199000000.0,1193000000.0
2010Q4,AXP,-917000000.0,146689000000.0,14010000000.0,13535000000.0,1197000000.0,29727000000.0,0.88,0.88,,2639000000.0,,,,,,,130459000000.0,57204000000.0,66416000000.0,1062000000.0,,,,,,,,,,18794000000.0,,
2011Q1,AXP,-849000000.0,143979000000.0,10502000000.0,9974000000.0,1202000000.0,31756000000.0,0.98,0.97,601000000.0,,,555000000.0,1663000000.0,593000000.0,137000000.0,1070000000.0,126497000000.0,54842000000.0,60730000000.0,1177000000.0,,5202000000.0,5961000000.0,,0.0,198000000.0,97000000.0,,,17482000000.0,1198000000.0,1192000000.0
2011Q2,AXP,-751000000.0,147796000000.0,9429000000.0,8945000000.0,1193000000.0,32291000000.0,1.11,1.1,613000000.0,,,470000000.0,1660000000.0,577000000.0,131000000.0,1083000000.0,129591000000.0,56189000000.0,61395000000.0,1331000000.0,,5496000000.0,6535000000.0,,,161000000.0,357000000.0,,,18205000000.0,1197000000.0,1190000000.0
2011Q3,AXP,-803000000.0,148693000000.0,9269000000.0,8898000000.0,1169000000.0,33142000000.0,1.04,1.03,622000000.0,,,476000000.0,1688000000.0,575000000.0,127000000.0,1113000000.0,130593000000.0,56068000000.0,61767000000.0,1235000000.0,,5611000000.0,6458000000.0,,,174000000.0,249000000.0,,,18100000000.0,1181000000.0,1175000000.0
2011Q4,AXP,-876000000.0,153337000000.0,7147000000.0,6733000000.0,1164000000.0,37898000000.0,1.02,1.01,,3172000000.0,,,,,,,134543000000.0,60747000000.0,59570000000.0,1192000000.0,,,,,,,,,,18794000000.0,,
2012Q1,AXP,-777000000.0,151784000000.0,6679000000.0,6256000000.0,1166000000.0,38219000000.0,1.07,1.07,610000000.0,,,517000000.0,1707000000.0,574000000.0,129000000.0,1133000000.0,131877000000.0,58417000000.0,56844000000.0,1256000000.0,,5402000000.0,6454000000.0,,171000000.0,178000000.0,412000000.0,,,19907000000.0,1166000000.0,1160000000.0
2012Q2,AXP,-951000000.0,148128000000.0,6326000000.0,5983000000.0,1139000000.0,35961000000.0,1.16,1.15,615000000.0,,,540000000.0,1671000000.0,550000000.0,115000000.0,1121000000.0,128861000000.0,59432000000.0,55953000000.0,1339000000.0,,5625000000.0,6844000000.0,,,163000000.0,461000000.0,,,19267000000.0,1152000000.0,1145000000.0
2012Q3,AXP,-835000000.0,152873000000.0,6060000000.0,5725000000.0,1122000000.0,37195000000.0,1.1,1.09,633000000.0,,,620000000.0,1739000000.0,558000000.0,118000000.0,1181000000.0,133395000000.0,60291000000.0,56271000000.0,1250000000.0,,5513000000.0,6681000000.0,,,190000000.0,479000000.0,,,19478000000.0,1132000000.0,1126000000.0
2012Q4,AXP,-927000000.0,153140000000.0,5614000000.0,5267000000.0,1105000000.0,39803000000.0,0.57,0.56,,3181000000.0,,,,,,,134254000000.0,63758000000.0,58973000000.0,637000000.0,,,,,,,,,,18886000000.0,,
2013Q1,AXP,-980000000.0,156855000000.0,5793000000.0,5491000000.0,1098000000.0,41301000000.0,1.15,1.15,653000000.0,,,629000000.0,1762000000.0,519000000.0,114000000.0,1243000000.0,137565000000.0,60919000000.0,56366000000.0,1280000000.0,,5556000000.0,6638000000.0,,787000000.0,154000000.0,416000000.0,,,19290000000.0,1106000000.0,1099000000.0
2013Q2,AXP,-1308000000.0,151933000000.0,5262000000.0,5023000000.0,1084000000.0,40515000000.0,1.28,1.27,647000000.0,,,590000000.0,1694000000.0,492000000.0,107000000.0,1202000000.0,132899000000.0,61732000000.0,52675000000.0,1405000000.0,,5732000000.0,7043000000.0,,,161000000.0,518000000.0,,,19034000000.0,1097000000.0,1090000000.0
2013Q3,AXP,-1339000000.0,150103000000.0,5137000000.0,4921000000.0,1071000000.0,42487000000.0,1.26,1.25,658000000.0,,,638000000.0,1767000000.0,484000000.0,111000000.0,1283000000.0,130887000000.0,61689000000.0,52529000000.0,1366000000.0,,5878000000.0,7018000000.0,,,159000000.0,419000000.0,,,19216000000.0,1081000000.0,1074000000.0
2013Q4,AXP,-1426000000.0,153000000000.0,0.0,4844000000.0,1064000000.0,41763000000.0,1.22,1.21,,3198000000.0,,,,,,,133879000000.0,65977000000.0,55330000000.0,1308000000.0,,,,,,,,,,19496000000.0,,
2014Q1,AXP,-1394000000.0,151497000000.0,4761000000.0,,1059000000.0,42671000000.0,1.34,1.33,674000000.0,,,776000000.0,1776000000.0,439000000.0,94000000.0,1337000000.0,131520000000.0,62825000000.0,54095000000.0,1432000000.0,,5480000000.0,6836000000.0,,961000000.0,215000000.0,485000000.0,,,19977000000.0,1067000000.0,1060000000.0
2014Q2,AXP,-1371000000.0,152384000000.0,4855000000.0,4782000000.0,1046000000.0,42136000000.0,1.44,1.43,687000000.0,,,783000000.0,1759000000.0,443000000.0,91000000.0,1316000000.0,132171000000.0,65168000000.0,54836000000.0,1529000000.0,1529000000.0,5830000000.0,7315000000.0,,,183000000.0,489000000.0,,,20213000000.0,1058000000.0,1052000000.0
2014Q3,AXP,-1542000000.0,153862000000.0,4750000000.0,4700000000.0,1035000000.0,42703000000.0,1.41,1.4,680000000.0,,,769000000.0,1815000000.0,420000000.0,91000000.0,1395000000.0,133646000000.0,64911000000.0,55712000000.0,1477000000.0,1477000000.0,5569000000.0,6908000000.0,,,196000000.0,488000000.0,,,20216000000.0,1047000000.0,1041000000.0
2014Q4,AXP,-1919000000.0,159000000000.0,4431000000.0,4381000000.0,1023000000.0,44171000000.0,1.4,1.39,,3024000000.0,,,,,,,138430000000.0,69184000000.0,57955000000.0,1447000000.0,,,,,,,,,,20673000000.0,,
2015Q1,AXP,-2151000000.0,155000000000.0,4417000000.0,4367000000.0,1016000000.0,44928000000.0,1.49,1.48,667000000.0,,,791000000.0,1857000000.0,410000000.0,103000000.0,1447000000.0,132854000000.0,65705000000.0,54712000000.0,1525000000.0,1525000000.0,5214000000.0,6503000000.0,,791000000.0,174000000.0,420000000.0,,,22000000000.0,1023000000.0,1019000000.0
2015Q2,AXP,-2154000000.0,157000000000.0,4584000000.0,4535000000.0,1002000000.0,47166000000.0,1.43,1.42,667000000.0,,,757000000.0,1837000000.0,414000000.0,109000000.0,1423000000.0,135267000000.0,67823000000.0,52740000000.0,1473000000.0,1453000000.0,5587000000.0,6861000000.0,,,165000000.0,467000000.0,,,22000000000.0,1013000000.0,1009000000.0
2015Q3,AXP,-2374000000.0,154000000000.0,3947000000.0,3897000000.0,985000000.0,49301000000.0,1.24,1.24,679000000.0,,,672000000.0,1904000000.0,399000000.0,125000000.0,1505000000.0,132881000000.0,67731000000.0,48653000000.0,1266000000.0,1244000000.0,5726000000.0,6688000000.0,,,203000000.0,529000000.0,,,21000000000.0,997000000.0,994000000.0
2015Q4,AXP,-2534000000.0,161000000000.0,3759000000.0,3710000000.0,969000000.0,54997000000.0,0.89,0.89,,2749000000.0,,,,,,,140511000000.0,57545000000.0,48061000000.0,899000000.0,,,,,,,,,,20673000000.0,,
2016Q1,AXP,-2502000000.0,158816000000.0,3839000000.0,3789000000.0,951000000.0,55764000000.0,1.45,1.45,699000000.0,,,758000000.0,2005000000.0,425000000.0,150000000.0,1580000000.0,138089000000.0,56394000000.0,47311000000.0,1426000000.0,1405000000.0,5470000000.0,6508000000.0,,1188000000.0,169000000.0,434000000.0,,8088000000.0,20501000000.0,963000000.0,961000000.0
2016Q2,AXP,-2621000000.0,160000000000.0,3892000000.0,3842000000.0,925000000.0,54404000000.0,2.11,2.1,715000000.0,,,1001000000.0,1885000000.0,436000000.0,150000000.0,1449000000.0,138930000000.0,58796000000.0,50649000000.0,2015000000.0,1996000000.0,4756000000.0,6786000000.0,,,153000000.0,463000000.0,,8235000000.0,21000000000.0,941000000.0,938000000.0
2016Q3,AXP,-2618000000.0,153000000000.0,3728000000.0,3679000000.0,917000000.0,53500000000.0,1.21,1.2,747000000.0,,,593000000.0,1764000000.0,430000000.0,150000000.0,1334000000.0,132360000000.0,59504000000.0,44894000000.0,1142000000.0,1121000000.0,5535000000.0,6440000000.0,,,174000000.0,504000000.0,,7774000000.0,21000000000.0,923000000.0,920000000.0
2016Q4,AXP,-2784000000.0,159000000000.0,3157000000.0,3108000000.0,904000000.0,53042000000.0,0.88,0.88,,2927000000.0,,,,,,,138392000000.0,64042000000.0,46990000000.0,825000000.0,,,,,,,,,8022000000.0,20523000000.0,,
2017Q1,AXP,-2470000000.0,161000000000.0,3561000000.0,3513000000.0,895000000.0,53790000000.0,1.36,1.35,748000000.0,,,588000000.0,1945000000.0,443000000.0,149000000.0,1502000000.0,140450000000.0,62320000000.0,51647000000.0,1251000000.0,1230000000.0,6297000000.0,7207000000.0,,926000000.0,213000000.0,573000000.0,6047000000.0,8709000000.0,20935000000.0,903000000.0,899000000.0
2017Q2,AXP,-2428000000.0,167000000000.0,3360000000.0,3311000000.0,885000000.0,57726000000.0,1.48,1.47,771000000.0,,,613000000.0,2054000000.0,521000000.0,176000000.0,1533000000.0,145822000000.0,64651000000.0,51945000000.0,1344000000.0,1325000000.0,6632000000.0,7639000000.0,,,163000000.0,583000000.0,6224000000.0,9172000000.0,21175000000.0,893000000.0,890000000.0
2017Q3,AXP,-2316000000.0,169000000000.0,3250000000.0,3202000000.0,871000000.0,61290000000.0,1.51,1.51,786000000.0,,,472000000.0,2245000000.0,568000000.0,213000000.0,1677000000.0,147492000000.0,66376000000.0,48762000000.0,1359000000.0,1338000000.0,6689000000.0,7613000000.0,,,214000000.0,770000000.0,6172000000.0,9290000000.0,21085000000.0,881000000.0,878000000.0
2017Q4,AXP,-2428000000.0,181000000000.0,3159000000.0,3111000000.0,859000000.0,64452000000.0,-1.42,-1.42,,3009000000.0,,,,,,,162935000000.0,71693000000.0,55804000000.0,-1206000000.0,,,,,,,,,9707000000.0,18261000000.0,,
2018Q1,AXP,-2381000000.0,180000000000.0,3388000000.0,3340000000.0,860000000.0,66665000000.0,1.86,1.86,830000000.0,,,448000000.0,2462000000.0,621000000.0,270000000.0,1841000000.0,160343000000.0,71034000000.0,52461000000.0,1634000000.0,1613000000.0,6861000000.0,7877000000.0,,134000000.0,242000000.0,775000000.0,6387000000.0,9718000000.0,19613000000.0,861.0,859.0
2018Q2,AXP,-2483000000.0,185000000000.0,4753000000.0,4706000000.0,861000000.0,67391000000.0,1.85,1.84,844000000.0,,,468000000.0,2540000000.0,711000000.0,300000000.0,1829000000.0,163969000000.0,73579000000.0,55883000000.0,1623000000.0,1603000000.0,7105000000.0,8173000000.0,,,245000000.0,806000000.0,6674000000.0,10002000000.0,20892000000.0,862000000.0,860000000.0
2018Q3,AXP,-2504000000.0,189000000000.0,6071000000.0,6024000000.0,854000000.0,69301000000.0,1.89,1.88,870000000.0,,,464000000.0,2738000000.0,777000000.0,340000000.0,1961000000.0,167632000000.0,75666000000.0,55300000000.0,1654000000.0,1634000000.0,7209000000.0,8183000000.0,,,214000000.0,817000000.0,6654000000.0,10144000000.0,21460000000.0,860000000.0,858000000.0
2018Q4,AXP,-2597000000.0,189000000000.0,4647000000.0,4599000000.0,847000000.0,69960000000.0,2.33,2.32,,3072000000.0,,,,,,,166312000000.0,79720000000.0,58423000000.0,2010000000.0,,,,3676000000.0,,,,,10474000000.0,22290000000.0,,
2019Q1,AXP,-2599000000.0,197000000000.0,6457000000.0,6410000000.0,837000000.0,72857000000.0,1.81,1.8,,,,408000000.0,2954000000.0,895000000.0,399000000.0,2059000000.0,174975000000.0,78874000000.0,58418000000.0,1550000000.0,1529000000.0,7597000000.0,8305000000.0,,,253000000.0,809000000.0,6697000000.0,10364000000.0,22218000000.0,843000000.0,841000000.0
2019Q2,AXP,-2606000000.0,198000000000.0,,8457000000.0,832000000.0,72590000000.0,2.07,2.07,,,,458000000.0,2965000000.0,891000000.0,406000000.0,2074000000.0,174511000000.0,81062000000.0,57736000000.0,1761000000.0,1742000000.0,7758000000.0,8764000000.0,4059000000.0,,224000000.0,861000000.0,7080000000.0,10838000000.0,23092000000.0,836000000.0,834000000.0
2019Q3,AXP,-2661000000.0,194000000000.0,,8370000000.0,821000000.0,73298000000.0,2.09,2.08,,,,511000000.0,3080000000.0,877000000.0,401000000.0,2203000000.0,171159000000.0,81423000000.0,58474000000.0,1755000000.0,1734000000.0,7844000000.0,8786000000.0,4340000000.0,,238000000.0,879000000.0,7051000000.0,10989000000.0,23025000000.0,827000000.0,825000000.0
2019Q4,AXP,-2737000000.0,198000000000.0,,8328000000.0,810000000.0,73287000000.0,2.04,2.03,,3315000000.0,,,,,,,175250000000.0,84998000000.0,57835000000.0,1693000000.0,,,,4626000000.0,,,,,11365000000.0,23071000000.0,,
2020Q1,AXP,-2996000000.0,186000000000.0,,4957000000.0,805000000.0,77962000000.0,0.41,0.41,,,,85000000.0,3046000000.0,716000000.0,326000000.0,2330000000.0,165054000000.0,72464000000.0,52588000000.0,367000000.0,335000000.0,7237000000.0,7980000000.0,4954000000.0,,597000000.0,2621000000.0,6296000000.0,10310000000.0,21006000000.0,808000000.0,807000000.0
2020Q2,AXP,-2911000000.0,189000000000.0,,19869000000.0,805000000.0,84805000000.0,0.29,0.29,,,,365000000.0,2426000000.0,542000000.0,260000000.0,1884000000.0,167546000000.0,64431000000.0,48797000000.0,257000000.0,240000000.0,5498000000.0,5791000000.0,4129000000.0,,355000000.0,1555000000.0,4357000000.0,7675000000.0,21062000000.0,805000000.0,804000000.0
2020Q3,AXP,-2872000000.0,187000000000.0,,22344000000.0,805000000.0,85461000000.0,1.31,1.3,,,1364000000.0,291000000.0,2324000000.0,450000000.0,202000000.0,1874000000.0,165390000000.0,63918000000.0,44777000000.0,1073000000.0,1057000000.0,6722000000.0,6877000000.0,,,117000000.0,665000000.0,5380000000.0,8751000000.0,21869000000.0,805000000.0,804000000.0
2020Q4,AXP,-2895000000.0,191000000000.0,,21550000000.0,805000000.0,86875000000.0,1.76,1.76,,3852000000.0,,,,,,,168383000000.0,,42952000000.0,1438000000.0,,,,,,,,,9351000000.0,22984000000.0,,
2021Q1,AXP,-2898000000.0,193000000000.0,,21220000000.0,803000000.0,89193000000.0,2.74,2.74,,,2993000000.0,758000000.0,2192000000.0,362000000.0,134000000.0,1830000000.0,168618000000.0,,42019000000.0,2235000000.0,2221000000.0,6746000000.0,7234000000.0,,513000000.0,,,5654000000.0,9064000000.0,24449000000.0,805000000.0,804000000.0
2021Q2,AXP,-2881000000.0,187000000000.0,,12392000000.0,798000000.0,84905000000.0,2.81,2.8,,,2940000000.0,660000000.0,2140000000.0,322000000.0,113000000.0,1818000000.0,161434000000.0,,37363000000.0,2280000000.0,2265000000.0,7909000000.0,8425000000.0,,,,,6762000000.0,10243000000.0,25539000000.0,802000000.0,801000000.0
2021Q3,AXP,-2963000000.0,184000000000.0,,,778000000.0,84326000000.0,2.27,2.27,,,2450000000.0,624000000.0,2301000000.0,307000000.0,109000000.0,1994000000.0,159835000000.0,,34483000000.0,1826000000.0,1797000000.0,8669000000.0,8934000000.0,,,,,7138000000.0,10928000000.0,24426000000.0,787000000.0,786000000.0
2021Q4,AXP,-2945000000.0,189000000000.0,,2512000000.0,761000000.0,84382000000.0,,,,3804000000.0,,,,,,,166371000000.0,,38675000000.0,,,,,,,,,,,22177000000.0,,
2022Q1,AXP,-2973000000.0,196000000000.0,,,755000000.0,90917000000.0,2.73,2.73,,,2712000000.0,613000000.0,2520000000.0,321000000.0,122000000.0,2199000000.0,173479000000.0,,38337000000.0,2099000000.0,2085000000.0,9056000000.0,9536000000.0,,1570000000.0,,,7640000000.0,11735000000.0,22383000000.0,758000000.0,757000000.0
2022Q2,AXP,-3143000000.0,205000000000.0,,,751000000.0,96411000000.0,2.57,2.57,,,2543000000.0,579000000.0,2799000000.0,439000000.0,187000000.0,2360000000.0,182063000000.0,,40495000000.0,1964000000.0,1949000000.0,10442000000.0,11035000000.0,,,,,8771000000.0,13395000000.0,23235000000.0,753000000.0,752000000.0
2022Q3,AXP,-3377000000.0,215000000000.0,,,747000000.0,103463000000.0,2.47,2.47,,,2459000000.0,580000000.0,3374000000.0,796000000.0,440000000.0,2578000000.0,190975000000.0,,42393000000.0,1879000000.0,1865000000.0,10319000000.0,10978000000.0,,,,,8733000000.0,13556000000.0,23940000000.0,749000000.0,748000000.0
2022Q4,AXP,-3210000000.0,228354000000.0,,,743000000.0,110239000000.0,,,,3786000000.0,,,,,,,203643000000.0,,42573000000.0,,,,,,,,,,,24711000000.0,,
2023Q1,AXP,-3106000000.0,236000000000.0,,,743000000.0,120806000000.0,2.41,2.4,,,2167000000.0,351000000.0,4416000000.0,1433000000.0,994000000.0,2983000000.0,209850000000.0,,41138000000.0,1816000000.0,1802000000.0,11059000000.0,11298000000.0,,316000000.0,,,8846000000.0,14281000000.0,25992000000.0,744000000.0,743000000.0
2023Q2,AXP,-3084000000.0,244904000000.0,,,736000000.0,122756000000.0,2.89,2.89,,,2734000000.0,560000000.0,4775000000.0,1670000000.0,1196000000.0,3105000000.0,218201000000.0,,46725000000.0,2174000000.0,2159000000.0,11122000000.0,11949000000.0,,,,,9433000000.0,15054000000.0,26703000000.0,741000000.0,740000000.0
2023Q3,AXP,-3176000000.0,250587000000.0,,,729000000.0,124439000000.0,3.3,3.3,,,3100000000.0,649000000.0,5240000000.0,1798000000.0,1290000000.0,3442000000.0,223263000000.0,,46447000000.0,2451000000.0,2437000000.0,11048000000.0,11939000000.0,,,,,9377000000.0,15381000000.0,27324000000.0,733000000.0,732000000.0
2023Q4,AXP,-3072000000.0,261108000000.0,,,723000000.0,129144000000.0,,,,3851000000.0,,,,,,,233051000000.0,,47866000000.0,,,,,,,,,,,28057000000.0,,
2024Q1,AXP,-3155000000.0,269261000000.0,,,719000000.0,134418000000.0,3.34,3.33,,,3145000000.0,708000000.0,5775000000.0,2006000000.0,1427000000.0,3769000000.0,240497000000.0,,48826000000.0,2437000000.0,2423000000.0,11387000000.0,12032000000.0,,1292000000.0,,,9339000000.0,15801000000.0,28764000000.0,722000000.0,721000000.0
2024Q2,AXP,-3200000000.0,272219000000.0,,,712000000.0,133746000000.0,4.16,4.15,,,3790000000.0,775000000.0,5794000000.0,,1425000000.0,3730000000.0,242679000000.0,,51521000000.0,3015000000.0,3000000000.0,11275000000.0,12603000000.0,,,,,9818000000.0,16333000000.0,29540000000.0,717000000.0,716000000.0
2024Q3,AXP,-3195000000.0,270979000000.0,,,704000000.0,135438000000.0,3.5,3.49,,,3204000000.0,697000000.0,6149000000.0,,1446000000.0,4006000000.0,241272000000.0,,53546000000.0,2507000000.0,2492000000.0,12076000000.0,12630000000.0,,,,,9716000000.0,16636000000.0,29707000000.0,709000000.0,708000000.0
2024Q4,AXP,-3395000000.0,271461000000.0,,,702000000.0,139413000000.0,,,,4187000000.0,,,,,,,241197000000.0,,49715000000.0,,,,,,,,,,,30264000000.0,,
2025Q1,AXP,-3366000000.0,282244000000.0,,,701000000.0,146396000000.0,3.64,3.64,,,3330000000.0,746000000.0,6135000000.0,,1337000000.0,4169000000.0,251042000000.0,,51236000000.0,2584000000.0,2570000000.0,12487000000.0,12798000000.0,,1208000000.0,,,9626000000.0,16967000000.0,31202000000.0,702000000.0,701000000.0
2025Q2,AXP,-3248000000.0,295556000000.0,,,696000000.0,149386000000.0,4.08,4.08,,,3550000000.0,665000000.0,6264000000.0,,1374000000.0,4187000000.0,263245000000.0,,58202000000.0,2885000000.0,2852000000.0,12901000000.0,13669000000.0,,,,,10321000000.0,17856000000.0,32311000000.0,699000000.0,698000000.0
2025Q3,AXP,-3249000000.0,297550000000.0,,,689000000.0,149883000000.0,4.14,4.14,,,3825000000.0,923000000.0,6617000000.0,,1371000000.0,4486000000.0,265133000000.0,,57787000000.0,2902000000.0,2888000000.0,13314000000.0,13940000000.0,,,,,10415000000.0,18426000000.0,32417000000.0,693000000.0,692000000.0
2025Q4,AXP,-3277000000.0,300052000000.0,,,686000000.0,152488000000.0,,,,4872000000.0,,,,,,,266578000000.0,,56387000000.0,,,,,,,,,,,33474000000.0,,
2026Q1,AXP,-3311000000.0,308894000000.0,,,682000000.0,157948000000.0,4.29,4.28,,,3778000000.0,807000000.0,6665000000.0,,1287000000.0,4692000000.0,274899000000.0,,58750000000.0,2971000000.0,2957000000.0,13878000000.0,14215000000.0,,1911000000.0,,,10517000000.0,18907000000.0,33995000000.0,686000000.0,685000000.0
2026Q2,AXP,-3355000000.0,308203000000.0,,,675000000.0,156973000000.0,4.54,4.53,,,4071000000.0,961000000.0,6607000000.0,,1276000000.0,4649000000.0,273923000000.0,,57017000000.0,3110000000.0,3076000000.0,14482000000.0,14988000000.0,,,,,11212000000.0,19637000000.0,34280000000.0,679000000.0,678000000.0
