q,ticker,AccumulatedOtherComprehensiveIncomeLossNetOfTax,Assets,AvailableForSaleSecurities,AvailableForSaleSecuritiesDebtSecurities,CommonStockSharesOutstanding,Deposits,EarningsPerShareBasic,EarningsPerShareDiluted,Goodwill,IncomeLossFromContinuingOperationsBeforeIncomeTaxesExtraordinaryItemsNoncontrollingInterest,IncomeTaxExpenseBenefit,IntangibleAssetsNetExcludingGoodwill,InterestExpense,Liabilities,LoansAndLeasesReceivableNetReportedAmount,LongTermDebt,LongTermDebtNoncurrent,NetIncomeLoss,NetIncomeLossAvailableToCommonStockholdersBasic,PaymentsForRepurchaseOfCommonStock,RevenueFromContractWithCustomerExcludingAssessedTax,Revenues,StockholdersEquity,StockholdersEquityIncludingPortionAttributableToNoncontrollingInterest,TradingGainsLosses,WeightedAverageNumberOfDilutedSharesOutstanding,WeightedAverageNumberOfSharesOutstandingBasic
2006Q3,BEN,,,,,,,,,,,,,,,,,,,,,,,6684728000.0,,,,
2007Q3,BEN,,,,,,,,,,,,,,,,,,,,,,,7332275000.0,,,,
2008Q2,BEN,,,,,,,1.72,1.71,,,150580000.0,,3287000.0,,,,,403312000.0,,,,1521649000.0,,,,,
2008Q3,BEN,6354000.0,9176520000.0,320910000.0,,232777979.0,570279000.0,,,1438093000.0,,,579572000.0,,2024994000.0,371647000.0,,118433000.0,,,,,,7074364000.0,,,,
2008Q4,BEN,,,,,,,0.52,0.52,,,64771000.0,,1200000.0,,,,,120900000.0,,40678000.0,,969330000.0,,,,,
2009Q1,BEN,,,,,,,0.48,0.47,,,67159000.0,,2092000.0,,,,,110806000.0,,,,912272000.0,,,,,
2009Q2,BEN,21136000.0,9242906000.0,492457000.0,,230390721.0,646607000.0,1.28,1.28,1428914000.0,,116204000.0,568607000.0,211000.0,1812660000.0,296999000.0,,84315000.0,297716000.0,295278000.0,109700000.0,,1073558000.0,7343517000.0,,,230819.0,229804.0
2009Q3,BEN,103351000.0,9468463000.0,472055000.0,,229324345.0,664580000.0,,,1436626000.0,,,567974000.0,,1768902000.0,310504000.0,0.0,0.0,,,,,,7632173000.0,7634435000.0,,,
2009Q4,BEN,125399000.0,9224129000.0,457589000.0,,228205363.0,689245000.0,1.55,1.54,1439874000.0,,156736000.0,567345000.0,742000.0,2052739000.0,362393000.0,,,355603000.0,352338000.0,173996000.0,,1377411000.0,7135051000.0,7137077000.0,,229251000.0,227892000.0
2010Q1,BEN,143687000.0,9520582000.0,440998000.0,,227391266.0,709136000.0,1.56,1.55,1445139000.0,,149946000.0,567562000.0,936000.0,2104016000.0,368154000.0,,,356685000.0,354709000.0,,,1413113000.0,7384276000.0,7387492000.0,,228300000.0,227046000.0
2010Q2,BEN,59258000.0,10409814000.0,430243000.0,,225385015.0,669792000.0,1.59,1.58,1438109000.0,494796000.0,135113000.0,561810000.0,4836000.0,2951108000.0,371691000.0,898836000.0,,360495000.0,358479000.0,212300000.0,,1534071000.0,7426502000.0,7429911000.0,,226806000.0,225626000.0
2010Q3,BEN,173716000.0,10708088000.0,408239000.0,,224007674.0,655748000.0,,,1444300000.0,,,562360000.0,,2958109000.0,374886000.0,898903000.0,898903000.0,,,,,,7726994000.0,7730446000.0,,,
2010Q4,BEN,186537000.0,12391955000.0,393891000.0,,223293744.0,677358000.0,2.24,2.23,1447065000.0,697667000.0,207550000.0,560336000.0,7895000.0,4238432000.0,401944000.0,898971000.0,,501157000.0,499031000.0,198536000.0,,1700313000.0,8129728000.0,8132566000.0,817000.0,224253000.0,223169000.0
2011Q1,BEN,205533000.0,12827382000.0,330181000.0,,221843061.0,785639000.0,2.26,2.25,1467211000.0,678569000.0,183004000.0,613463000.0,8364000.0,4377435000.0,414806000.0,899039000.0,,503100000.0,500338000.0,,,1749563000.0,8413508000.0,8419479000.0,12835000.0,222696000.0,221696000.0
2011Q2,BEN,230980000.0,13150999000.0,360422000.0,,220425607.0,689299000.0,2.27,2.26,1481955000.0,687144000.0,208944000.0,611618000.0,10056000.0,4352402000.0,429219000.0,899106000.0,,503347000.0,500460000.0,,,1853033000.0,8686499000.0,8763436000.0,7432000.0,221284000.0,220313000.0
2011Q3,BEN,40400000.0,13775800000.0,1336500000.0,,217693435.0,890200000.0,,,1536200000.0,,,612000000.0,,4653300000.0,401900000.0,998200000.0,1850750000.0,,,,,,8524700000.0,9103900000.0,,,
2011Q4,BEN,12932000.0,13405487000.0,331621000.0,368065000.0,215948381.0,1028343000.0,2.21,2.2,1535600000.0,695000000.0,201300000.0,606625000.0,8600000.0,4445586000.0,390120000.0,974347000.0,1798088000.0,480800000.0,477400000.0,-290900000.0,,1701900000.0,8273643000.0,8933392000.0,10500000.0,216700000.0,216100000.0
2012Q1,BEN,76343000.0,13662808000.0,279787000.0,313284000.0,215125221.0,837068000.0,2.33,2.32,1537800000.0,689900000.0,202100000.0,607540000.0,9600000.0,4286559000.0,262965000.0,964863000.0,1802120000.0,503200000.0,499800000.0,,,1799300000.0,8689779000.0,9353336000.0,10300000.0,215100000.0,214500000.0
2012Q2,BEN,-8546000.0,13634313000.0,257873000.0,291262000.0,212592351.0,925571000.0,0.71,0.71,1528300000.0,614900000.0,184900000.0,599193000.0,10100000.0,4297694000.0,266073000.0,666997000.0,1494831000.0,455300000.0,452200000.0,,,1783600000.0,8749329000.0,9306907000.0,3100000.0,640900000.0,639300000.0
2012Q3,BEN,62000000.0,14751500000.0,870000000.0,99500000.0,636626871.0,671700000.0,,,1540800000.0,,,601100000.0,,4964300000.0,254400000.0,1566100000.0,,,,,,,9201300000.0,9760500000.0,,,
2012Q4,BEN,63800000.0,14354200000.0,733400000.0,72100000.0,212524001.0,885200000.0,0.81,0.81,1647700000.0,716100000.0,211400000.0,744600000.0,14500000.0,4753200000.0,279400000.0,1263300000.0,,516100000.0,512100000.0,-98000000.0,,1901800000.0,8947800000.0,9534800000.0,5300000.0,635400000.0,634500000.0
2013Q1,BEN,8700000.0,14810200000.0,716000000.0,68700000.0,212595884.0,674200000.0,0.9,0.9,1644200000.0,815000000.0,221600000.0,736700000.0,10900000.0,4651800000.0,238300000.0,1263400000.0,,572800000.0,568800000.0,,,2013600000.0,9420000000.0,10077900000.0,8300000.0,634700000.0,634000000.0
2013Q2,BEN,-48400000.0,15317200000.0,702500000.0,48400000.0,635717838.0,714200000.0,0.87,0.86,1632700000.0,772000000.0,209900000.0,726100000.0,10000000.0,4794100000.0,247300000.0,1252100000.0,,552300000.0,548300000.0,,,2084800000.0,9779800000.0,10402300000.0,-11100000.0,634300000.0,633600000.0
2013Q3,BEN,6100000.0,15390300000.0,682200000.0,25400000.0,630917532.0,586800000.0,,,1701500000.0,,,657700000.0,,4583000000.0,229700000.0,1197700000.0,,,,,,,10073100000.0,10685500000.0,,,
2013Q4,BEN,2900000.0,15909300000.0,586500000.0,19800000.0,630916855.0,654400000.0,0.96,0.96,,848700000.0,252700000.0,,12600000.0,4671100000.0,9600000.0,1197800000.0,,603800000.0,600300000.0,137100000.0,,2109500000.0,10507100000.0,11084400000.0,3400000.0,628500000.0,628100000.0
2014Q1,BEN,4400000.0,16137400000.0,579300000.0,19600000.0,627803784.0,674100000.0,0.89,0.89,,791600000.0,238800000.0,,11400000.0,4491000000.0,3800000.0,1197900000.0,,561000000.0,557100000.0,,,2095900000.0,10865200000.0,11473200000.0,3700000.0,626500000.0,626100000.0
2014Q2,BEN,24200000.0,16691900000.0,542700000.0,12200000.0,625454242.0,664200000.0,0.92,0.92,,883500000.0,251400000.0,,10900000.0,4587300000.0,3700000.0,1198100000.0,,578900000.0,575000000.0,,,2130500000.0,11295300000.0,11920900000.0,2600000.0,623600000.0,623200000.0
2014Q3,BEN,-117700000.0,16357100000.0,554100000.0,12000000.0,622893090.0,400000.0,,,1691000000.0,,,,,3909900000.0,2500000.0,1198200000.0,,,,,,,11584100000.0,12212400000.0,,,
2014Q4,BEN,-178400000.0,16296800000.0,574800000.0,9400000.0,622426648.0,,0.91,0.91,,822400000.0,256100000.0,,11300000.0,4068300000.0,,1198300000.0,,566400000.0,562800000.0,151200000.0,,2064300000.0,11555800000.0,12154500000.0,-3000000.0,620200000.0,620100000.0
2015Q1,BEN,-289000000.0,16491100000.0,541200000.0,8600000.0,619142013.0,,0.98,0.98,,858900000.0,236000000.0,,1700000.0,4007200000.0,,1597700000.0,,606500000.0,602500000.0,,,2009800000.0,11821500000.0,12429500000.0,6000000.0,617700000.0,617600000.0
2015Q2,BEN,-255600000.0,16670300000.0,487400000.0,7300000.0,614813951.0,,0.82,0.82,,751400000.0,217400000.0,,13700000.0,3884700000.0,,1347900000.0,,504200000.0,500800000.0,,,2000800000.0,12085500000.0,12713900000.0,-6600000.0,614200000.0,614100000.0
2015Q3,BEN,-314200000.0,16335700000.0,446400000.0,,603517181.0,,,,1661200000.0,,,,,3780300000.0,,1348000000.0,,,,,,,11841000000.0,12495800000.0,,,
2015Q4,BEN,-343100000.0,16155500000.0,363000000.0,,595228556.0,,0.74,0.74,,672100000.0,209700000.0,,12000000.0,3681400000.0,,1348100000.0,,447800000.0,445100000.0,381500000.0,,1758000000.0,11781200000.0,12420900000.0,-7300000.0,597700000.0,597600000.0
2016Q1,BEN,-317800000.0,15890900000.0,301900000.0,,586134232.0,,0.61,0.61,1664900000.0,542500000.0,181700000.0,,12200000.0,3450400000.0,,1442600000.0,,360400000.0,357700000.0,,,1613900000.0,11770400000.0,12403700000.0,21700000.0,587100000.0,587000000.0
2016Q2,BEN,-352500000.0,15997500000.0,258000000.0,,576780254.0,,0.77,0.77,1661400000.0,648900000.0,187400000.0,,12300000.0,3586600000.0,,1441000000.0,,446400000.0,443200000.0,,,1634300000.0,11782100000.0,12371500000.0,35400000.0,578900000.0,578900000.0
2016Q3,BEN,-347400000.0,16098800000.0,301400000.0,,570345156.0,,,,1661200000.0,,,,,3509500000.0,,1401200000.0,,,,,,,11935800000.0,12528200000.0,,,
2016Q4,BEN,-417800000.0,16210300000.0,105300000.0,,565683547.0,,0.77,0.77,,619700000.0,200900000.0,,13300000.0,3122100000.0,,1394400000.0,,440200000.0,437200000.0,256200000.0,,1560800000.0,11964800000.0,12247000000.0,2000000.0,565200000.0,565100000.0
2017Q1,BEN,-373200000.0,17210100000.0,83700000.0,,562083716.0,,0.74,0.74,,627500000.0,192500000.0,,12600000.0,3077100000.0,,1374100000.0,,420700000.0,417200000.0,,,1600600000.0,12193600000.0,12473200000.0,8400000.0,560600000.0,560300000.0
2017Q2,BEN,-321000000.0,17476200000.0,78800000.0,,557960048.0,,0.73,0.73,,643500000.0,184100000.0,,12900000.0,2940500000.0,,1374700000.0,,410600000.0,407100000.0,,,1613900000.0,12400000000.0,12705100000.0,1100000.0,556700000.0,556200000.0
2017Q3,BEN,-284800000.0,17534000000.0,112700000.0,,554865343.0,,,,1687200000.0,,,,,2656300000.0,,1044200000.0,,,,,,,12620000000.0,12935800000.0,,,
2017Q4,BEN,-266600000.0,18074400000.0,114300000.0,,552406256.0,,-1.06,-1.06,,651600000.0,1223500000.0,,10800000.0,3785800000.0,,1044500000.0,,-583300000.0,-584300000.0,198700000.0,,1615500000.0,11758100000.0,12080500000.0,700000.0,550700000.0,550700000.0
2018Q1,BEN,-259700000.0,17690000000.0,87700000.0,,541695819.0,,0.79,0.78,,633100000.0,150200000.0,,10000000.0,5203400000.0,,1044800000.0,,443200000.0,428000000.0,,,1617800000.0,10058400000.0,10402200000.0,1800000.0,545500000.0,545000000.0
2018Q2,BEN,-342900000.0,15528000000.0,101900000.0,,529106446.0,,0.75,0.75,,447200000.0,91800000.0,,22100000.0,3306000000.0,,695700000.0,,402000000.0,398700000.0,,,1558600000.0,9863500000.0,10190400000.0,-2400000.0,533500000.0,533000000.0
2018Q3,BEN,-370600000.0,14383500000.0,194100000.0,,519122574.0,,,,1794800000.0,,,,,3132000000.0,,695900000.0,,,,,,,9899200000.0,10207900000.0,,,
2018Q4,BEN,-393600000.0,13950600000.0,,11000000.0,511482401.0,,0.54,0.54,,346000000.0,86000000.0,,6400000.0,2941600000.0,,697700000.0,,275900000.0,273400000.0,321400000.0,,1411500000.0,9745400000.0,10076700000.0,,510800000.0,510300000.0
2019Q1,BEN,-386500000.0,14239000000.0,,11000000.0,507714184.0,,0.72,0.72,,492500000.0,110900000.0,,5700000.0,2920600000.0,,697900000.0,,367500000.0,363700000.0,,,1433800000.0,9883800000.0,10499100000.0,,505100000.0,504700000.0
2019Q2,BEN,-380900000.0,14463300000.0,,4700000.0,504120477.0,,0.48,0.48,,413500000.0,158900000.0,,5600000.0,3091000000.0,,697000000.0,,245900000.0,243300000.0,,,1476700000.0,9911000000.0,10565800000.0,,502300000.0,501600000.0
2019Q3,BEN,-431600000.0,14532200000.0,,4000000.0,499303269.0,,,,2130300000.0,,,864200000.0,,3161300000.0,,696900000.0,,,,,,,9906500000.0,10541500000.0,,,
2019Q4,BEN,-376200000.0,15001800000.0,,2000000.0,497599517.0,,0.7,0.7,,445600000.0,97500000.0,,6100000.0,3377000000.0,,697000000.0,,350500000.0,346300000.0,121400000.0,1389200000.0,1412700000.0,10081600000.0,10759100000.0,,495300000.0,494700000.0
2020Q1,BEN,-476100000.0,14666200000.0,,1400000.0,495284908.0,,0.16,0.16,,102900000.0,44100000.0,,3700000.0,3703600000.0,,697200000.0,,79100000.0,77300000.0,,1311200000.0,1338300000.0,9903400000.0,10684800000.0,,491800000.0,491500000.0
2020Q2,BEN,-450100000.0,15617000000.0,,1800000.0,495369948.0,,0.58,0.58,2190700000.0,269800000.0,16100000.0,904100000.0,5200000.0,3899500000.0,,697200000.0,,290400000.0,286200000.0,,1161100000.0,1188100000.0,10114200000.0,10903900000.0,,490700000.0,490400000.0
2020Q3,BEN,-407600000.0,21684500000.0,,,495116677.0,,,,4500800000.0,,,4914200000.0,,10273500000.0,,3017100000.0,,,,,,,10114500000.0,10869100000.0,,,
2020Q4,BEN,-314700000.0,21229600000.0,,,505472834.0,,0.67,0.67,4515200000.0,537300000.0,142500000.0,4867400000.0,29700000.0,9193400000.0,,3753100000.0,,345300000.0,330700000.0,45100000.0,1995100000.0,,10400900000.0,11279600000.0,,491700000.0,491100000.0
2021Q1,BEN,-348500000.0,21869800000.0,,,504341424.0,,0.74,0.74,4516400000.0,613500000.0,128100000.0,4809800000.0,15900000.0,9372800000.0,,3486500000.0,,381800000.0,364900000.0,,2076500000.0,,10563400000.0,11518600000.0,,490900000.0,490500000.0
2021Q2,BEN,-326100000.0,23129100000.0,,,502870612.0,,0.86,0.86,4516800000.0,555400000.0,83800000.0,4751300000.0,25700000.0,10645600000.0,,3480600000.0,,438400000.0,419000000.0,,2172900000.0,,10875200000.0,11430800000.0,,489900000.0,489200000.0
2021Q3,BEN,-377600000.0,24168400000.0,,,501807677.0,,,,4457700000.0,,,4710200000.0,,11424800000.0,,3399400000.0,,,,,,,11223400000.0,11810600000.0,,,
2021Q4,BEN,-389600000.0,24995100000.0,,,502519277.0,,0.89,0.88,4724500000.0,695900000.0,151100000.0,4784400000.0,19300000.0,11815300000.0,,3393700000.0,,453200000.0,433900000.0,21700000.0,2224000000.0,,11552900000.0,12196400000.0,,490600000.0,489800000.0
2022Q1,BEN,-400600000.0,25832900000.0,,,500374393.0,,0.68,0.68,4718200000.0,466200000.0,107100000.0,4721900000.0,22900000.0,12505200000.0,,3388000000.0,,349600000.0,334500000.0,,2081000000.0,,11540700000.0,12189600000.0,,490500000.0,490000000.0
2022Q2,BEN,-503600000.0,27596000000.0,,,498356132.0,,0.5,0.5,5807100000.0,313100000.0,89500000.0,5177400000.0,28900000.0,13817200000.0,,3382200000.0,,256400000.0,245200000.0,,2031300000.0,,11543700000.0,12285100000.0,,487900000.0,487500000.0
2022Q3,BEN,-621000000.0,28060600000.0,,,499575175.0,,,,5778600000.0,,,5082100000.0,,14235900000.0,,3376400000.0,,,,,,,11474600000.0,12298900000.0,,,
2022Q4,BEN,-496300000.0,29335100000.0,,,500265643.0,,0.32,0.32,5942800000.0,229100000.0,60300000.0,5154700000.0,30900000.0,14800400000.0,,3370500000.0,,165600000.0,157900000.0,14200000.0,1967100000.0,,11666300000.0,12555500000.0,,490200000.0,489600000.0
2023Q1,BEN,-478400000.0,29085700000.0,,,500912066.0,,0.38,0.38,6007200000.0,366000000.0,92900000.0,5070400000.0,33500000.0,15682600000.0,,3364600000.0,,194200000.0,185200000.0,,1927200000.0,,11831800000.0,12442600000.0,,491400000.0,490700000.0
2023Q2,BEN,-462500000.0,30234600000.0,,,499012841.0,,0.44,0.44,6012300000.0,330700000.0,84100000.0,4994900000.0,34900000.0,16645300000.0,,3358700000.0,,227500000.0,217300000.0,,1969000000.0,,11948100000.0,12539200000.0,,491400000.0,490700000.0
2023Q3,BEN,-509300000.0,30121200000.0,,,495937891.0,,,,6003800000.0,,,4902200000.0,,16547300000.0,,3052800000.0,,,,,,,11916900000.0,12547800000.0,,,
2023Q4,BEN,-450300000.0,29865800000.0,,,494734214.0,,0.5,0.5,6012900000.0,331200000.0,74900000.0,4823400000.0,18800000.0,16149700000.0,,3046900000.0,,251300000.0,241600000.0,58800000.0,1991100000.0,,12001600000.0,12637600000.0,,487900000.0,487000000.0
2024Q1,BEN,-479200000.0,32907700000.0,,,526185104.0,,0.23,0.23,6198900000.0,238100000.0,62800000.0,5331300000.0,27700000.0,18072100000.0,,3041000000.0,,124200000.0,117000000.0,,2152800000.0,,12861100000.0,13581700000.0,,519200000.0,518400000.0
2024Q2,BEN,-487900000.0,33254900000.0,,,522059992.0,,0.32,0.32,6198500000.0,300100000.0,68100000.0,5267800000.0,25700000.0,18353500000.0,,3035000000.0,,174000000.0,166500000.0,,2122900000.0,,12870200000.0,13635200000.0,,517200000.0,516500000.0
2024Q3,BEN,-419500000.0,32464500000.0,,,523596548.0,,,,6211400000.0,,,4802100000.0,,17899700000.0,,2780300000.0,,,,,,,12508100000.0,13243000000.0,,,
2024Q4,BEN,-524300000.0,32390000000.0,,,523967899.0,,0.29,0.29,6193900000.0,313200000.0,81100000.0,4677300000.0,23100000.0,17050300000.0,,2775800000.0,,163600000.0,148200000.0,5800000.0,2251600000.0,,12462100000.0,13233700000.0,,518200000.0,517400000.0
2025Q1,BEN,-498900000.0,31989800000.0,,,525404160.0,,0.26,0.26,6197900000.0,42700000.0,31100000.0,4544000000.0,20800000.0,16811800000.0,,2671300000.0,,151400000.0,137100000.0,,2111400000.0,,12346000000.0,13161100000.0,,519900000.0,519100000.0
2025Q2,BEN,-413200000.0,32552200000.0,,,518373940.0,,0.15,0.15,6211600000.0,176600000.0,59900000.0,4440300000.0,25800000.0,18117300000.0,,2666700000.0,,92300000.0,79000000.0,,2064000000.0,,12203900000.0,13054400000.0,,516500000.0,515700000.0
2025Q3,BEN,-447100000.0,32368300000.0,,,520951796.0,,,,6206000000.0,,,4166000000.0,,18179500000.0,,2362000000.0,,,,,,,12077800000.0,13006800000.0,,,
2025Q4,BEN,-448200000.0,32549100000.0,,,519974911.0,,0.46,0.46,6291300000.0,451800000.0,105000000.0,4154700000.0,20400000.0,18156700000.0,,2357300000.0,,255500000.0,239300000.0,41900000.0,2327100000.0,,12134900000.0,13100500000.0,,518300000.0,517500000.0
2026Q1,BEN,-489000000.0,34109800000.0,,,519620511.0,,0.49,0.49,6295600000.0,445700000.0,99100000.0,4091400000.0,19900000.0,19494500000.0,,2253300000.0,,268200000.0,251900000.0,,2294900000.0,,12123800000.0,13136400000.0,,518200000.0,517500000.0
2026Q2,BEN,-493700000.0,36243000000.0,,,507507250.0,,0.31,0.31,6299900000.0,370900000.0,115600000.0,4015800000.0,23500000.0,21842300000.0,,2401900000.0,,171500000.0,160400000.0,,2358400000.0,,11738200000.0,12919900000.0,,516000000.0,515200000.0
