q,ticker,AccumulatedOtherComprehensiveIncomeLossNetOfTax,Assets,AvailableForSaleSecurities,AvailableForSaleSecuritiesDebtSecurities,CommonStockSharesOutstanding,DebtSecuritiesHeldToMaturityAmortizedCostAfterAllowanceForCreditLoss,Deposits,EarningsPerShareBasic,EarningsPerShareDiluted,FeesAndCommissionsDepositorAccounts,FeesAndCommissionsMortgageBankingAndServicing,FinancingReceivableAllowanceForCreditLosses,FinancingReceivableExcludingAccruedInterestBeforeAllowanceForCreditLoss,Goodwill,HeldToMaturitySecurities,HeldToMaturitySecuritiesFairValue,IncomeLossFromContinuingOperationsBeforeIncomeTaxesExtraordinaryItemsNoncontrollingInterest,IncomeTaxExpenseBenefit,IntangibleAssetsNetExcludingGoodwill,InterestAndDividendIncomeOperating,InterestExpense,InterestExpenseDeposits,InterestIncomeExpenseAfterProvisionForLoanLoss,InterestIncomeExpenseNet,InvestmentBankingAdvisoryBrokerageAndUnderwritingFeesAndCommissions,Liabilities,LoansAndLeasesReceivableNetReportedAmount,LongTermDebt,NetIncomeLoss,NetIncomeLossAvailableToCommonStockholdersBasic,NoninterestExpense,NoninterestIncome,PaymentsForRepurchaseOfCommonStock,ProvisionForLoanLeaseAndOtherLosses,StockholdersEquity,StockholdersEquityIncludingPortionAttributableToNoncontrollingInterest,WeightedAverageNumberOfDilutedSharesOutstanding,WeightedAverageNumberOfSharesOutstandingBasic
2007Q4,BOKF,,,,,,,,,,,,,,,,,,,,,,,,,,,,,,,,,,,,1954233000.0,,
2008Q4,BOKF,-222886000.0,,,,,,,,,,,,,,,,,,,,,,,,,,,,,,,,,,,1860112000.0,,
2009Q2,BOKF,-98448000.0,22768319000.0,7033090000.0,,70092396.0,,14655389000.0,0.77,0.77,28421000.0,,,,335829000.0,269844000.0,273770000.0,,28315000.0,22009000.0,230685000.0,55105000.0,45103000.0,128460000.0,175580000.0,21794000.0,20702157000.0,11806619000.0,,52115000.0,,175770000.0,127965000.0,,47120000.0,2050572000.0,2066162000.0,67448029.0,67344577.0
2009Q3,BOKF,-763000.0,23876841000.0,8176631000.0,,70137096.0,,15095346000.0,0.75,0.75,30464000.0,,,,335829000.0,238101000.0,244774000.0,,24772000.0,20323000.0,226246000.0,45785000.0,36340000.0,125341000.0,180461000.0,24944000.0,21672847000.0,11330662000.0,,50660000.0,,178732000.0,131770000.0,,55120000.0,2185013000.0,2203994000.0,67513700.0,67392059.0
2009Q4,BOKF,-10740000.0,23516831000.0,8726135000.0,,70312086.0,,15518228000.0,,,,,,,335601000.0,240405000.0,246704000.0,,,18638000.0,,,,,,,21291457000.0,10987603000.0,5003639000.0,,,,,,,2205813000.0,2225374000.0,,
2010Q1,BOKF,47657000.0,23501976000.0,8744641000.0,,70593401.0,,15527516000.0,0.88,0.88,26792000.0,,,,335601000.0,309910000.0,314888000.0,,30283000.0,17315000.0,219370000.0,36796000.0,27617000.0,140474000.0,182574000.0,21035000.0,21169259000.0,10671507000.0,,60133000.0,,163732000.0,113883000.0,,42100000.0,2312443000.0,2332717000.0,67790049.0,67592315.0
2010Q2,BOKF,113771000.0,23736728000.0,9105828000.0,,70616414.0,,16087500000.0,0.93,0.93,28797000.0,9571000.0,,,335601000.0,353277000.0,363886000.0,,32042000.0,15991000.0,217597000.0,35484000.0,26292000.0,146073000.0,182113000.0,24754000.0,21286701000.0,10583228000.0,,63522000.0,63088000.0,205912000.0,157439000.0,,36040000.0,2428738000.0,2450027000.0,67880587.0,67605807.0
2010Q3,BOKF,139041000.0,24385952000.0,9450271000.0,,70627117.0,,16822591000.0,0.94,0.94,24290000.0,,,,335601000.0,343748000.0,358340000.0,,29935000.0,15168000.0,216967000.0,36252000.0,27266000.0,160715000.0,180715000.0,27072000.0,21861964000.0,10506690000.0,,64267000.0,63831000.0,205165000.0,137673000.0,,20000000.0,2503650000.0,2523988000.0,67765344.0,67625378.0
2010Q4,BOKF,107839000.0,23941603000.0,9235621000.0,,70815563.0,,17179061000.0,,,,,,,335601000.0,339553000.0,346105000.0,,,13803000.0,,,,,,,21397725000.0,10350065000.0,3516059000.0,,,,,,,2521726000.0,2543878000.0,,
2011Q1,BOKF,108313000.0,23701023000.0,9665901000.0,,71073780.0,,17872926000.0,0.95,0.94,22480000.0,,,,335601000.0,343401000.0,355052000.0,,38752000.0,12906000.0,202089000.0,31450000.0,24042000.0,164389000.0,170639000.0,25376000.0,21103335000.0,10300286000.0,,64774000.0,64313000.0,178449000.0,117578000.0,0.0,6250000.0,2576133000.0,2597688000.0,68176527.0,67901722.0
2011Q2,BOKF,146255000.0,24238182000.0,9567008000.0,,71100444.0,,17585877000.0,1.01,1.0,23857000.0,9947000.0,,,335601000.0,349583000.0,369247000.0,,39357000.0,12010000.0,205717000.0,31716000.0,23160000.0,171301000.0,174001000.0,23725000.0,21546008000.0,10450933000.0,,69007000.0,68448000.0,203209000.0,142960000.0,,2700000.0,2667717000.0,2692174000.0,68169485.0,67898483.0
2011Q3,BOKF,163571000.0,25066265000.0,9619631000.0,,71154137.0,,18439022000.0,1.24,1.24,24614000.0,,,,335601000.0,452652000.0,483234000.0,,43006000.0,11115000.0,205749000.0,30365000.0,22407000.0,175384000.0,175384000.0,29451000.0,22298715000.0,10853113000.0,,85101000.0,84421000.0,220535000.0,173616000.0,,0.0,2732592000.0,2767550000.0,68037419.0,67827591.0
2011Q4,BOKF,128979000.0,25493946000.0,10179365000.0,,71533354.0,,18762580000.0,,,,,,,335601000.0,439236000.0,462657000.0,,,10219000.0,,,,,,,22707294000.0,11016262000.0,2769748000.0,,,,,,,2750468000.0,2786652000.0,,
2012Q1,BOKF,161418000.0,25884173000.0,10186597000.0,,71902099.0,,18523287000.0,1.22,1.22,24379000.0,,,,335601000.0,427259000.0,451443000.0,,45520000.0,9645000.0,198208000.0,24639000.0,17498000.0,173569000.0,173569000.0,31111000.0,23013772000.0,11333235000.0,,83615000.0,82875000.0,182137000.0,137281000.0,18432000.0,0.0,2834419000.0,2870401000.0,67941895.0,67665300.0
2012Q2,BOKF,139190000.0,25576046000.0,10395415000.0,,72006628.0,,18362197000.0,1.43,1.43,25216000.0,,,,335601000.0,412479000.0,440638000.0,,53149000.0,9098000.0,203055000.0,21694000.0,16390000.0,189361000.0,181361000.0,32600000.0,22653325000.0,11344762000.0,,97628000.0,96651000.0,223011000.0,186260000.0,,-8000000.0,2885934000.0,2922721000.0,67744828.0,67472665.0
2012Q3,BOKF,162393000.0,27117641000.0,11506434000.0,,72223473.0,,19142867000.0,1.28,1.27,25148000.0,,,,358962000.0,432114000.0,460358000.0,,45778000.0,33196000.0,196071000.0,20044000.0,15917000.0,176027000.0,176027000.0,31261000.0,24105166000.0,11598611000.0,,87382000.0,87104000.0,222340000.0,179944000.0,,0.0,2975657000.0,3012475000.0,68334989.0,67966700.0
2012Q4,BOKF,149920000.0,28148631000.0,11287221000.0,,72415346.0,,21179060000.0,,,,,,,361979000.0,499534000.0,528458000.0,,,28192000.0,,,,,,,25154950000.0,12095949000.0,3053854000.0,,,,,,,2957860000.0,2993681000.0,,
2013Q1,BOKF,133383000.0,27447158000.0,11059145000.0,,72945798.0,,19860291000.0,1.28,1.28,22966000.0,,,,359759000.0,589271000.0,615194000.0,,47096000.0,27117000.0,190046000.0,18594000.0,14881000.0,179452000.0,171452000.0,31751000.0,24399266000.0,11887599000.0,,87964000.0,86993000.0,203982000.0,160685000.0,0.0,-8000000.0,3011958000.0,3047892000.0,68040180.0,67814550.0
2013Q2,BOKF,19014000.0,27808200000.0,10698074000.0,,73029101.0,,19496230000.0,1.16,1.16,23962000.0,,,,359759000.0,615790000.0,625705000.0,,41423000.0,26242000.0,186777000.0,17885000.0,13909000.0,168892000.0,168892000.0,32874000.0,24815318000.0,12237658000.0,,79931000.0,79077000.0,210921000.0,163340000.0,,0.0,2957637000.0,2992882000.0,68212497.0,67993822.0
2013Q3,BOKF,-2626000.0,27166367000.0,10372903000.0,,73089764.0,,19491655000.0,1.1,1.1,24742000.0,,,,359759000.0,644225000.0,654479000.0,,33461000.0,25407000.0,185428000.0,17539000.0,13526000.0,176389000.0,167889000.0,32338000.0,24139393000.0,12155775000.0,,75738000.0,74939000.0,210298000.0,143432000.0,,-8500000.0,2991244000.0,3026974000.0,68272861.0,68049179.0
2013Q4,BOKF,-25623000.0,27015432000.0,10147162000.0,,73163275.0,,20269327000.0,,,,,,,359759000.0,677878000.0,687127000.0,,,24564000.0,,,,,,,23960459000.0,12606868000.0,3069690000.0,,,,,,,3020049000.0,3054973000.0,,
2014Q1,BOKF,6795000.0,27364714000.0,9933723000.0,,73547801.0,,20389713000.0,1.11,1.11,22689000.0,,,,364570000.0,668976000.0,685063000.0,,39437000.0,31561000.0,179120000.0,16478000.0,12986000.0,162642000.0,162642000.0,29516000.0,24220115000.0,12889536000.0,,76590000.0,75892000.0,185104000.0,138942000.0,0.0,0.0,3109925000.0,3144599000.0,68436478.0,68273685.0
2014Q2,BOKF,49416000.0,27843770000.0,9699146000.0,,73896899.0,,20571864000.0,1.1,1.1,23133000.0,,,,377780000.0,649937000.0,670811000.0,,40803000.0,36576000.0,182631000.0,16534000.0,12777000.0,166097000.0,166097000.0,39056000.0,24596124000.0,13236168000.0,,75895000.0,75011000.0,214707000.0,166142000.0,,0.0,3212517000.0,3247646000.0,68511378.0,68359945.0
2014Q3,BOKF,23295000.0,29105020000.0,9306886000.0,,73964496.0,,20289056000.0,1.09,1.09,22508000.0,,,,377780000.0,655091000.0,676445000.0,,33802000.0,35476000.0,183868000.0,17077000.0,12719000.0,166791000.0,166791000.0,35263000.0,25827708000.0,13492495000.0,,75632000.0,74734000.0,221834000.0,164971000.0,,0.0,3243093000.0,3277312000.0,68609765.0,68455866.0
2014Q4,BOKF,56673000.0,29089698000.0,8978945000.0,,74003754.0,,21140859000.0,,,,,,,377780000.0,652360000.0,673626000.0,,,34376000.0,,,,,,,25753492000.0,14018981000.0,3726277000.0,,,,,,,3302179000.0,3336206000.0,,
2015Q1,BOKF,90303000.0,30299978000.0,9158175000.0,,74351392.0,,21153347000.0,1.08,1.08,21684000.0,,,,377780000.0,634587000.0,657971000.0,,38384000.0,33286000.0,184569000.0,16843000.0,12105000.0,167726000.0,167726000.0,31707000.0,26909726000.0,14486450000.0,,74843000.0,74029000.0,220265000.0,166017000.0,29484000.0,0.0,3357161000.0,3390252000.0,68344886.0,68254780.0
2015Q2,BOKF,51792000.0,30725563000.0,9000117000.0,,74428730.0,,21059729000.0,1.15,1.15,22328000.0,,,,385454000.0,625664000.0,642042000.0,,40630000.0,46061000.0,191813000.0,16082000.0,11266000.0,171731000.0,175731000.0,36012000.0,27312730000.0,14923049000.0,,79230000.0,78286000.0,227113000.0,176285000.0,,4000000.0,3375632000.0,3412833000.0,68210353.0,68096341.0
2015Q3,BOKF,85776000.0,30566905000.0,8801089000.0,,74461234.0,,20619443000.0,1.09,1.09,23606000.0,,,,385461000.0,612384000.0,643091000.0,,34128000.0,44999000.0,193664000.0,15028000.0,10731000.0,171136000.0,178636000.0,31582000.0,27150743000.0,15163325000.0,,74891000.0,73997000.0,224628000.0,163436000.0,,7500000.0,3377226000.0,3416162000.0,67762483.0,67668076.0
2015Q4,BOKF,21587000.0,31476128000.0,9042733000.0,,74530364.0,,21088158000.0,,,,,,,385461000.0,597836000.0,629159000.0,,,43909000.0,,,,,,,28208489000.0,15715630000.0,6277866000.0,,,,,,,3230556000.0,3267639000.0,,
2016Q1,BOKF,93109000.0,31413945000.0,8886036000.0,,74800772.0,,20418320000.0,0.64,0.64,22542000.0,,,,383789000.0,576047000.0,609743000.0,,21428000.0,44944000.0,201796000.0,19224000.0,10542000.0,147572000.0,182572000.0,32341000.0,28057680000.0,15789410000.0,,42564000.0,42026000.0,242570000.0,157414000.0,0.0,35000000.0,3321555000.0,3356265000.0,65331428.0,65296541.0
2016Q2,BOKF,117632000.0,31970450000.0,8830689000.0,,74817155.0,,20759801000.0,1.0,1.0,22618000.0,,,,382739000.0,560711000.0,599062000.0,,30497000.0,43372000.0,202267000.0,19655000.0,9997000.0,162612000.0,182612000.0,39530000.0,28567712000.0,16163490000.0,,65801000.0,64980000.0,251385000.0,185542000.0,,20000000.0,3368833000.0,3402738000.0,65302926.0,65245887.0
2016Q3,BOKF,95727000.0,32779231000.0,8862283000.0,,74866429.0,,21095504000.0,1.13,1.13,23668000.0,,,,382739000.0,546457000.0,580310000.0,,31956000.0,41977000.0,209317000.0,21471000.0,9812000.0,177846000.0,187846000.0,38006000.0,29346820000.0,16219683000.0,,74277000.0,73361000.0,258088000.0,187310000.0,,10000000.0,3398311000.0,3432411000.0,65157841.0,65085392.0
2016Q4,BOKF,-10967000.0,32772281000.0,8676829000.0,,74993407.0,,22748095000.0,,,,,,,448899000.0,546145000.0,565493000.0,,,46931000.0,,,,,,,29465924000.0,16743501000.0,5717302000.0,,,,,,,3274854000.0,3306357000.0,,
2017Q1,BOKF,-5221000.0,32628932000.0,8437291000.0,,75080768.0,,22575359000.0,1.35,1.35,27777000.0,,,,445738000.0,519402000.0,540663000.0,,38103000.0,42556000.0,226390000.0,25208000.0,11354000.0,201182000.0,201182000.0,33623000.0,29258038000.0,16743196000.0,,88356000.0,87353000.0,244711000.0,170296000.0,0.0,0.0,3341744000.0,3370894000.0,64783737.0,64715964.0
2017Q2,BOKF,7964000.0,32263532000.0,8341041000.0,,75089152.0,,22316474000.0,1.35,1.35,28422000.0,,,,446697000.0,490426000.0,515675000.0,,47705000.0,40755000.0,235181000.0,29977000.0,12622000.0,205204000.0,205204000.0,31764000.0,28813987000.0,16933584000.0,,88147000.0,87221000.0,250885000.0,182252000.0,,0.0,3422469000.0,3449545000.0,64793134.0,64729752.0
2017Q3,BOKF,6757000.0,33005515000.0,8383199000.0,8383199000.0,75129535.0,,21848079000.0,1.31,1.31,23209000.0,,,,446697000.0,466562000.0,489895000.0,,42438000.0,39013000.0,255413000.0,36961000.0,14530000.0,218452000.0,218452000.0,33169000.0,29491076000.0,16959131000.0,,85649000.0,84761000.0,265934000.0,175710000.0,,0.0,3488814000.0,3514439000.0,64805172.0,64742822.0
2017Q4,BOKF,-36174000.0,32272160000.0,8321578000.0,8321578000.0,75147686.0,,22061305000.0,1.11,1.11,,,,,447430000.0,461793000.0,480035000.0,,,28658000.0,,,,,,,28753826000.0,16922742000.0,5854537000.0,,,,,,,3495367000.0,3518334000.0,,
2018Q1,BOKF,-111191000.0,33361492000.0,8249432000.0,,75318088.0,,22205200000.0,1.61,1.61,27161000.0,,,,447430000.0,416672000.0,428861000.0,,30948000.0,29658000.0,265407000.0,45671000.0,18219000.0,224736000.0,219736000.0,30648000.0,29844150000.0,17113883000.0,,105562000.0,104540000.0,244430000.0,155989000.0,7584000.0,-5000000.0,3495029000.0,3517342000.0,64888033.0,64847334.0
2018Q2,BOKF,-135305000.0,33833107000.0,8162866000.0,,75313559.0,,22169264000.0,1.75,1.75,27827000.0,,,,453093000.0,392013000.0,403384000.0,,33330000.0,28273000.0,294180000.0,55618000.0,20963000.0,238562000.0,238562000.0,26488000.0,30257062000.0,17788554000.0,,114372000.0,113416000.0,246476000.0,156399000.0,,0.0,3553431000.0,3576045000.0,64937226.0,64901975.0
2018Q3,BOKF,-162362000.0,33289864000.0,,8072014000.0,75308727.0,,21632289000.0,1.79,1.79,,,,,447430000.0,374039000.0,382893000.0,,34662000.0,33370000.0,303247000.0,62364000.0,24535000.0,236883000.0,240883000.0,,29664104000.0,18138890000.0,,117256000.0,116293000.0,252617000.0,167941000.0,,4000000.0,3615032000.0,3625760000.0,64934351.0,64901095.0
2018Q4,BOKF,-72585000.0,38020504000.0,,8857120000.0,75711492.0,,25263763000.0,1.5,1.5,,,,,1049263000.0,355187000.0,367298000.0,,,134849000.0,,,,,,,33577459000.0,21449273000.0,7418714000.0,,,,,,,4432109000.0,4443045000.0,,
2019Q1,BOKF,-3531000.0,39882962000.0,,9025198000.0,75762268.0,,25331802000.0,1.54,1.54,,,,,1048091000.0,331466000.0,348488000.0,,29950000.0,129482000.0,376074000.0,97972000.0,37417000.0,270102000.0,278102000.0,,35351253000.0,21553640000.0,,110612000.0,109784000.0,287157000.0,157270000.0,60577000.0,8000000.0,4522873000.0,4531709000.0,71404388.0,71387070.0
2019Q2,BOKF,98569000.0,41893073000.0,,10514414000.0,75756056.0,,25305121000.0,1.93,1.93,,,,,1048091000.0,327677000.0,347015000.0,,37580000.0,124473000.0,390820000.0,105388000.0,43183000.0,280432000.0,285432000.0,,37174598000.0,22053118000.0,,137563000.0,136713000.0,277137000.0,172065000.0,,5000000.0,4709438000.0,4718475000.0,70902033.0,70887063.0
2019Q3,BOKF,133753000.0,43127205000.0,,11024551000.0,75757009.0,,26167076000.0,2.0,2.0,,,,,1048091000.0,304224000.0,324021000.0,,32396000.0,124320000.0,395207000.0,116111000.0,46917000.0,267096000.0,279096000.0,,38289540000.0,22080935000.0,,142231000.0,141356000.0,279292000.0,186450000.0,,12000000.0,4829016000.0,4837665000.0,70609924.0,70596307.0
2019Q4,BOKF,104923000.0,42172021000.0,,11269643000.0,75758597.0,,27621168000.0,,,,,236568000.0,,1048091000.0,293418000.0,314402000.0,,,125271000.0,,,,,,,37308102000.0,21540228000.0,8621328000.0,,,,,,,4855795000.0,4863919000.0,,
2020Q1,BOKF,331292000.0,47119162000.0,,12694277000.0,76000985.0,,29244152000.0,0.88,0.88,,,315311000.0,,1048091000.0,272576000.0,296402000.0,,17300000.0,121807000.0,348937000.0,87577000.0,46159000.0,167589000.0,261360000.0,,42085002000.0,22148659000.0,,62079000.0,61736000.0,268624000.0,180319000.0,33380000.0,93771000.0,5026248000.0,5034160000.0,70130166.0,70123685.0
2020Q2,BOKF,370316000.0,45819874000.0,,12475919000.0,75999195.0,,33892314000.0,0.92,0.92,,,435597000.0,,1048091000.0,267988000.0,299126000.0,,15803000.0,123595000.0,306384000.0,28280000.0,17745000.0,142783000.0,278104000.0,,40715451000.0,23720293000.0,,64693000.0,64296000.0,295966000.0,233272000.0,,135321000.0,5096995000.0,5104423000.0,69877467.0,69876043.0
2020Q3,BOKF,365170000.0,46067224000.0,,12817269000.0,75998338.0,,34973000000.0,2.19,2.19,,,419777000.0,,1048091000.0,256001000.0,284929000.0,204644000.0,50552000.0,118524000.0,294659000.0,22909000.0,14658000.0,271750000.0,271750000.0,,40841115000.0,23383523000.0,,154034000.0,153096000.0,297044000.0,229938000.0,,0.0,5218787000.0,5226109000.0,69879290.0,69877866.0
2020Q4,BOKF,335868000.0,46671088000.0,,13050665000.0,75995205.0,244843000.0,36143880000.0,,,,,388640000.0,,1048091000.0,244843000.0,272431000.0,,,113436000.0,,,,,,,41379527000.0,22618880000.0,3821361000.0,,,,,,,5266266000.0,5291561000.0,,
2021Q1,BOKF,221409000.0,47442513000.0,,13410057000.0,76244164.0,,37852626000.0,2.1,2.1,,,352402000.0,,1048091000.0,226121000.0,252707000.0,186690000.0,42382000.0,110585000.0,298239000.0,17819000.0,9850000.0,305420000.0,280420000.0,,42180169000.0,22181445000.0,,146060000.0,145123000.0,295784000.0,177054000.0,20071000.0,-25000000.0,5239462000.0,5262344000.0,69141710.0,69137375.0
2021Q2,BOKF,226768000.0,47154375000.0,,13317922000.0,76257743.0,,37439933000.0,2.4,2.4,,,311890000.0,,1048091000.0,220832000.0,246034000.0,215603000.0,48496000.0,105694000.0,295893000.0,15584000.0,8425000.0,315309000.0,280309000.0,,41799824000.0,21104559000.0,,166421000.0,165251000.0,291152000.0,191446000.0,,-35000000.0,5332977000.0,5354551000.0,68817442.0,68815666.0
2021Q3,BOKF,169172000.0,46923409000.0,,13342113000.0,76254190.0,,38524551000.0,2.74,2.74,,,276680000.0,,1044749000.0,215592000.0,238489000.0,241782000.0,54061000.0,96186000.0,293463000.0,13236000.0,7665000.0,303227000.0,280227000.0,,41526961000.0,20071256000.0,,188322000.0,186971000.0,291277000.0,229832000.0,,-23000000.0,5388973000.0,5396448000.0,68360871.0,68359125.0
2021Q4,BOKF,72371000.0,50249431000.0,,13157817000.0,76254029.0,210444000.0,41242059000.0,,,,,256421000.0,,1044749000.0,210444000.0,231395000.0,,,91778000.0,,,,,,,44881060000.0,19949259000.0,2494428000.0,,,,,,,5363732000.0,5368371000.0,,
2022Q1,BOKF,-417826000.0,46826507000.0,,12894534000.0,76412230.0,183824000.0,39425951000.0,0.91,0.91,,,246473000.0,,1044749000.0,183824000.0,191235000.0,78649000.0,16197000.0,87761000.0,283099000.0,14688000.0,7598000.0,268411000.0,268411000.0,,41972983000.0,20427956000.0,,62488000.0,62037000.0,277618000.0,87856000.0,48074000.0,0.0,4849582000.0,4853524000.0,67813851.0,67812400.0
2022Q2,BOKF,-602628000.0,45377072000.0,,10152663000.0,76408276.0,2902399000.0,38618918000.0,1.96,1.96,,,241114000.0,,1044749000.0,2637345000.0,2607757000.0,168980000.0,36122000.0,83744000.0,294247000.0,20229000.0,13862000.0,274018000.0,274018000.0,,40635530000.0,21050034000.0,,132846000.0,131897000.0,273655000.0,168617000.0,,0.0,4737339000.0,4741542000.0,67455172.0,67453748.0
2022Q3,BOKF,-904945000.0,43645446000.0,,10040894000.0,76404688.0,2815740000.0,36415915000.0,2.32,2.32,,,241768000.0,,1044749000.0,2572360000.0,2407766000.0,196272000.0,39681000.0,79833000.0,363150000.0,46825000.0,34715000.0,301325000.0,316325000.0,,39131138000.0,21548689000.0,,156510000.0,155349000.0,294751000.0,189698000.0,,15000000.0,4509934000.0,4514308000.0,67004623.0,67003199.0
2022Q4,BOKF,-836955000.0,47790642000.0,,11493860000.0,76423345.0,2738683000.0,34480705000.0,,,,,235704000.0,,1044749000.0,2513687000.0,2346768000.0,,,76131000.0,,,,,,,43103284000.0,22321446000.0,7138490000.0,,,,,,,4682649000.0,4687358000.0,,
2023Q1,BOKF,-728554000.0,45524122000.0,,11937841000.0,76555507.0,2657080000.0,32580747000.0,2.43,2.43,,,249460000.0,,1044749000.0,2448136000.0,2307686000.0,208401000.0,45905000.0,72689000.0,516729000.0,164381000.0,95274000.0,336348000.0,352348000.0,,40646095000.0,22500593000.0,,162368000.0,161113000.0,305812000.0,177865000.0,44476000.0,16000000.0,4874786000.0,4878027000.0,66331775.0,66331775.0
2023Q2,BOKF,-836672000.0,49237920000.0,,11938523000.0,76592098.0,2566983000.0,33294843000.0,2.27,2.27,,,262714000.0,,1044749000.0,2374071000.0,2185384000.0,195637000.0,44001000.0,69246000.0,570367000.0,248106000.0,136666000.0,305261000.0,322261000.0,,44370523000.0,22974945000.0,,151308000.0,150106000.0,318673000.0,209049000.0,,17000000.0,4863854000.0,4867397000.0,65994132.0,65994132.0
2023Q3,BOKF,-928985000.0,48931397000.0,,11906647000.0,76588230.0,2476415000.0,33652552000.0,2.04,2.04,,,272114000.0,,1044749000.0,2298418000.0,2072586000.0,167735000.0,33256000.0,65804000.0,617044000.0,316148000.0,184808000.0,293896000.0,300896000.0,,44114189000.0,23451904000.0,,134495000.0,133391000.0,324313000.0,198152000.0,,7000000.0,4814019000.0,4817208000.0,65548307.0,65548307.0
2023Q4,BOKF,-599100000.0,49824830000.0,,12286681000.0,76593292.0,2408754000.0,34019701000.0,,,,,277123000.0,23904968000.0,1044749000.0,2409090000.0,2072586000.0,,,59979000.0,,,,,,,44679411000.0,23627845000.0,8955450000.0,,,,,,,5142442000.0,5145419000.0,,
2024Q1,BOKF,-610128000.0,50160380000.0,,12653088000.0,76793000.0,2338161000.0,35383547000.0,1.29,1.29,,,281623000.0,,1044749000.0,2185744000.0,2000065000.0,106889000.0,23195000.0,56894000.0,645212000.0,351640000.0,242124000.0,285572000.0,293572000.0,,45028745000.0,23890937000.0,,83703000.0,83027000.0,340384000.0,161701000.0,52153000.0,8000000.0,5128751000.0,5131635000.0,64290105.0,64290105.0
2024Q2,BOKF,-605502000.0,50403457000.0,,12793784000.0,76822776.0,2269273000.0,36241644000.0,2.54,2.54,,,287826000.0,,1044749000.0,2128881000.0,1924532000.0,211035000.0,47303000.0,54028000.0,671817000.0,375796000.0,254753000.0,288021000.0,296021000.0,,45171487000.0,24265755000.0,,163713000.0,162111000.0,336690000.0,259704000.0,,8000000.0,5229130000.0,5231970000.0,63714204.0,63714204.0
2024Q3,BOKF,-335289000.0,50081985000.0,,13015986000.0,76814108.0,2198825000.0,37227118000.0,2.18,2.18,,,284456000.0,,1044749000.0,2069865000.0,1937907000.0,173286000.0,33313000.0,51205000.0,680310000.0,,271128000.0,306119000.0,308119000.0,,44466787000.0,23700605000.0,,139999000.0,138616000.0,341025000.0,208192000.0,,2000000.0,5612443000.0,5615198000.0,63489581.0,63489581.0
2024Q4,BOKF,-503040000.0,49685892000.0,,12851600000.0,64121299.0,2135806000.0,38191230000.0,,,,,,24114724000.0,1044749000.0,2136029000.0,1817929000.0,,,46788000.0,,,,,,,44134935000.0,,4454179000.0,,,,,,,5548353000.0,5550957000.0,,
2025Q1,BOKF,-362343000.0,50472189000.0,,13102877000.0,77014720.0,2062651000.0,38281673000.0,1.86,1.86,,,,23690488000.0,1044749000.0,2062844000.0,1788030000.0,154763000.0,34992000.0,44064000.0,618570000.0,,241072000.0,316251000.0,316251000.0,,44697811000.0,,,119777000.0,118510000.0,347529000.0,186041000.0,994000.0,0.0,5771813000.0,5774378000.0,63547510.0,63547510.0
2025Q2,BOKF,-289010000.0,50998077000.0,,13347821000.0,77035067.0,1997120000.0,38246109000.0,2.19,2.19,,,,24292211000.0,1044749000.0,1997316000.0,1750435000.0,180761000.0,40691000.0,40000000.0,642427000.0,,238443000.0,328166000.0,328166000.0,,45104721000.0,,,140018000.0,138512000.0,354503000.0,207098000.0,,0.0,5890888000.0,5893356000.0,63208027.0,63208027.0
2025Q3,BOKF,-226664000.0,50193387000.0,,13481030000.0,77038149.0,1928947000.0,38500018000.0,2.22,2.22,,,,24865194000.0,1044749000.0,1929155000.0,1702225000.0,176585000.0,35714000.0,37376000.0,644453000.0,,241833000.0,335646000.0,337646000.0,,44168462000.0,,,140894000.0,139370000.0,369770000.0,210709000.0,,2000000.0,6022535000.0,6024925000.0,62840270.0,62840270.0
2025Q4,BOKF,-166170000.0,52237501000.0,,13606625000.0,60620507.0,1867523000.0,39435006000.0,,,,,,25651462000.0,1044749000.0,1867725000.0,1662005000.0,,,34752000.0,,,,,,,46316821000.0,,4634244000.0,,,,,,,5918646000.0,5920680000.0,,
2026Q1,BOKF,-225002000.0,53760405000.0,,13539565000.0,60759992.0,1795636000.0,38677048000.0,2.58,2.58,,,,26187393000.0,1044749000.0,1795827000.0,1585890000.0,199656000.0,43936000.0,32303000.0,615925000.0,,209198000.0,342554000.0,342554000.0,,47785339000.0,,,155766000.0,154680000.0,354166000.0,211268000.0,0.0,0.0,5973175000.0,5975066000.0,60033282.0,60033282.0
2026Q2,BOKF,-249525000.0,53179287000.0,,13582780000.0,60766867.0,1695818000.0,39855841000.0,2.92,2.92,,,,27083715000.0,1044749000.0,1695895000.0,1483006000.0,227723000.0,51141000.0,29828000.0,639134000.0,,210109000.0,351830000.0,351830000.0,,47094389000.0,,,176539000.0,175308000.0,361679000.0,237572000.0,,0.0,6083106000.0,6084898000.0,60080833.0,60080833.0
