q,ticker,AccumulatedOtherComprehensiveIncomeLossNetOfTax,Assets,CommonStockSharesOutstanding,EarningsPerShareBasic,EarningsPerShareDiluted,Goodwill,IncomeLossFromContinuingOperationsBeforeIncomeTaxesExtraordinaryItemsNoncontrollingInterest,IncomeTaxExpenseBenefit,InterestExpense,Liabilities,LongTermDebt,NetIncomeLoss,Revenues,StockholdersEquity,StockholdersEquityIncludingPortionAttributableToNoncontrollingInterest,WeightedAverageNumberOfDilutedSharesOutstanding,WeightedAverageNumberOfSharesOutstandingBasic
2009Q2,BX,,,,,,,,10885000.0,87000.0,,,,406416000.0,,,,
2009Q3,BX,,,,,,,,52551000.0,5258000.0,,,,597023000.0,,,,
2009Q4,BX,2420000.0,9409024000.0,,,,1703602000.0,,,,2865491000.0,,,,,,,
2010Q1,BX,,,,,,,,9635000.0,7185000.0,,,,701239000.0,,,,
2010Q2,BX,1610000.0,16473309000.0,,-0.55,-0.55,1703602000.0,,19392000.0,7682000.0,9346729000.0,,,550088000.0,,,354399780.0,354399780.0
2010Q3,BX,5999000.0,17740891000.0,,,-0.12,1703602000.0,,-4225000.0,11766000.0,10085097000.0,,,784000000.0,,,,
2010Q4,BX,4302000.0,18844605000.0,,,,1703602000.0,,,,10591248000.0,,,1084015000.0,,,,
2011Q1,BX,3101000.0,19248767000.0,,0.1,0.09,1703602000.0,117214000.0,38850000.0,13803000.0,10817952000.0,,42704000.0,1153269000.0,,,457652916.0,447742389.0
2011Q2,BX,2630000.0,22331131000.0,,0.18,0.18,1703602000.0,248796000.0,64199000.0,14185000.0,13049899000.0,,86237000.0,1308281000.0,,,483643646.0,476289647.0
2011Q3,BX,1845000.0,22068796000.0,,-0.56,-0.56,1703602000.0,-994412000.0,-7637000.0,13785000.0,13496537000.0,,-274567000.0,-124079000.0,,,487189657.0,487189657.0
2011Q4,BX,1958000.0,21909129000.0,,-0.05,-0.05,1703602000.0,705660000.0,,,12656843000.0,,-22677000.0,915105000.0,,,,
2012Q1,BX,3297000.0,26546361000.0,,0.12,0.11,1703602000.0,456385000.0,38753000.0,14518000.0,16521512000.0,,58325000.0,952036000.0,,,517389558.0,506985529.0
2012Q2,BX,1932000.0,26142570000.0,,-0.14,-0.14,1703602000.0,135614000.0,41337000.0,13773000.0,15878830000.0,,-74964000.0,627203000.0,,,528778977.0,528778977.0
2012Q3,BX,1403000.0,27800439000.0,,0.24,0.24,1703602000.0,235739000.0,39237000.0,19074000.0,16958709000.0,,128824000.0,1223089000.0,,,546923603.0,544716399.0
2012Q4,BX,2170000.0,28931552000.0,,0.19,0.19,1703602000.0,187167000.0,,,17716605000.0,,106413000.0,1217113000.0,,,,
2013Q1,BX,-1952000.0,27977999000.0,,0.29,0.29,1703602000.0,478582000.0,50993000.0,27062000.0,16611765000.0,,167635000.0,1246473000.0,,,585699899.0,582322183.0
2013Q2,BX,1154000.0,27742878000.0,,0.36,0.36,1703602000.0,566674000.0,56082000.0,26956000.0,15742167000.0,,211148000.0,1440470000.0,,,586763053.0,583843094.0
2013Q3,BX,1634000.0,28034882000.0,,0.29,0.29,1787392000.0,518392000.0,57477000.0,26268000.0,15530358000.0,,171164000.0,1216845000.0,,,592920795.0,589643844.0
2013Q4,BX,3466000.0,29678606000.0,,1.05,1.04,1787392000.0,1584913000.0,,,15300935000.0,,621255000.0,2709380000.0,,,,
2014Q1,BX,2418000.0,30028545000.0,,0.44,0.44,1787392000.0,708972000.0,54097000.0,24667000.0,15256784000.0,10907576000.0,265617000.0,1526668000.0,,,605669164.0,601527299.0
2014Q2,BX,5749000.0,30059309000.0,,0.85,0.85,1787392000.0,1306664000.0,83282000.0,29847000.0,14248604000.0,9808622000.0,517016000.0,2257860000.0,,,609897829.0,606690740.0
2014Q3,BX,-9407000.0,30513856000.0,,0.41,0.41,1787392000.0,632970000.0,79108000.0,31615000.0,14122669000.0,8336440000.0,250505000.0,1679426000.0,,,614978870.0,611684213.0
2014Q4,BX,-20864000.0,31497097000.0,,0.9,0.89,1787392000.0,1338120000.0,,,14163550000.0,9476193000.0,551451000.0,2020774000.0,,,,
2015Q1,BX,-42014000.0,32406601000.0,,1.01,1.0,1787392000.0,1463345000.0,99344000.0,31370000.0,14452617000.0,9569543000.0,629448000.0,2512358000.0,,,631232041.0,625276969.0
2015Q2,BX,-36122000.0,24683501000.0,,0.21,0.21,1787392000.0,392785000.0,43251000.0,37414000.0,10771733000.0,5920548000.0,134168000.0,1225202000.0,,,634192649.0,631881205.0
2015Q3,BX,-49890000.0,23618703000.0,,-0.4,-0.4,1787392000.0,-482291000.0,1573000.0,36860000.0,10948432000.0,6310813000.0,-254697000.0,11573000.0,,,638832799.0,638832799.0
2015Q4,BX,-52519000.0,22526080000.0,,0.31,0.23,1718519000.0,440909000.0,,,10295623000.0,6731769000.0,200870000.0,897419000.0,,,,
2016Q1,BX,-46064000.0,22050904000.0,,0.23,0.23,1718519000.0,333786000.0,9146000.0,37356000.0,10139824000.0,6849928000.0,159753000.0,932354000.0,,,1194273401.0,644897849.0
2016Q2,BX,-45887000.0,23041658000.0,,0.31,0.3,1718519000.0,510526000.0,47415000.0,36878000.0,10926238000.0,7204533000.0,198626000.0,1192426000.0,,,1194478212.0,646933698.0
2016Q3,BX,-47470000.0,24413520000.0,,0.48,0.47,1718519000.0,719303000.0,27714000.0,37278000.0,12059485000.0,7694512000.0,312905000.0,1431685000.0,,,1195805315.0,650917510.0
2016Q4,BX,-62887000.0,26403337000.0,,0.56,0.55,1718519000.0,818395000.0,,,13888404000.0,8941299000.0,367951000.0,1569369000.0,,,,
2017Q1,BX,-55201000.0,28337164000.0,,0.68,0.68,1718519000.0,1059077000.0,57437000.0,40246000.0,15234305000.0,9898688000.0,451909000.0,1914718000.0,,,1199506983.0,660939708.0
2017Q2,BX,-47479000.0,30127931000.0,,0.51,0.5,1718519000.0,764587000.0,29608000.0,41089000.0,16870932000.0,11308005000.0,337407000.0,1535726000.0,,,1200006339.0,664681299.0
2017Q3,BX,-34421000.0,31761987000.0,,0.57,0.55,1718519000.0,894295000.0,59512000.0,41545000.0,18300365000.0,12909158000.0,377920000.0,1735358000.0,,,1200502292.0,667384727.0
2017Q4,BX,-34018000.0,34415919000.0,,0.45,0.45,1778192000.0,1400130000.0,,,20692828000.0,15166859000.0,304138000.0,1959213000.0,,,,
2018Q1,BX,-27203000.0,27933375000.0,,0.55,0.53,1778192000.0,896799000.0,54495000.0,38671000.0,14408566000.0,9509979000.0,367872000.0,1769131000.0,,,1210573854.0,674479140.0
2018Q2,BX,-57876000.0,30075297000.0,,1.09,1.09,1778192000.0,1689708000.0,138731000.0,39320000.0,15439701000.0,10419539000.0,742042000.0,2632570000.0,,,682010610.0,681794492.0
2018Q3,BX,-36562000.0,30460357000.0,,0.65,0.64,1778192000.0,975786000.0,26798000.0,41355000.0,15753374000.0,10408583000.0,442742000.0,1926580000.0,,,1205877983.0,682435177.0
2018Q4,BX,-36476000.0,28924650000.0,,-0.02,-0.02,1869860000.0,-49352000.0,,,15170564000.0,10395315000.0,-10868000.0,504978000.0,6379224000.0,13612307000.0,,
2019Q1,BX,-32430000.0,29874951000.0,,0.71,0.71,1869860000.0,1114032000.0,41155000.0,42002000.0,15728250000.0,10362430000.0,481304000.0,2024871000.0,,,1200480240.0,674507698.0
2019Q2,BX,-27542000.0,30972213000.0,,0.45,0.45,1869860000.0,685697000.0,38736000.0,43596000.0,16907127000.0,11055307000.0,305792000.0,1486806000.0,,,673985944.0,673655305.0
2019Q3,BX,-35173000.0,32385771000.0,,1.15,1.15,1869860000.0,1010949000.0,-156786000.0,53362000.0,17756310000.0,11710787000.0,779437000.0,1735113000.0,6714413000.0,14535794000.0,676219758.0,675963129.0
2019Q4,BX,-28495000.0,32585506000.0,,0.71,0.71,1869860000.0,1007337000.0,,,17482454000.0,11541598000.0,483149000.0,2091480000.0,7009784000.0,15015401000.0,,
2020Q1,BX,-41533000.0,26946494000.0,,-1.58,-1.58,1869860000.0,-2765858000.0,-158703000.0,41644000.0,15368386000.0,11507463000.0,-1066492000.0,-3075964000.0,5384619000.0,11506042000.0,676305359.0,676305359.0
2020Q2,BX,-36758000.0,28844381000.0,,0.81,0.81,1869860000.0,1501761000.0,147415000.0,39276000.0,16348351000.0,11536852000.0,568266000.0,2516069000.0,5660994000.0,12427466000.0,1204411957.0,698534168.0
2020Q3,BX,-27407000.0,25041565000.0,,1.14,1.13,1869860000.0,1801111000.0,100960000.0,39540000.0,11541887000.0,5658249000.0,794719000.0,3032898000.0,6179890000.0,13436294000.0,700527966.0,700184580.0
2020Q4,BX,-15831000.0,26269252000.0,683875544.0,,,1901485000.0,,,,11678743000.0,5732499000.0,,,6652043000.0,14525348000.0,,
2021Q1,BX,-11454000.0,29709986000.0,690569563.0,2.47,2.46,1890185000.0,3370688000.0,-447000.0,44983000.0,12884798000.0,5659600000.0,1747872000.0,5298872000.0,7844150000.0,16759642000.0,709912344.0,709033212.0
2021Q2,BX,-10245000.0,33297192000.0,691093463.0,1.82,1.82,1890202000.0,3145748000.0,288250000.0,44322000.0,14750178000.0,5678799000.0,1309152000.0,5291354000.0,8406156000.0,18481446000.0,721265180.0,721141954.0
2021Q3,BX,-15357000.0,39038092000.0,693612698.0,1.94,1.94,1890202000.0,3664897000.0,458904000.0,52413000.0,18160227000.0,7637100000.0,1401895000.0,6224265000.0,9054043000.0,20811041000.0,722433099.0,722229117.0
2021Q4,BX,-19626000.0,41196408000.0,704339774.0,,,1890202000.0,,,,19490362000.0,7855601000.0,,,9422893000.0,21638018000.0,,
2022Q1,BX,-25754000.0,43344078000.0,707180830.0,1.66,1.66,1890202000.0,2980895000.0,483281000.0,66747000.0,21103051000.0,9060050000.0,1216874000.0,5126280000.0,9659967000.0,22199597000.0,734966915.0,734327015.0
2022Q2,BX,-42225000.0,41631308000.0,706476877.0,-0.04,-0.04,1890202000.0,-219232000.0,36514000.0,69642000.0,20297210000.0,9496800000.0,-29393000.0,629220000.0,8631167000.0,20058607000.0,707382293.0,707382293.0
2022Q3,BX,-74800000.0,40259321000.0,709040610.0,0.0,0.0,1890202000.0,97931000.0,94231000.0,80507000.0,20523936000.0,9391027000.0,2296000.0,1058114000.0,7585676000.0,18391197000.0,742495532.0,742345646.0
2022Q4,BX,-27475000.0,42524227000.0,710276923.0,,,1890202000.0,,,,22843160000.0,12491000000.0,,,7655911000.0,17966061000.0,,
2023Q1,BX,-22333000.0,41086439000.0,712794968.0,0.12,0.11,1890202000.0,258356000.0,47675000.0,104441000.0,22372614000.0,12462792000.0,85812000.0,1381845000.0,7090837000.0,17069128000.0,746643929.0,746064922.0
2023Q2,BX,-17205000.0,41582784000.0,713551859.0,0.79,0.79,1890202000.0,1426976000.0,223269000.0,108096000.0,22492305000.0,12473329000.0,601274000.0,2814691000.0,7219447000.0,17464130000.0,758548248.0,758479943.0
2023Q3,BX,-38258000.0,41663823000.0,718442863.0,0.73,0.73,1890202000.0,1117302000.0,196560000.0,110599000.0,22853102000.0,12340132000.0,551994000.0,2541285000.0,7132823000.0,17461661000.0,758046096.0,757958602.0
2023Q4,BX,-19133000.0,40287530000.0,719358114.0,,,1890202000.0,,,,22212316000.0,11605882000.0,,,6816798000.0,16896141000.0,,
2024Q1,BX,-31282000.0,39706302000.0,722263433.0,1.12,1.11,1890202000.0,1879654000.0,283671000.0,108203000.0,21228868000.0,10878081000.0,847386000.0,3687828000.0,6955068000.0,17542429000.0,760257644.0,759798537.0
2024Q2,BX,-34617000.0,40585029000.0,722540712.0,0.58,0.58,1890202000.0,1208609000.0,260246000.0,108616000.0,21910734000.0,10824342000.0,444414000.0,2796381000.0,6833573000.0,17785427000.0,769234677.0,769187351.0
2024Q3,BX,-10609000.0,42575442000.0,730699964.0,1.02,1.02,1890202000.0,1809940000.0,245303000.0,111337000.0,23110501000.0,10885746000.0,780835000.0,3663194000.0,7007657000.0,18572095000.0,768280366.0,768230595.0
2024Q4,BX,-40326000.0,43469875000.0,731925965.0,,,1890202000.0,,,,23974860000.0,11460168000.0,,,8212321000.0,18693616000.0,,
2025Q1,BX,-29027000.0,45255629000.0,737929437.0,0.8,0.8,1890202000.0,1452601000.0,243827000.0,118115000.0,25390726000.0,12583600000.0,614852000.0,3289458000.0,7978120000.0,18482529000.0,772434602.0,771796385.0
2025Q2,BX,1055000.0,45373094000.0,739055944.0,0.98,0.98,1890202000.0,1915627000.0,289494000.0,135822000.0,24294214000.0,12136032000.0,764244000.0,3711900000.0,8352339000.0,19591751000.0,782401237.0,782386121.0
2025Q3,BX,-5602000.0,46554290000.0,747812724.0,0.8,0.8,1890202000.0,1446582000.0,209657000.0,126288000.0,25192849000.0,12126441000.0,624917000.0,3088635000.0,8392523000.0,19885229000.0,782681135.0,782633394.0
2025Q4,BX,-6008000.0,47708975000.0,748688068.0,,,1890202000.0,,,,25827803000.0,12576587000.0,,,8665526000.0,20500669000.0,,
2026Q1,BX,-15770000.0,48326982000.0,751535403.0,0.83,0.83,1890202000.0,1455057000.0,197150000.0,137053000.0,26910271000.0,13408505000.0,649729000.0,3617595000.0,8370770000.0,20016292000.0,786296310.0,785332239.0
2026Q2,BX,-18589000.0,49892220000.0,752601287.0,1.54,1.54,1890202000.0,2808452000.0,452386000.0,145023000.0,27458992000.0,13318636000.0,1229189000.0,5043978000.0,9014543000.0,21062145000.0,799897435.0,799882459.0
