q,ticker,AccumulatedOtherComprehensiveIncomeLossNetOfTax,Assets,AvailableForSaleSecurities,CommonStockSharesOutstanding,EarningsPerShareBasic,EarningsPerShareDiluted,FinancingReceivableAllowanceForCreditLosses,Goodwill,IncomeLossFromContinuingOperationsBeforeIncomeTaxesExtraordinaryItemsNoncontrollingInterest,IncomeTaxExpenseBenefit,IntangibleAssetsNetExcludingGoodwill,Liabilities,LongTermDebt,LongTermDebtNoncurrent,NetIncomeLoss,NetIncomeLossAvailableToCommonStockholdersBasic,PaymentsForRepurchaseOfCommonStock,Revenues,StockholdersEquity,StockholdersEquityIncludingPortionAttributableToNoncontrollingInterest,WeightedAverageNumberOfDilutedSharesOutstanding,WeightedAverageNumberOfSharesOutstandingBasic
2008Q4,CBOE,,,,,,,,,,,,,,,,,,,,381660000.0,,
2009Q4,CBOE,,,,,,,,,,,,,,,,,,,,188134000.0,,
2010Q1,CBOE,,,,,,0.25,,,,,,,,,,,,101081000.0,,,,
2010Q2,CBOE,,,,,0.27,0.27,,,,16678000.0,,,,,,24779000.0,,112618000.0,,,92233000.0,
2010Q3,CBOE,,,,,0.2,0.2,,,,14244000.0,,,,,,20020000.0,,106015000.0,,,102103000.0,
2010Q4,CBOE,-972000.0,254112000.0,,,,0.31,,,,,,78238000.0,,,,,,117390000.0,,175874000.0,,
2011Q1,CBOE,,,,,0.36,0.36,,,,24021000.0,,,,,,32089000.0,0.0,124042000.0,,,90085000.0,90085000.0
2011Q2,CBOE,-925000.0,319422000.0,,,0.36,0.36,,,,22889000.0,,92128000.0,,,,32609000.0,,120290000.0,,227294000.0,90164000.0,90164000.0
2011Q3,CBOE,-914000.0,344643000.0,,,0.45,0.45,,,,33238000.0,,98942000.0,,,,40597000.0,,143604000.0,,245701000.0,90334000.0,90334000.0
2011Q4,CBOE,-899000.0,327868000.0,,,,0.35,,,,,,91598000.0,,,,,,120208000.0,,236270000.0,,
2012Q1,CBOE,-936000.0,353441000.0,,,0.37,0.37,,,,23545000.0,,122239000.0,,,,32863000.0,30641000.0,121392000.0,,231202000.0,88146000.0,88146000.0
2012Q2,CBOE,-922000.0,343806000.0,,,0.44,0.44,,,65658000.0,27162000.0,,103899000.0,,,,37903000.0,,132549000.0,,239907000.0,87153000.0,87153000.0
2012Q3,CBOE,-907000.0,377526000.0,,,0.52,0.52,,,60534000.0,14776000.0,,102005000.0,,,,45243000.0,,128319000.0,,275521000.0,87272000.0,87272000.0
2012Q4,CBOE,-893000.0,338858000.0,,87271683.0,,0.45,,,,,,99736000.0,,,,,,130078000.0,239122000.0,239122000.0,,
2013Q1,CBOE,-1101000.0,409625000.0,,87271829.0,0.48,0.48,,,68709000.0,26336000.0,,134899000.0,,,42373000.0,41789000.0,0.0,142705000.0,,274726000.0,87272000.0,87272000.0
2013Q2,CBOE,-1084000.0,429862000.0,,87700964.0,0.52,0.52,,,74885000.0,28724000.0,,119956000.0,,,,45477000.0,,150772000.0,,309906000.0,87341000.0,87341000.0
2013Q3,CBOE,-1066000.0,441150000.0,,87396837.0,0.47,0.47,,,67910000.0,26554000.0,,115751000.0,,,,40955000.0,,136743000.0,,325399000.0,87647000.0,87647000.0
2013Q4,CBOE,-1050000.0,441589000.0,,86770737.0,,0.52,,,,,,157072000.0,,,,,,141830000.0,284517000.0,284517000.0,,
2014Q1,CBOE,-735000.0,412844000.0,,86194095.0,0.56,0.56,,,81543000.0,32519000.0,,126164000.0,,,49024000.0,48528000.0,37137000.0,157885000.0,,286680000.0,86453000.0,86453000.0
2014Q2,CBOE,-712000.0,385781000.0,,85614964.0,0.5,0.5,,,69395000.0,26414000.0,,121890000.0,,,,42598000.0,,143942000.0,,263891000.0,85831000.0,85831000.0
2014Q3,CBOE,-708000.0,367086000.0,,84603437.0,0.57,0.57,,,74813000.0,26447000.0,,121962000.0,,,,48146000.0,,148910000.0,,245124000.0,85051000.0,85051000.0
2014Q4,CBOE,-689000.0,383901000.0,,84114475.0,,0.58,,0.0,,,0.0,133834000.0,,,,,,166488000.0,250000000.0,250067000.0,,
2015Q1,CBOE,-870000.0,375797000.0,,83701811.0,0.5,0.5,,,69277000.0,27018000.0,,132062000.0,,,42259000.0,42079000.0,31415000.0,142839000.0,,243735000.0,83956000.0,83956000.0
2015Q2,CBOE,-852000.0,362109000.0,,82900495.0,0.54,0.54,,,73631000.0,28786000.0,,135092000.0,,,44845000.0,44646000.0,,148725000.0,,227017000.0,83290000.0,83290000.0
2015Q3,CBOE,-838000.0,397419000.0,,82605193.0,0.81,0.81,,7655000.0,101451000.0,33935000.0,2491000.0,137602000.0,,,67516000.0,67219000.0,,187035000.0,,259817000.0,82755000.0,82755000.0
2015Q4,CBOE,-824000.0,384788000.0,,82088549.0,,0.61,,7700000.0,,,2400000.0,125143000.0,,,,,,155946000.0,259700000.0,259645000.0,,
2016Q1,CBOE,-795000.0,394830000.0,,81550703.0,0.6,0.6,,26468000.0,80500000.0,31300000.0,10016000.0,134303000.0,,,49400000.0,49200000.0,42400000.0,170500000.0,,247927000.0,81800000.0,81800000.0
2016Q2,CBOE,-784000.0,406644000.0,,81285307.0,0.62,0.62,,26468000.0,83800000.0,32900000.0,9522000.0,128281000.0,,,51200000.0,50700000.0,,173100000.0,,265763000.0,81300000.0,81300000.0
2016Q3,CBOE,-775000.0,441342000.0,,81285307.0,0.5,0.5,,26468000.0,67400000.0,26900000.0,9094000.0,139177000.0,,,40800000.0,40300000.0,,168700000.0,,289565000.0,81300000.0,81300000.0
2016Q4,CBOE,-800000.0,476700000.0,,81285307.0,0.55,0.55,,26500000.0,,,8700000.0,146200000.0,,0.0,,44700000.0,,175080000.0,317900000.0,317946000.0,,
2017Q1,CBOE,2100000.0,5345100000.0,40800000.0,112042728.0,0.16,0.16,,2675600000.0,18300000.0,3100000.0,1996000000.0,2587100000.0,1486700000.0,1486700000.0,15500000.0,15100000.0,0.0,356200000.0,2745400000.0,,92000000.0,91900000.0
2017Q2,CBOE,29600000.0,5395600000.0,109900000.0,112777346.0,0.6,0.6,,2686400000.0,106100000.0,38100000.0,1970400000.0,,1411300000.0,1411300000.0,68300000.0,67300000.0,,640800000.0,2816700000.0,,112500000.0,112100000.0
2017Q3,CBOE,50000000.0,5228100000.0,0.0,113457824.0,0.53,0.53,,2696300000.0,105900000.0,45600000.0,1940200000.0,,1312400000.0,1312400000.0,60500000.0,59700000.0,,611400000.0,2877900000.0,,112600000.0,112300000.0
2017Q4,CBOE,50700000.0,5265700000.0,46800000.0,112741217.0,2.41,2.4,,2707400000.0,,,1902600000.0,,1237900000.0,1237900000.0,,254600000.0,,,3110600000.0,,,
2018Q1,CBOE,75500000.0,5328200000.0,,112553369.0,1.04,1.04,,2718200000.0,159400000.0,41300000.0,1876700000.0,,1213400000.0,1213400000.0,118400000.0,117300000.0,43600000.0,,3175200000.0,,112700000.0,112400000.0
2018Q2,CBOE,34200000.0,5316900000.0,,112107466.0,0.74,0.73,,2701300000.0,119800000.0,36800000.0,1813000000.0,,1214100000.0,914600000.0,83300000.0,82400000.0,,,3149600000.0,,112300000.0,112000000.0
2018Q3,CBOE,25800000.0,5119500000.0,,111626297.0,0.76,0.76,,2697600000.0,116300000.0,30600000.0,1768200000.0,,1214700000.0,915100000.0,86000000.0,85000000.0,,,3151900000.0,,111800000.0,111400000.0
2018Q4,CBOE,11500000.0,5321000000.0,,111601976.0,1.23,1.23,,2691400000.0,,,1720200000.0,2070600000.0,1215400000.0,915600000.0,,137400000.0,,,3241000000.0,,,
2019Q1,CBOE,26200000.0,5330400000.0,,111630805.0,0.84,0.84,,2697500000.0,127800000.0,32600000.0,1690300000.0,,1216000000.0,916100000.0,95400000.0,93500000.0,35000000.0,,3285400000.0,,111700000.0,111500000.0
2019Q2,CBOE,8100000.0,5159300000.0,,111666897.0,0.79,0.78,,2680000000.0,119600000.0,35100000.0,1646500000.0,,916600000.0,916600000.0,88300000.0,87600000.0,,,3327000000.0,,111600000.0,111500000.0
2019Q3,CBOE,-9100000.0,5019300000.0,,111255022.0,0.95,0.94,,2663400000.0,140900000.0,35000000.0,1598600000.0,1690600000.0,867100000.0,867100000.0,106000000.0,105500000.0,,,3328700000.0,,111900000.0,111600000.0
2019Q4,CBOE,37600000.0,5113900000.0,,110656892.0,0.78,0.77,24500000.0,2682100000.0,,,1589900000.0,1758300000.0,867600000.0,867600000.0,,86100000.0,,,3355600000.0,,,
2020Q1,CBOE,100000.0,5237500000.0,,109719823.0,1.42,1.42,24600000.0,2725400000.0,217500000.0,60100000.0,1555500000.0,1927400000.0,868100000.0,868100000.0,157400000.0,157000000.0,119500000.0,,3310100000.0,,110600000.0,110400000.0
2020Q2,CBOE,-2600000.0,5366300000.0,,108757176.0,1.04,1.03,24400000.0,2730400000.0,156600000.0,43000000.0,1526200000.0,2080000000.0,868600000.0,868600000.0,113600000.0,113300000.0,,,3286300000.0,,109600000.0,109500000.0
2020Q3,CBOE,29000000.0,6076800000.0,,108311921.0,1.01,1.01,30900000.0,2781500000.0,163400000.0,53500000.0,1580400000.0,2732300000.0,939100000.0,869100000.0,109900000.0,109600000.0,,,3344500000.0,,108800000.0,108700000.0
2020Q4,CBOE,75000000.0,6516500000.0,,107299933.0,0.81,0.81,30700000.0,2895100000.0,,,1729000000.0,3167600000.0,1203900000.0,1135200000.0,,87100000.0,,,3348900000.0,,,
2021Q1,CBOE,79800000.0,6958100000.0,,106934077.0,1.27,1.27,30700000.0,2898000000.0,192900000.0,55700000.0,1698100000.0,3553900000.0,1187800000.0,1138800000.0,137200000.0,136800000.0,47600000.0,,3404200000.0,,107400000.0,107300000.0
2021Q2,CBOE,85800000.0,7096500000.0,,106621969.0,0.99,0.98,31000000.0,2899500000.0,179200000.0,73700000.0,1670400000.0,3654000000.0,1298500000.0,1298500000.0,105500000.0,105200000.0,,,3442500000.0,,106900000.0,106800000.0
2021Q3,CBOE,66000000.0,7582700000.0,,106642977.0,1.12,1.12,31400000.0,3024700000.0,173800000.0,53400000.0,1701000000.0,4085700000.0,1298900000.0,1298900000.0,120400000.0,120000000.0,,,3497000000.0,,107000000.0,106800000.0
2021Q4,CBOE,55600000.0,6814500000.0,,106646498.0,,,31100000.0,3025400000.0,,,1668600000.0,3209700000.0,1299300000.0,1299300000.0,,,,,3604800000.0,,,
2022Q1,CBOE,29100000.0,8198100000.0,,106188570.0,1.02,1.02,31000000.0,3018100000.0,224900000.0,115300000.0,1628600000.0,4630800000.0,1593600000.0,1593600000.0,109600000.0,109200000.0,70000000.0,,3567300000.0,,106800000.0,106600000.0
2022Q2,CBOE,-31900000.0,7476100000.0,,106062246.0,-1.74,-1.74,31400000.0,3132000000.0,-256800000.0,-72300000.0,1792800000.0,4214200000.0,1959200000.0,1959200000.0,-184500000.0,-184500000.0,,,3261900000.0,,106300000.0,106300000.0
2022Q3,CBOE,-103800000.0,7297400000.0,,106082175.0,1.41,1.41,31800000.0,3113900000.0,229000000.0,78800000.0,1666100000.0,4003600000.0,1859800000.0,1859800000.0,150200000.0,149600000.0,,,3293800000.0,,106400000.0,106200000.0
2022Q4,CBOE,-31000000.0,6998900000.0,,105951199.0,,,32300000.0,3122800000.0,,,1662800000.0,3533600000.0,1742000000.0,1437300000.0,,,,,3465300000.0,,,
2023Q1,CBOE,-12200000.0,7903500000.0,,105574173.0,1.63,1.63,32400000.0,3128400000.0,248200000.0,74800000.0,1636500000.0,4364800000.0,1742600000.0,1437800000.0,,172600000.0,70000000.0,,3538700000.0,,106200000.0,105900000.0
2023Q2,CBOE,-2400000.0,7195900000.0,,105516820.0,1.58,1.57,33600000.0,3138400000.0,241800000.0,74000000.0,1614400000.0,3531500000.0,1603100000.0,1438200000.0,,167000000.0,,,3664400000.0,,106100000.0,105700000.0
2023Q3,CBOE,-51400000.0,7732500000.0,,105555989.0,1.96,1.95,34700000.0,3124900000.0,270100000.0,61900000.0,1571300000.0,3944200000.0,1513600000.0,1438700000.0,,207100000.0,,,3788300000.0,,106100000.0,105700000.0
2023Q4,CBOE,-9400000.0,7487500000.0,,105527815.0,,,34600000.0,3140600000.0,,,1561500000.0,3502500000.0,1439200000.0,1439200000.0,,,,,3985000000.0,,,
2024Q1,CBOE,-23200000.0,8152100000.0,,105341315.0,1.97,1.96,35700000.0,3133800000.0,292100000.0,82600000.0,1526700000.0,4128000000.0,1439600000.0,1439600000.0,209500000.0,208300000.0,76600000.0,,4024100000.0,,106100000.0,105600000.0
2024Q2,CBOE,-26400000.0,9255600000.0,,104788542.0,1.33,1.33,35700000.0,3132900000.0,203000000.0,62600000.0,1424700000.0,5233900000.0,1440100000.0,1440100000.0,140400000.0,139700000.0,,,4021700000.0,,105400000.0,105100000.0
2024Q3,CBOE,17800000.0,8711500000.0,,104677388.0,2.08,2.07,37100000.0,3150500000.0,309000000.0,90500000.0,1424700000.0,4503200000.0,1440600000.0,1440600000.0,218500000.0,217400000.0,,,4208300000.0,,105100000.0,104700000.0
2024Q4,CBOE,-48400000.0,7789100000.0,,104686478.0,,,36700000.0,3124200000.0,,,1376900000.0,3509500000.0,1441000000.0,1441000000.0,,,,,4279600000.0,,,
2025Q1,CBOE,-24800000.0,8667300000.0,,104738813.0,2.38,2.37,37600000.0,3132000000.0,350200000.0,99600000.0,1367800000.0,4215200000.0,1441500000.0,1441500000.0,250600000.0,249400000.0,30000000.0,,4452100000.0,,105100000.0,104700000.0
2025Q2,CBOE,42400000.0,9048300000.0,,104589930.0,2.23,2.23,38800000.0,3155900000.0,334600000.0,99500000.0,1356200000.0,4383200000.0,1442000000.0,1442000000.0,235100000.0,233900000.0,,,4665100000.0,,105000000.0,104700000.0
2025Q3,CBOE,24600000.0,9068600000.0,,104636261.0,2.86,2.85,36700000.0,3146900000.0,430100000.0,129300000.0,1330300000.0,4183700000.0,1442400000.0,1442400000.0,300800000.0,299300000.0,,,4884900000.0,,104900000.0,104600000.0
2025Q4,CBOE,30100000.0,9305300000.0,,104647739.0,,,36900000.0,3150500000.0,,,1297200000.0,4167000000.0,1442900000.0,1442900000.0,,,,,5138300000.0,,,
2026Q1,CBOE,11100000.0,11070600000.0,,104673700.0,3.67,3.66,36700000.0,3142400000.0,515500000.0,129800000.0,1274600000.0,5697100000.0,1443400000.0,793900000.0,385700000.0,384100000.0,40900000.0,,5373500000.0,,105000000.0,104700000.0
2026Q2,CBOE,4700000.0,10609300000.0,,104554843.0,3.36,3.35,35500000.0,3047600000.0,494700000.0,141600000.0,1184000000.0,4983500000.0,1443800000.0,794200000.0,353100000.0,351800000.0,,,5625800000.0,,104900000.0,104700000.0
