q,ticker,AccumulatedOtherComprehensiveIncomeLossNetOfTax,Assets,AvailableForSaleSecurities,AvailableForSaleSecuritiesDebtSecurities,DebtSecuritiesHeldToMaturityAmortizedCostAfterAllowanceForCreditLoss,Deposits,EarningsPerShareBasic,EarningsPerShareDiluted,FeesAndCommissionsDepositorAccounts,FinancingReceivableAllowanceForCreditLosses,FinancingReceivableExcludingAccruedInterestBeforeAllowanceForCreditLoss,Goodwill,HeldToMaturitySecurities,HeldToMaturitySecuritiesFairValue,IncomeLossFromContinuingOperationsBeforeIncomeTaxesExtraordinaryItemsNoncontrollingInterest,IncomeTaxExpenseBenefit,IntangibleAssetsNetExcludingGoodwill,InterestAndDividendIncomeOperating,InterestBearingDepositLiabilities,InterestExpense,InterestExpenseDeposits,InterestIncomeExpenseAfterProvisionForLoanLoss,InterestIncomeExpenseNet,Liabilities,LoansAndLeasesReceivableNetReportedAmount,NetIncomeLoss,NetIncomeLossAvailableToCommonStockholdersBasic,NoninterestBearingDepositLiabilities,NoninterestExpense,NoninterestIncome,PaymentsForRepurchaseOfCommonStock,ProvisionForLoanLeaseAndOtherLosses,RevenueFromContractWithCustomerExcludingAssessedTax,Revenues,StockholdersEquity,WeightedAverageNumberOfDilutedSharesOutstanding,WeightedAverageNumberOfSharesOutstandingBasic
2007Q4,CFR,,,,,,,,,,,,,,,,,,,,,,,,,,,,,,,,,,,1477088000.0,,
2008Q4,CFR,,,,,,,,,,,,,,,,,,,,,,,,,,,,,,,,,,,1763527000.0,,
2009Q2,CFR,122017000.0,15784812000.0,4327628000.0,,,12496737000.0,0.64,0.63,25152000.0,,,527197000.0,6583000.0,,,11721000.0,21839000.0,157225000.0,8136833000.0,22761000.0,14804000.0,117863000.0,134464000.0,13987815000.0,8521192000.0,37859000.0,,4359904000.0,136289000.0,68006000.0,,,,,1796997000.0,,
2009Q3,CFR,197061000.0,16158225000.0,4531687000.0,,,12921738000.0,0.75,0.75,26395000.0,,,527684000.0,6351000.0,,,9607000.0,20933000.0,155490000.0,8494831000.0,21501000.0,13593000.0,117049000.0,133989000.0,14252339000.0,8395486000.0,44699000.0,,4426907000.0,132234000.0,69491000.0,,,,,1905886000.0,,
2009Q4,CFR,154205000.0,16288038000.0,4884257000.0,,,13313310000.0,,,,,,527684000.0,6115000.0,,,,19460000.0,,8667508000.0,,,,,14393614000.0,8242471000.0,,,4645802000.0,,,,,,,1894424000.0,,
2010Q1,CFR,164004000.0,16760980000.0,4713349000.0,,,13733748000.0,0.79,0.79,24809000.0,,,527684000.0,5923000.0,,,12994000.0,18127000.0,152161000.0,8846524000.0,14577000.0,8561000.0,124013000.0,137584000.0,14811740000.0,8064222000.0,47818000.0,,4887224000.0,134594000.0,71393000.0,193000.0,,,,1949240000.0,,
2010Q2,CFR,215764000.0,17059879000.0,4753608000.0,,,13952160000.0,0.87,0.87,24925000.0,,,527684000.0,252995000.0,,,15624000.0,16828000.0,155314000.0,8890137000.0,13418000.0,7377000.0,133246000.0,141896000.0,15019028000.0,7940237000.0,52900000.0,52693000.0,5062023000.0,134654000.0,69932000.0,,,,,2040851000.0,60563684.0,60365085.0
2010Q3,CFR,251240000.0,17738126000.0,5255006000.0,,,14530087000.0,0.9,0.9,24980000.0,,,527684000.0,256724000.0,,,15199000.0,15552000.0,155688000.0,9235094000.0,13272000.0,7334000.0,132316000.0,142416000.0,15621989000.0,7926791000.0,54995000.0,54780000.0,5294993000.0,132552000.0,70430000.0,,,,,2116137000.0,60664703.0,60523658.0
2010Q4,CFR,154250000.0,17617092000.0,5157470000.0,,,14479342000.0,,,,,,527684000.0,283629000.0,296228000.0,,,14335000.0,,9118906000.0,,,,,15555412000.0,7990704000.0,,,5360436000.0,,,,,,,2061680000.0,,
2011Q1,CFR,154818000.0,17941644000.0,5662211000.0,,,14709559000.0,0.85,0.85,21250000.0,,,527684000.0,341034000.0,,,12653000.0,13215000.0,153593000.0,9296557000.0,11834000.0,5951000.0,132309000.0,141759000.0,15844293000.0,7900759000.0,51928000.0,51722000.0,5413002000.0,140061000.0,72333000.0,201000.0,,,,2097351000.0,61334464.0,61018169.0
2011Q2,CFR,202589000.0,18478386000.0,5432354000.0,,,15104131000.0,0.91,0.91,21328000.0,,,528072000.0,349997000.0,370975000.0,,13657000.0,12764000.0,156133000.0,9285439000.0,11800000.0,5946000.0,135348000.0,144333000.0,16301741000.0,7945471000.0,55686000.0,55480000.0,5818692000.0,136797000.0,70792000.0,,,,,2176645000.0,61390716.0,61093641.0
2011Q3,CFR,244053000.0,19489642000.0,5339812000.0,,,16063873000.0,0.89,0.89,22072000.0,,,528072000.0,366267000.0,403205000.0,,23654000.0,11656000.0,154779000.0,9522634000.0,9418000.0,5306000.0,136351000.0,145361000.0,17242766000.0,7974144000.0,54507000.0,54361000.0,6541239000.0,137407000.0,79217000.0,,,,,2246876000.0,61239146.0,61137054.0
2011Q4,CFR,247734000.0,20317245000.0,7789700000.0,,,16756748000.0,,,,,,528072000.0,365996000.0,404461000.0,,,10604000.0,,10084193000.0,,,,,18033708000.0,7884982000.0,,,6672555000.0,,,,,,,2283537000.0,,
2012Q1,CFR,244396000.0,20417181000.0,8568215000.0,,,16909021000.0,0.99,0.99,20794000.0,,,535560000.0,365603000.0,402829000.0,78546000.0,17513000.0,11033000.0,156865000.0,10124909000.0,7158000.0,4572000.0,148607000.0,149707000.0,18096468000.0,8019532000.0,61033000.0,61033000.0,6784112000.0,142040000.0,71979000.0,,,,,2320713000.0,61533301.0,61200627.0
2012Q2,CFR,253275000.0,20866226000.0,8475767000.0,,,17277117000.0,0.94,0.94,20639000.0,,,535560000.0,365356000.0,407022000.0,74089000.0,16027000.0,10039000.0,155796000.0,10140443000.0,6579000.0,4547000.0,146862000.0,149217000.0,18503615000.0,8384115000.0,58062000.0,58062000.0,7136674000.0,142536000.0,69763000.0,,,,218980000.0,2362611000.0,61634836.0,61290792.0
2012Q3,CFR,274723000.0,21847541000.0,8717645000.0,,,18245197000.0,0.95,0.95,20797000.0,,,535509000.0,364997000.0,409258000.0,75740000.0,17071000.0,9066000.0,158159000.0,10524267000.0,6627000.0,4598000.0,149032000.0,151532000.0,19428924000.0,8705639000.0,58669000.0,58669000.0,7720930000.0,144450000.0,71158000.0,,,,222690000.0,2418617000.0,61686450.0,61316854.0
2012Q4,CFR,238048000.0,23124069000.0,6203299000.0,,,19497366000.0,,,,,,535509000.0,2956381000.0,2996944000.0,,,8147000.0,,11400429000.0,,,,,20706587000.0,9119395000.0,,,8096937000.0,,,,,,,2417482000.0,,
2013Q1,CFR,214370000.0,22497721000.0,5857525000.0,,,19043904000.0,0.91,0.91,20044000.0,,,535509000.0,3068008000.0,3079426000.0,68779000.0,13591000.0,7327000.0,158762000.0,11368438000.0,5949000.0,4008000.0,146813000.0,152813000.0,20054390000.0,9068762000.0,55188000.0,55188000.0,7675466000.0,155814000.0,77780000.0,115200000.0,,,230593000.0,2443331000.0,61173772.0,60592567.0
2013Q2,CFR,155602000.0,22571514000.0,6033370000.0,,,19078219000.0,0.95,0.94,20044000.0,,,535509000.0,3166692000.0,3070349000.0,72357000.0,12694000.0,6539000.0,159018000.0,11333543000.0,5837000.0,3882000.0,149606000.0,153181000.0,20143676000.0,9139143000.0,59663000.0,56975000.0,7744676000.0,149758000.0,72509000.0,,,,225690000.0,2427838000.0,60675124.0,60010527.0
2013Q3,CFR,145727000.0,23529760000.0,5569791000.0,,,19978894000.0,0.96,0.96,20742000.0,,,535509000.0,3156146000.0,3052912000.0,72413000.0,11969000.0,5759000.0,160851000.0,11877121000.0,5498000.0,3522000.0,150245000.0,155353000.0,21048592000.0,9213307000.0,60444000.0,58429000.0,8101773000.0,151823000.0,73991000.0,,,,229344000.0,2481168000.0,61206125.0,60339509.0
2013Q4,CFR,140434000.0,24312939000.0,5895436000.0,,,20688786000.0,,,,,,536649000.0,3139748000.0,3029663000.0,,,6345000.0,,12377637000.0,,,,,21798778000.0,9423262000.0,,,8311149000.0,,,,,,,2514161000.0,,
2014Q1,CFR,142748000.0,24685085000.0,5482465000.0,,,21065633000.0,0.97,0.96,19974000.0,,,536649000.0,3082082000.0,3045459000.0,73284000.0,12096000.0,5656000.0,163706000.0,12448317000.0,3371000.0,2561000.0,153735000.0,160335000.0,22119166000.0,9655489000.0,61188000.0,59172000.0,8617316000.0,157941000.0,77490000.0,0.0,,,237825000.0,2565919000.0,61587540.0,60701280.0
2014Q2,CFR,160468000.0,26523439000.0,6322943000.0,,,22516606000.0,1.04,1.03,20462000.0,,,649020000.0,3065867000.0,3072344000.0,80245000.0,13541000.0,15700000.0,173392000.0,13009025000.0,3426000.0,2567000.0,165042000.0,169966000.0,23752765000.0,10581091000.0,66704000.0,64689000.0,9507581000.0,163947000.0,79150000.0,,,,249116000.0,2771585000.0,62466556.0,61551473.0
2014Q3,CFR,155276000.0,27370633000.0,6911652000.0,,,23490603000.0,1.19,1.18,20819000.0,,,653849000.0,2942012000.0,2970785000.0,94262000.0,16881000.0,13121000.0,181548000.0,13328188000.0,3907000.0,2991000.0,177251000.0,177641000.0,24552781000.0,10648472000.0,77381000.0,75365000.0,10162415000.0,163851000.0,80862000.0,,,,258503000.0,2817852000.0,63872628.0,62939149.0
2014Q4,CFR,141814000.0,28277775000.0,8461254000.0,,,24135930000.0,,,,,,654668000.0,2926486000.0,2966390000.0,,,12125000.0,,13986869000.0,,,,,25426372000.0,10887993000.0,,,10149061000.0,,,,,,,2851403000.0,,
2015Q1,CFR,160119000.0,28158982000.0,8672497000.0,,,24149622000.0,1.11,1.1,19777000.0,,,654668000.0,2817511000.0,2866704000.0,84245000.0,12082000.0,11231000.0,184374000.0,14117672000.0,3671000.0,2756000.0,172541000.0,180703000.0,25248051000.0,11109105000.0,72163000.0,70147000.0,10031950000.0,171511000.0,83215000.0,,,,263918000.0,2910931000.0,63779434.0,63094391.0
2015Q2,CFR,82297000.0,27781593000.0,8643586000.0,,,23841154000.0,1.12,1.11,20033000.0,,,654668000.0,2795676000.0,2813990000.0,85679000.0,12602000.0,10382000.0,185932000.0,13683342000.0,3123000.0,2182000.0,179936000.0,182809000.0,24909926000.0,11294217000.0,73077000.0,71062000.0,10157812000.0,173239000.0,78982000.0,,,,261791000.0,2871667000.0,63950723.0,63118785.0
2015Q3,CFR,133916000.0,28341352000.0,8972688000.0,,,24324397000.0,1.18,1.17,20854000.0,,,654668000.0,2677485000.0,2717608000.0,87980000.0,12130000.0,9566000.0,190088000.0,13855792000.0,3107000.0,2138000.0,180171000.0,186981000.0,25436379000.0,11248577000.0,75850000.0,73834000.0,10468605000.0,175569000.0,83378000.0,,,,270359000.0,2904973000.0,63318766.0,62628725.0
2015Q4,CFR,113863000.0,28565942000.0,9206358000.0,,,24343595000.0,,,,,,654668000.0,2663009000.0,2710685000.0,,,8800000.0,,14073362000.0,,,,,25675599000.0,11350672000.0,,,10270233000.0,,,,,,,2890343000.0,,
2016Q1,CFR,179319000.0,28400086000.0,9067229000.0,,,24156975000.0,1.07,1.07,20364000.0,,,654668000.0,2368019000.0,2425034000.0,78208000.0,9392000.0,8136000.0,192604000.0,14507042000.0,2880000.0,1787000.0,161224000.0,189724000.0,25407846000.0,11380155000.0,68816000.0,66800000.0,9649933000.0,179159000.0,96143000.0,0.0,,,285867000.0,2992240000.0,61999363.0,61929466.0
2016Q2,CFR,281357000.0,28976249000.0,10044033000.0,,,24287451000.0,1.12,1.11,19865000.0,,,654668000.0,2339602000.0,2414383000.0,79885000.0,8378000.0,7517000.0,193451000.0,14508064000.0,2949000.0,1773000.0,181313000.0,190502000.0,25839581000.0,11434468000.0,71507000.0,69492000.0,9779387000.0,179445000.0,78017000.0,,,,268519000.0,3136668000.0,62456943.0,61959411.0
2016Q3,CFR,215513000.0,29602912000.0,10162826000.0,,,25107548000.0,1.24,1.24,20540000.0,,,654668000.0,2264460000.0,2326430000.0,91071000.0,10852000.0,6931000.0,197489000.0,14827488000.0,2982000.0,1749000.0,189462000.0,194507000.0,26441116000.0,11431637000.0,80219000.0,78203000.0,10280060000.0,180505000.0,82114000.0,,,,276621000.0,3161796000.0,63141203.0,62449660.0
2016Q4,CFR,-24623000.0,30196319000.0,10203277000.0,,,25811575000.0,,,,,,654952000.0,2250460000.0,2262747000.0,,,6776000.0,,15298206000.0,,,,,27193791000.0,11822347000.0,,,10513369000.0,,,,,,,3002528000.0,,
2017Q1,CFR,-5850000.0,30524705000.0,10612493000.0,,,26142164000.0,1.29,1.28,20769000.0,,,654952000.0,1640255000.0,1664773000.0,96342000.0,11401000.0,6318000.0,211792000.0,15232749000.0,3283000.0,1868000.0,200557000.0,208509000.0,27427327000.0,12032589000.0,84941000.0,82925000.0,10909415000.0,187915000.0,83700000.0,42000.0,,,292209000.0,3097378000.0,64737385.0,63738191.0
2017Q2,CFR,51310000.0,30206314000.0,10783737000.0,,,25613573000.0,1.3,1.29,21198000.0,,,654952000.0,1596262000.0,1630665000.0,99391000.0,13838000.0,5880000.0,219274000.0,14906208000.0,4486000.0,2173000.0,206362000.0,214788000.0,26982385000.0,12362780000.0,85553000.0,83538000.0,10707365000.0,188051000.0,81080000.0,,,,295868000.0,3223929000.0,65035331.0,64061264.0
2017Q3,CFR,57675000.0,30989972000.0,10185100000.0,,,26403269000.0,1.43,1.41,20967000.0,,,654952000.0,1442222000.0,1476653000.0,103023000.0,9892000.0,5475000.0,227586000.0,15229018000.0,8375000.0,5668000.0,208231000.0,219211000.0,27800929000.0,12552001000.0,93131000.0,91115000.0,11174251000.0,186823000.0,81615000.0,,,,300826000.0,3189043000.0,64565301.0,63667356.0
2017Q4,CFR,79512000.0,31747880000.0,10489009000.0,,,26872389000.0,,,,,,654952000.0,1432098000.0,1455791000.0,,,5073000.0,,15675296000.0,,,,,28450017000.0,12990301000.0,,,11197093000.0,,,,,,,3297863000.0,,
2018Q1,CFR,-53354000.0,31459232000.0,10536532000.0,,,26677778000.0,1.63,1.61,20843000.0,,,654952000.0,1247154000.0,1257886000.0,117637000.0,11157000.0,4685000.0,243326000.0,15743616000.0,13578000.0,10638000.0,222803000.0,229748000.0,28215802000.0,13214144000.0,106480000.0,104464000.0,10934162000.0,196611000.0,91445000.0,0.0,,,321193000.0,3243430000.0,64662195.0,63649198.0
2018Q2,CFR,-63319000.0,30687214000.0,10717743000.0,,,25996499000.0,1.7,1.68,21142000.0,,,654952000.0,1236511000.0,1247143000.0,125177000.0,13836000.0,4316000.0,257951000.0,15470501000.0,20681000.0,17575000.0,229019000.0,237270000.0,27377702000.0,13561536000.0,111341000.0,109326000.0,10525998000.0,188908000.0,85066000.0,,,,322336000.0,3309512000.0,64899288.0,63836651.0
2018Q3,CFR,-141235000.0,31223402000.0,11178591000.0,,,26348854000.0,1.8,1.78,21569000.0,,,654952000.0,1111762000.0,1116845000.0,133004000.0,15160000.0,3980000.0,268716000.0,15508341000.0,27051000.0,22201000.0,239015000.0,241665000.0,27915156000.0,13677260000.0,117844000.0,115828000.0,10840513000.0,193668000.0,87657000.0,,,,329322000.0,3308246000.0,64914191.0,63892023.0
2018Q4,CFR,-63600000.0,32292966000.0,11387321000.0,,,27149204000.0,,,,,,654952000.0,1106057000.0,1116953000.0,,,3649000.0,,16151710000.0,,,,,28924049000.0,13967601000.0,,,10997494000.0,,,,,,,3368917000.0,,
2019Q1,CFR,93774000.0,31664566000.0,12013963000.0,,,26294863000.0,1.8,1.79,,,,654952000.0,1077279000.0,1097858000.0,130451000.0,13955000.0,3324000.0,281321000.0,16165955000.0,34852000.0,27174000.0,235466000.0,246469000.0,28070988000.0,14269989000.0,116496000.0,114480000.0,10128908000.0,201800000.0,96785000.0,519000.0,11003000.0,,343254000.0,3591517000.0,63827956.0,63009060.0
2019Q2,CFR,219438000.0,31818863000.0,12279513000.0,,,25985023000.0,1.73,1.72,,,,654952000.0,1035299000.0,1061978000.0,126460000.0,14874000.0,3019000.0,288137000.0,15848586000.0,34706000.0,26844000.0,247031000.0,253431000.0,28077556000.0,14324220000.0,111586000.0,109571000.0,10136437000.0,203209000.0,82638000.0,,6400000.0,,336069000.0,3739246000.0,63554098.0,62789182.0
2019Q3,CFR,305383000.0,33098176000.0,12420446000.0,,,27083582000.0,1.74,1.73,,,,654952000.0,1020838000.0,1047423000.0,125366000.0,13530000.0,2745000.0,286273000.0,16333338000.0,33266000.0,25637000.0,245006000.0,253007000.0,29216719000.0,14498369000.0,111836000.0,109820000.0,10750244000.0,208864000.0,89224000.0,,8001000.0,22941000.0,342231000.0,3881457000.0,63158994.0,62566128.0
2019Q4,CFR,267370000.0,34027428000.0,11269591000.0,,,27639564000.0,,,,132167000.0,,654952000.0,2030005000.0,2048675000.0,,,2481000.0,,16765935000.0,,,,,30115760000.0,14618165000.0,,,10873629000.0,,,,,,,3911668000.0,,
2020Q1,CFR,363815000.0,34147305000.0,10467977000.0,,,28140867000.0,0.75,0.75,,263881000.0,,654952000.0,1984349000.0,2057879000.0,58076000.0,3323000.0,2224000.0,265980000.0,16938659000.0,21459000.0,16053000.0,69324000.0,244521000.0,30320639000.0,15074379000.0,54753000.0,47223000.0,11202208000.0,224163000.0,212915000.0,13973000.0,175197000.0,22651000.0,457436000.0,3826666000.0,63049836.0,62642682.0
2020Q2,CFR,488264000.0,39377553000.0,10606696000.0,,,32679096000.0,1.47,1.47,,250061000.0,,654952000.0,1969126000.0,2073441000.0,91758000.0,-1314000.0,1983000.0,254994000.0,18007107000.0,9183000.0,6227000.0,213836000.0,245811000.0,35368752000.0,17721876000.0,93072000.0,93072000.0,14671989000.0,199679000.0,77601000.0,,31975000.0,17580000.0,323412000.0,4008801000.0,62801019.0,62596171.0
2020Q3,CFR,505145000.0,40101240000.0,10604480000.0,,,33499503000.0,1.5,1.5,,263475000.0,,654952000.0,1951544000.0,2058855000.0,104572000.0,9516000.0,1771000.0,251166000.0,18653733000.0,7743000.0,5397000.0,223121000.0,243423000.0,36016214000.0,17960402000.0,95056000.0,95056000.0,14845770000.0,202150000.0,83601000.0,,20302000.0,19812000.0,327024000.0,4085026000.0,62919658.0,62726542.0
2020Q4,CFR,512970000.0,42391317000.0,10437565000.0,10437565000.0,1945673000.0,35015761000.0,,,,263177000.0,,654952000.0,1945833000.0,2052896000.0,,,,,19898710000.0,,,,,38098301000.0,17218132000.0,,,15117051000.0,,,,,,,4293016000.0,,
2021Q1,CFR,387748000.0,44046787000.0,10377444000.0,,,36925180000.0,1.78,1.77,,261258000.0,,654952000.0,1820725000.0,1884302000.0,123912000.0,7897000.0,,246611000.0,20821531000.0,5730000.0,3517000.0,240818000.0,240881000.0,39778869000.0,17628393000.0,116015000.0,113864000.0,16103649000.0,210142000.0,93236000.0,1288000.0,63000.0,19993000.0,334117000.0,4267918000.0,63815783.0,63306493.0
2021Q2,CFR,412990000.0,46697673000.0,10840526000.0,,,38734140000.0,1.81,1.8,,255288000.0,,654952000.0,1813563000.0,1896235000.0,133149000.0,15081000.0,,263034000.0,22274605000.0,5878000.0,3499000.0,257156000.0,257156000.0,42323856000.0,16341038000.0,118068000.0,116399000.0,16459535000.0,215254000.0,91247000.0,,0.0,19849000.0,348403000.0,4373817000.0,64102159.0,63606340.0
2021Q3,CFR,350283000.0,47860325000.0,,11731222000.0,,39612767000.0,1.66,1.65,,250150000.0,,654952000.0,1759428000.0,1825568000.0,121308000.0,13333000.0,,252235000.0,22461184000.0,6113000.0,3677000.0,246122000.0,246122000.0,43487963000.0,15582520000.0,107975000.0,106307000.0,17151583000.0,218003000.0,93189000.0,,0.0,21216000.0,339311000.0,4372362000.0,64096656.0,63652020.0
2021Q4,CFR,347318000.0,50878490000.0,,13924628000.0,1749179000.0,42695696000.0,,,,248666000.0,,654952000.0,1749337000.0,1809143000.0,,,,,24272678000.0,,,,,46438935000.0,16087731000.0,,,18423018000.0,,,,,,,4439555000.0,,
2022Q1,CFR,-371790000.0,51296051000.0,,16184539000.0,1665465000.0,44430929000.0,1.51,1.5,,246835000.0,,654952000.0,1665623000.0,1639993000.0,111729000.0,12627000.0,,256261000.0,26316499000.0,7190000.0,4912000.0,249071000.0,249071000.0,47519759000.0,16295702000.0,99102000.0,97433000.0,18114430000.0,238732000.0,101390000.0,996000.0,0.0,22740000.0,350461000.0,3776292000.0,64460907.0,64051202.0
2022Q2,CFR,-874206000.0,51784888000.0,,16781685000.0,1946428000.0,45601765000.0,1.82,1.81,,239632000.0,,654952000.0,1946586000.0,1828515000.0,139788000.0,20674000.0,,306602000.0,26817834000.0,18394000.0,14593000.0,288208000.0,288208000.0,48437913000.0,16496394000.0,119114000.0,117445000.0,18783931000.0,246347000.0,97927000.0,,0.0,23870000.0,386135000.0,3346975000.0,64467229.0,64112828.0
2022Q3,CFR,-1528925000.0,52945569000.0,,17399107000.0,2174084000.0,46560186000.0,2.6,2.59,,234315000.0,,654952000.0,2174242000.0,1917287000.0,197470000.0,27710000.0,,408330000.0,27994366000.0,52783000.0,42682000.0,355547000.0,355547000.0,50133097000.0,16716314000.0,169760000.0,168092000.0,18565820000.0,257898000.0,99821000.0,,0.0,22960000.0,455368000.0,2812472000.0,64501412.0,64157662.0
2022Q4,CFR,-1348294000.0,52892376000.0,,18243605000.0,2639083000.0,43954196000.0,,,,227621000.0,,654952000.0,2639241000.0,2467865000.0,,,,,26355962000.0,,,,,49755148000.0,16927348000.0,,,17598234000.0,,,,,,,3137228000.0,,
2023Q1,CFR,-1142138000.0,51245658000.0,,17981830000.0,3711579000.0,42184155000.0,2.71,2.7,,231514000.0,,654952000.0,3711841000.0,3601757000.0,210839000.0,33186000.0,,535195000.0,26188656000.0,135375000.0,97989000.0,390716000.0,399820000.0,47777857000.0,17254506000.0,177653000.0,175984000.0,15995499000.0,285142000.0,105265000.0,1173000.0,9104000.0,21879000.0,505085000.0,3467801000.0,64632076.0,64373563.0
2023Q2,CFR,-1305027000.0,48597200000.0,,17249257000.0,3691220000.0,40700830000.0,2.47,2.47,,233619000.0,,654952000.0,3691487000.0,3543929000.0,193851000.0,31733000.0,,542328000.0,25796216000.0,157062000.0,120266000.0,375365000.0,385266000.0,45210458000.0,17512692000.0,162118000.0,160449000.0,14904614000.0,285042000.0,103528000.0,,9901000.0,23487000.0,488794000.0,3386742000.0,64427961.0,64240789.0
2023Q3,CFR,-1778827000.0,48747022000.0,,16117089000.0,3628123000.0,40992235000.0,2.38,2.38,,242235000.0,,,3628433000.0,3231691000.0,186983000.0,31332000.0,,561112000.0,26360779000.0,175686000.0,138779000.0,374241000.0,385426000.0,45747271000.0,18157024000.0,155651000.0,153983000.0,14631456000.0,293256000.0,105998000.0,,11185000.0,23603000.0,491424000.0,2999751000.0,64239244.0,64067352.0
2023Q4,CFR,-1119219000.0,50845038000.0,,16578371000.0,3619428000.0,41920568000.0,,,,245996000.0,18824251000.0,,3619738000.0,3532044000.0,,,,,26994474000.0,,,,,47128591000.0,18578255000.0,,,14926094000.0,,,,,,,3716447000.0,,
2024Q1,CFR,-1276283000.0,49505424000.0,,15181583000.0,3600729000.0,40806486000.0,2.06,2.06,,250297000.0,,,3601039000.0,3451316000.0,161561000.0,25871000.0,,585500000.0,27051501000.0,195449000.0,155634000.0,376401000.0,390051000.0,45867244000.0,19137909000.0,135690000.0,134021000.0,13754985000.0,326217000.0,111377000.0,2073000.0,13650000.0,24795000.0,501428000.0,3638180000.0,64371731.0,64216323.0
2024Q2,CFR,-1309344000.0,48842693000.0,,15197638000.0,3586116000.0,40318140000.0,2.21,2.21,,256307000.0,,,3586426000.0,3416937000.0,175151000.0,29652000.0,,596285000.0,26833163000.0,199573000.0,159260000.0,380925000.0,396712000.0,45176888000.0,19739449000.0,145499000.0,143830000.0,13484977000.0,316964000.0,111190000.0,,15787000.0,26114000.0,507902000.0,3665805000.0,64333187.0,64192907.0
2024Q3,CFR,-915433000.0,51008093000.0,,15320043000.0,3569718000.0,41720621000.0,2.24,2.24,,263129000.0,,,3570028000.0,3498271000.0,175242000.0,28741000.0,,608159000.0,27767551000.0,203828000.0,164328000.0,384945000.0,404331000.0,46872887000.0,19791734000.0,146501000.0,144833000.0,13953070000.0,323410000.0,113707000.0,,19386000.0,27412000.0,518038000.0,4135206000.0,64085007.0,63957786.0
2024Q4,CFR,-1252004000.0,52520259000.0,,15043625000.0,3533775000.0,42722748000.0,,,,,20754813000.0,,3534085000.0,3360546000.0,,,,,28280928000.0,,,,,48621671000.0,,,,14441820000.0,,,,,,,3898588000.0,,
2025Q1,CFR,-1129211000.0,52004742000.0,,16864472000.0,3511156000.0,42390671000.0,2.3,2.3,,,20903920000.0,,3511466000.0,3297250000.0,179095000.0,28173000.0,,585117000.0,28141498000.0,168897000.0,133168000.0,403150000.0,416220000.0,47890582000.0,,150922000.0,149253000.0,14249173000.0,348066000.0,124011000.0,2600000.0,13070000.0,28621000.0,540231000.0,4114160000.0,64329044.0,64255246.0
2025Q2,CFR,-1140472000.0,51409360000.0,,16612686000.0,3486290000.0,41683614000.0,2.39,2.39,,,21254495000.0,,3486600000.0,3218209000.0,186620000.0,29617000.0,,601958000.0,27938153000.0,172354000.0,134293000.0,416475000.0,429604000.0,47209050000.0,,157003000.0,155334000.0,13745461000.0,347128000.0,117273000.0,,13129000.0,29151000.0,546877000.0,4200310000.0,64351780.0,64299943.0
2025Q3,CFR,-924420000.0,52533336000.0,,16884684000.0,3454732000.0,42517152000.0,2.67,2.67,,,21445574000.0,,3455232000.0,3288919000.0,208008000.0,33628000.0,,620105000.0,28388896000.0,178487000.0,137868000.0,434839000.0,441618000.0,48072554000.0,,174380000.0,172712000.0,14128256000.0,352478000.0,125647000.0,,6779000.0,31440000.0,567265000.0,4460782000.0,64120515.0,64080473.0
2025Q4,CFR,-842951000.0,53041424000.0,,15970596000.0,3431179000.0,42917864000.0,,,,,21891812000.0,,3431679000.0,3295431000.0,,,,,28774049000.0,,,,,48468388000.0,,,,14143815000.0,,,,,,,4573036000.0,,
2026Q1,CFR,-923511000.0,52724557000.0,,16790606000.0,3405500000.0,42836174000.0,2.65,2.65,,,22432419000.0,,3406000000.0,3217467000.0,202406000.0,31419000.0,,577967000.0,28664346000.0,139445000.0,108243000.0,431777000.0,438522000.0,48193888000.0,,170987000.0,169318000.0,14171828000.0,365686000.0,136315000.0,72298000.0,6745000.0,32157000.0,574837000.0,4530669000.0,63101492.0,63101492.0
2026Q2,CFR,-851660000.0,53881091000.0,,18089973000.0,3385507000.0,43334015000.0,2.7,2.7,,,22975658000.0,,3386007000.0,3250816000.0,204542000.0,32483000.0,,594763000.0,28750079000.0,147035000.0,114558000.0,437961000.0,447728000.0,49258448000.0,,172059000.0,170390000.0,14583936000.0,361700000.0,128281000.0,,9767000.0,34177000.0,576009000.0,4622643000.0,62454716.0,62454716.0
