q,ticker,AccumulatedOtherComprehensiveIncomeLossNetOfTax,Assets,AvailableForSaleSecurities,AvailableForSaleSecuritiesDebtSecurities,CommonStockSharesOutstanding,Deposits,EarningsPerShareBasic,EarningsPerShareDiluted,FinancingReceivableAllowanceForCreditLosses,FinancingReceivableExcludingAccruedInterestBeforeAllowanceForCreditLoss,Goodwill,HeldToMaturitySecurities,HeldToMaturitySecuritiesFairValue,IncomeLossFromContinuingOperationsBeforeIncomeTaxesExtraordinaryItemsNoncontrollingInterest,IncomeTaxExpenseBenefit,IntangibleAssetsNetExcludingGoodwill,InterestAndDividendIncomeOperating,InterestBearingDepositLiabilities,InterestExpense,InterestExpenseBorrowings,InterestExpenseDeposits,InterestIncomeExpenseAfterProvisionForLoanLoss,InterestIncomeExpenseNet,Liabilities,LoansAndLeasesReceivableNetReportedAmount,LongTermDebt,NetIncomeLoss,NetIncomeLossAvailableToCommonStockholdersBasic,NoninterestBearingDepositLiabilities,NoninterestExpense,NoninterestIncome,NotesReceivableNet,PaymentsForRepurchaseOfCommonStock,ProvisionForLoanLeaseAndOtherLosses,RevenueFromContractWithCustomerExcludingAssessedTax,Revenues,StockholdersEquity,WeightedAverageNumberOfDilutedSharesOutstanding,WeightedAverageNumberOfSharesOutstandingBasic
2006Q4,COF,,,,,,,,,,,,,,,,,,,,,,,,,,,,,,,,,,,,,25235206000.0,,
2007Q4,COF,,,,,,,,,,,,,,,,,,,,,,,,,,,,,,,,,,,,,24294000000.0,,
2008Q2,COF,,,,,,,1.21,1.21,,,,,,,238843000.0,,2691857000.0,,964101000.0,,592576000.0,898626000.0,1727756000.0,,,,452905000.0,452905000.0,,1819601000.0,1622316000.0,,,,,,24921465000.0,,
2008Q3,COF,,,,,,,1.0,1.0,,,,,,,213624000.0,,2771796000.0,,965151000.0,,624319000.0,712728000.0,1806645000.0,,,,374139000.0,374139000.0,,1810206000.0,1696891000.0,,,,,,25611540000.0,,
2008Q4,COF,-1222000000.0,165913000000.0,31003271000.0,,,108620789000.0,,,,,11964000000.0,0.0,,,,,,97326937000.0,,,,,,139301019000.0,96493811000.0,,,,11293852000.0,,,,,,,,26611000000.0,,
2009Q1,COF,,,,,,,-0.44,-0.44,,,,,,,-58490000.0,,2650009000.0,,857021000.0,,627392000.0,513851000.0,1792988000.0,,,,-108062000.0,-172252000.0,,1745289000.0,1089844000.0,,2955000.0,,,,26747976000.0,,
2009Q2,COF,-398779000.0,171911307000.0,37667165000.0,,,116724190000.0,-0.66,-0.66,,,13381056000.0,87545000.0,,,92000000.0,,2717000000.0,104120642000.0,772000000.0,,560000000.0,1011000000.0,1945000000.0,146581731000.0,96591802000.0,,223000000.0,-277000000.0,12603548000.0,1922000000.0,1232000000.0,,,,,,25332000000.0,422000000.0,422000000.0
2009Q3,COF,56524000.0,168503921000.0,37693001000.0,,,114503111000.0,0.88,0.87,,,13524978000.0,83608000.0,,,146000000.0,,2702000000.0,101768522000.0,697000000.0,,479000000.0,832000000.0,2005000000.0,142281769000.0,92269672000.0,,394000000.0,394000000.0,12734589000.0,1802000000.0,1553000000.0,,,,,,26192000000.0,453000000.0,449000000.0
2009Q4,COF,83000000.0,169646000000.0,38830000000.0,,,115809000000.0,,,,,13596000000.0,80000000.0,,,,,,102370000000.0,,,,,,143056000000.0,86492000000.0,15438000000.0,,,13439000000.0,,,,,,,,26590000000.0,,
2010Q1,COF,158916000.0,200707587000.0,38251017000.0,,,117786559000.0,1.41,1.4,,,13589339000.0,0.0,,,244000000.0,,4030000000.0,104013477000.0,802000000.0,403000000.0,399000000.0,1750000000.0,3228000000.0,176333205000.0,122362776000.0,,636000000.0,636263000.0,13773082000.0,1847000000.0,1061000000.0,,18000000.0,,,,24375000000.0,455000000.0,451000000.0
2010Q2,COF,467000000.0,197489000000.0,39424000000.0,,,117331000000.0,1.34,1.33,,,13588000000.0,0.0,,,369000000.0,,3835000000.0,103172000000.0,738000000.0,370000000.0,368000000.0,2374000000.0,3097000000.0,172219000000.0,120341000000.0,,608000000.0,608000000.0,14159000000.0,2000000000.0,807000000.0,,,,,,25270000000.0,456000000.0,452000000.0
2010Q3,COF,469000000.0,196933000000.0,39926000000.0,,,119212000000.0,1.78,1.76,,,13593000000.0,0.0,,,335000000.0,,3815000000.0,104741000000.0,706000000.0,348000000.0,358000000.0,2242000000.0,3109000000.0,170872000000.0,120159000000.0,29327000000.0,803000000.0,803000000.0,14471000000.0,1996000000.0,907000000.0,,,,,,26061000000.0,457000000.0,453000000.0
2010Q4,COF,248000000.0,197503000000.0,41537000000.0,41537000000.0,,122210000000.0,,,,,13591000000.0,0.0,,,,,,107162000000.0,,,,,,170962000000.0,120319000000.0,40272000000.0,,,15048000000.0,,,,,,,,26541000000.0,,
2011Q1,COF,245000000.0,199300000000.0,41566000000.0,,,125446000000.0,2.24,2.21,,,13597000000.0,,,,354000000.0,,3752000000.0,109097000000.0,612000000.0,290000000.0,322000000.0,2606000000.0,3140000000.0,171750000000.0,119025000000.0,37827000000.0,1016000000.0,1016000000.0,16349000000.0,2162000000.0,942000000.0,,38000000.0,,,,27550000000.0,460000000.0,454000000.0
2011Q2,COF,442000000.0,199753000000.0,39474000000.0,39474000000.0,,126117000000.0,2.0,1.97,,,13596000000.0,,,,450000000.0,,3699000000.0,109278000000.0,563000000.0,256000000.0,307000000.0,2793000000.0,3136000000.0,171072000000.0,124477000000.0,33295000000.0,911000000.0,911000000.0,16839000000.0,2255000000.0,857000000.0,,,,,,28681000000.0,462000000.0,456000000.0
2011Q3,COF,291000000.0,200148000000.0,38400000000.0,38400000000.0,,128318000000.0,1.78,1.77,22000000.0,,13593000000.0,,,,370000000.0,,3835000000.0,110777000000.0,552000000.0,258000000.0,294000000.0,2661000000.0,3283000000.0,170770000000.0,125672000000.0,32874000000.0,813000000.0,813000000.0,17541000000.0,2297000000.0,871000000.0,,,,,,29378000000.0,460000000.0,456000000.0
2011Q4,COF,169000000.0,206019000000.0,38800000000.0,38759000000.0,459947217.0,128226000000.0,,,,,13592000000.0,,,,,,,109945000000.0,,,,,,176353000000.0,131642000000.0,32262000000.0,,,18281000000.0,,,,,,,,29617000000.0,,
2012Q1,COF,253000000.0,294481000000.0,60810000000.0,60810000000.0,,216528000000.0,2.74,2.72,,,13595000000.0,,,,353000000.0,,3979000000.0,197254000000.0,565000000.0,254000000.0,311000000.0,2841000000.0,3414000000.0,257531000000.0,169762000000.0,32115000000.0,1403000000.0,1396000000.0,19274000000.0,2504000000.0,1521000000.0,,42000000.0,,,,36950000000.0,513000000.0,509000000.0
2012Q2,COF,350000000.0,296572000000.0,55289000000.0,55289000000.0,,213931000000.0,0.16,0.16,,,13864000000.0,,,,43000000.0,,4616000000.0,193859000000.0,615000000.0,242000000.0,373000000.0,2324000000.0,4001000000.0,259380000000.0,197751000000.0,30373000000.0,93000000.0,92000000.0,20072000000.0,3142000000.0,1054000000.0,,,,,5055000000.0,37192000000.0,583000000.0,578000000.0
2012Q3,COF,781000000.0,301989000000.0,61464000000.0,61464000000.0,,213255000000.0,2.03,2.01,,,13901000000.0,15000000.0,,,535000000.0,,5254000000.0,192488000000.0,608000000.0,237000000.0,371000000.0,3632000000.0,4646000000.0,262317000000.0,197978000000.0,29125000000.0,1178000000.0,1173000000.0,20767000000.0,3045000000.0,1136000000.0,,,,,5782000000.0,39700000000.0,584100000.0,578300000.0
2012Q4,COF,739000000.0,312918000000.0,63979000000.0,63979000000.0,582207133.0,212485000000.0,,,57000000.0,,13904000000.0,9000000.0,9000000.0,,,,,190018000000.0,,,,,,272419000000.0,200733000000.0,28762000000.0,,,22467000000.0,,,,,,,,40425000000.0,,
2013Q1,COF,473000000.0,300163000000.0,64000000000.0,63968000000.0,583982235.0,212410000000.0,1.79,1.77,,,13900000000.0,2000000.0,,1675000000.0,541000000.0,,5051000000.0,191093000000.0,481000000.0,155000000.0,326000000.0,3685000000.0,4570000000.0,258867000000.0,186727000000.0,25336000000.0,1056000000.0,1038000000.0,21317000000.0,2991000000.0,981000000.0,,28000000.0,,,5551000000.0,41296000000.0,586300000.0,580500000.0
2013Q2,COF,-792000000.0,296542000000.0,62602000000.0,62602000000.0,584862301.0,209865000000.0,1.88,1.85,,,13900000000.0,0.0,,1858000000.0,631000000.0,,5010000000.0,187768000000.0,457000000.0,139000000.0,318000000.0,3791000000.0,4553000000.0,255501000000.0,187105000000.0,24264000000.0,1108000000.0,1091000000.0,22097000000.0,3018000000.0,1085000000.0,,,,,5638000000.0,41041000000.0,588800000.0,581500000.0
2013Q3,COF,-839000000.0,289888000000.0,43132000000.0,43132000000.0,581943560.0,206834000000.0,1.87,1.84,,,13906000000.0,18276000000.0,18662000000.0,1693000000.0,575000000.0,,4998000000.0,184553000000.0,438000000.0,129000000.0,309000000.0,3711000000.0,4560000000.0,248138000000.0,187481000000.0,22958000000.0,1105000000.0,1087000000.0,22281000000.0,3109000000.0,1091000000.0,,,849000000.0,,5651000000.0,41800000000.0,591100000.0,582300000.0
2013Q4,COF,-872000000.0,296933000000.0,41800000000.0,41800000000.0,572675375.0,204523000000.0,1.46,1.43,38000000.0,,13978000000.0,19132000000.0,19185000000.0,1352000000.0,477000000.0,1849000000.0,4839000000.0,181880000000.0,416000000.0,,,3466000000.0,4423000000.0,255301000000.0,192884000000.0,24439000000.0,852000000.0,835000000.0,22643000000.0,3235000000.0,1121000000.0,,,,,,41632000000.0,582600000.0,573400000.0
2014Q1,COF,-710000000.0,290500000000.0,40721000000.0,40721000000.0,553391311.0,208324000000.0,1.99,1.96,,,13974000000.0,20150000000.0,20463000000.0,1703000000.0,579000000.0,,4753000000.0,184214000000.0,403000000.0,127000000.0,276000000.0,3615000000.0,4350000000.0,247699000000.0,188843000000.0,25674000000.0,1154000000.0,1136000000.0,24110000000.0,2932000000.0,1020000000.0,,39000000.0,735000000.0,,5370000000.0,42801000000.0,580300000.0,571000000.0
2014Q2,COF,-371000000.0,298317000000.0,41113000000.0,41113000000.0,561849971.0,205890000000.0,2.07,2.04,,,13977000000.0,20688000000.0,21405000000.0,1785000000.0,581000000.0,,4712000000.0,180970000000.0,397000000.0,125000000.0,272000000.0,3611000000.0,4315000000.0,254502000000.0,194530000000.0,28634000000.0,1194000000.0,1177000000.0,24920000000.0,2979000000.0,1153000000.0,,,704000000.0,,5468000000.0,43815000000.0,577600000.0,567500000.0
2014Q3,COF,-559000000.0,300202000000.0,39665000000.0,39665000000.0,558526922.0,204264000000.0,1.89,1.86,,,13970000000.0,22182000000.0,22928000000.0,1661000000.0,536000000.0,1440000000.0,4887000000.0,178876000000.0,390000000.0,119000000.0,271000000.0,3504000000.0,4497000000.0,256184000000.0,197380000000.0,30113000000.0,1081000000.0,1056000000.0,25388000000.0,2985000000.0,1142000000.0,,,993000000.0,,5639000000.0,44000000000.0,567900000.0,559900000.0
2014Q4,COF,-430000000.0,308167000000.0,39508000000.0,39508000000.0,553391311.0,205548000000.0,1.76,1.73,,,13978000000.0,22500000000.0,23634000000.0,1420000000.0,450000000.0,1316000000.0,5045000000.0,180467000000.0,389000000.0,,,3547000000.0,4656000000.0,263114000000.0,203933000000.0,31377000000.0,999000000.0,974000000.0,25081000000.0,3284000000.0,1157000000.0,,,1109000000.0,,,45053000000.0,561800000.0,554300000.0
2015Q1,COF,-212000000.0,306224000000.0,39321000000.0,39321000000.0,548003155.0,210440000000.0,2.03,2.0,,,13978000000.0,23241000000.0,24653000000.0,1663000000.0,529000000.0,1212000000.0,4974000000.0,185208000000.0,398000000.0,127000000.0,271000000.0,3641000000.0,4576000000.0,260494000000.0,199573000000.0,34346000000.0,1153000000.0,1115000000.0,25232000000.0,3049000000.0,1071000000.0,,563000000.0,935000000.0,,5647000000.0,45730000000.0,557200000.0,550200000.0
2015Q2,COF,-397000000.0,310510000000.0,39136000000.0,,542460867.0,208780000000.0,1.52,1.5,,,13984000000.0,23668000000.0,24511000000.0,1236000000.0,384000000.0,1110000000.0,4937000000.0,183657000000.0,400000000.0,128000000.0,272000000.0,3408000000.0,4537000000.0,263851000000.0,205029000000.0,43878000000.0,863000000.0,830000000.0,25123000000.0,3307000000.0,1135000000.0,,,1129000000.0,,5672000000.0,46659000000.0,552000000.0,545600000.0
2015Q3,COF,-142000000.0,313700000000.0,39431000000.0,,534906040.0,212903000000.0,2.0,1.98,,,13983000000.0,23711000000.0,24913000000.0,1648000000.0,530000000.0,1005000000.0,5164000000.0,187848000000.0,404000000.0,133000000.0,271000000.0,3668000000.0,4760000000.0,266015000000.0,208482000000.0,,1114000000.0,1079000000.0,25055000000.0,3160000000.0,1140000000.0,,,1092000000.0,,5900000000.0,47685000000.0,546300000.0,540600000.0
2015Q4,COF,-616000000.0,334048000000.0,39061000000.0,,527259920.0,217721000000.0,1.6,1.58,,,14480000000.0,24619000000.0,25317000000.0,1334000000.0,426000000.0,1041000000.0,5384000000.0,191874000000.0,423000000.0,,,3581000000.0,4961000000.0,286764000000.0,224721000000.0,,920000000.0,848000000.0,25847000000.0,3480000000.0,1233000000.0,,,1380000000.0,,,47284000000.0,536300000.0,530800000.0
2016Q1,COF,-41000000.0,330346000000.0,40092000000.0,,514479243.0,221779000000.0,1.85,1.84,,,14492000000.0,25080000000.0,26454000000.0,1470000000.0,452000000.0,937000000.0,5517000000.0,196597000000.0,461000000.0,178000000.0,283000000.0,3529000000.0,5056000000.0,282639000000.0,222197000000.0,,1013000000.0,970000000.0,25182000000.0,3223000000.0,1164000000.0,,970000000.0,1527000000.0,,6220000000.0,47707000000.0,528000000.0,523500000.0
2016Q2,COF,241000000.0,339117000000.0,39960000000.0,,505924989.0,221059000000.0,1.7,1.69,,,14495000000.0,25120000000.0,26799000000.0,1367000000.0,424000000.0,848000000.0,5571000000.0,195635000000.0,478000000.0,186000000.0,292000000.0,3501000000.0,5093000000.0,291009000000.0,228722000000.0,,942000000.0,871000000.0,25424000000.0,3295000000.0,1161000000.0,,,1592000000.0,,6254000000.0,48108000000.0,516500000.0,511700000.0
2016Q3,COF,121000000.0,345061000000.0,41511000000.0,,489220122.0,225981000000.0,1.92,1.9,,,14493000000.0,25019000000.0,26671000000.0,1512000000.0,496000000.0,761000000.0,5794000000.0,200416000000.0,517000000.0,211000000.0,306000000.0,3689000000.0,5277000000.0,296848000000.0,231761000000.0,,1005000000.0,962000000.0,25565000000.0,3361000000.0,1184000000.0,,,1588000000.0,,6461000000.0,48213000000.0,505900000.0,501100000.0
2016Q4,COF,-949000000.0,357033000000.0,40737000000.0,,480218547.0,236768000000.0,1.47,1.45,,,14519000000.0,25712000000.0,26196000000.0,1135000000.0,342000000.0,665000000.0,6009000000.0,211266000000.0,562000000.0,,,3695000000.0,5447000000.0,309519000000.0,239083000000.0,,791000000.0,710000000.0,25502000000.0,3679000000.0,1119000000.0,,,1752000000.0,,,47514000000.0,489200000.0,483500000.0
2017Q1,COF,-934000000.0,348549000000.0,41260000000.0,,482765459.0,241182000000.0,1.56,1.54,,,14521000000.0,26170000000.0,26657000000.0,1109000000.0,314000000.0,603000000.0,6070000000.0,214818000000.0,596000000.0,243000000.0,353000000.0,3482000000.0,5474000000.0,300509000000.0,233604000000.0,,810000000.0,752000000.0,26364000000.0,3434000000.0,1061000000.0,,218000000.0,1992000000.0,,6535000000.0,48040000000.0,487900000.0,482300000.0
2017Q2,COF,-683000000.0,350593000000.0,41120000000.0,,483692646.0,239763000000.0,1.96,1.94,,,14524000000.0,27720000000.0,28423000000.0,1490000000.0,443000000.0,542000000.0,6128000000.0,213810000000.0,655000000.0,273000000.0,382000000.0,3673000000.0,5473000000.0,301456000000.0,237132000000.0,,1036000000.0,948000000.0,25953000000.0,3414000000.0,1231000000.0,,,1800000000.0,,6704000000.0,49137000000.0,488100000.0,484000000.0
2017Q3,COF,-622000000.0,361402000000.0,39742000000.0,,484419510.0,239062000000.0,2.16,2.14,,,14532000000.0,28650000000.0,29327000000.0,1585000000.0,448000000.0,481000000.0,6420000000.0,212956000000.0,720000000.0,310000000.0,410000000.0,3867000000.0,5700000000.0,311248000000.0,245004000000.0,,1107000000.0,1047000000.0,26106000000.0,3567000000.0,1285000000.0,,,1833000000.0,,6985000000.0,50154000000.0,489000000.0,484900000.0
2017Q4,COF,-926000000.0,365693000000.0,37655000000.0,37655000000.0,485525340.0,243702000000.0,,,,,14533000000.0,28984000000.0,29437000000.0,,,421000000.0,,217298000000.0,,,,,,316963000000.0,246971000000.0,,,,26404000000.0,,,,,,,,48730000000.0,,
2018Q1,COF,-1599000000.0,362857000000.0,47155000000.0,,485879230.0,250847000000.0,2.64,2.62,,,14536000000.0,23075000000.0,22841000000.0,1662000000.0,319000000.0,378000000.0,6637000000.0,224671000000.0,919000000.0,,539000000.0,4044000000.0,5718000000.0,313654000000.0,240689000000.0,,1346000000.0,1284000000.0,26176000000.0,3573000000.0,1191000000.0,,273000000.0,1674000000.0,804000000.0,6909000000.0,49203000000.0,490800000.0,486900000.0
2018Q2,COF,-1793000000.0,363989000000.0,50691000000.0,,478425026.0,248225000000.0,3.74,3.71,,,14531000000.0,33464000000.0,33097000000.0,2492000000.0,575000000.0,334000000.0,6596000000.0,222605000000.0,1045000000.0,,622000000.0,4275000000.0,5551000000.0,314063000000.0,228756000000.0,,1906000000.0,1814000000.0,25620000000.0,3424000000.0,1641000000.0,,,1276000000.0,882000000.0,7192000000.0,49926000000.0,488300000.0,485100000.0
2018Q3,COF,-1877000000.0,362909000000.0,,47384000000.0,473656501.0,247195000000.0,3.01,2.99,,,14513000000.0,34631000000.0,33900000000.0,1921000000.0,420000000.0,289000000.0,6895000000.0,222356000000.0,1109000000.0,,681000000.0,4518000000.0,5786000000.0,312271000000.0,231542000000.0,,1502000000.0,1440000000.0,24839000000.0,3773000000.0,1176000000.0,,,1268000000.0,858000000.0,6962000000.0,50638000000.0,480900000.0,477800000.0
2018Q4,COF,-1263000000.0,372538000000.0,,46150000000.0,467717306.0,249764000000.0,,,,,14544000000.0,36771000000.0,36619000000.0,,,254000000.0,,226281000000.0,,,,,,320870000000.0,238679000000.0,,,,23483000000.0,,,,,,,,51668000000.0,,
2019Q1,COF,-660000000.0,373191000000.0,,45888000000.0,469596514.0,255107000000.0,2.87,2.86,,,14546000000.0,36503000000.0,36955000000.0,1719000000.0,309000000.0,223000000.0,7092000000.0,230199000000.0,1301000000.0,,817000000.0,4098000000.0,5791000000.0,319710000000.0,232960000000.0,,1412000000.0,1348000000.0,24908000000.0,3671000000.0,1292000000.0,,65000000.0,1693000000.0,894000000.0,7083000000.0,53481000000.0,471600000.0,469400000.0
2019Q2,COF,170000000.0,373619000000.0,,45658000000.0,470333041.0,254535000000.0,3.26,3.24,,,14545000000.0,35475000000.0,36541000000.0,2003000000.0,387000000.0,194000000.0,7076000000.0,231161000000.0,1330000000.0,,870000000.0,4404000000.0,5746000000.0,317852000000.0,237327000000.0,,1625000000.0,1533000000.0,23374000000.0,3779000000.0,1378000000.0,,,1342000000.0,969000000.0,7124000000.0,55767000000.0,473000000.0,470800000.0
2019Q3,COF,453000000.0,378810000000.0,,46168000000.0,465720986.0,257148000000.0,2.71,2.69,,,14624000000.0,33894000000.0,35264000000.0,1704000000.0,375000000.0,181000000.0,7075000000.0,234084000000.0,1338000000.0,,901000000.0,4354000000.0,5737000000.0,320575000000.0,242318000000.0,,1333000000.0,1270000000.0,23064000000.0,3872000000.0,1222000000.0,,,1383000000.0,942000000.0,6959000000.0,58235000000.0,471800000.0,469500000.0
2019Q4,COF,1156000000.0,390365000000.0,,79213000000.0,456562399.0,262697000000.0,,,7208000000.0,,14653000000.0,0.0,,,,174000000.0,,239209000000.0,,,,,,332354000000.0,258601000000.0,,,,23488000000.0,,,258601000000.0,,,,,58011000000.0,,
2020Q1,COF,3679000000.0,396878000000.0,,81423000000.0,455310083.0,269689000000.0,-3.1,-3.1,14073000000.0,,14645000000.0,,,-1903000000.0,-563000000.0,156000000.0,7109000000.0,245142000000.0,1084000000.0,,731000000.0,602000000.0,6025000000.0,340048000000.0,248917000000.0,,-1340000000.0,-1420000000.0,24547000000.0,3729000000.0,1224000000.0,,386000000.0,5423000000.0,937000000.0,7249000000.0,56830000000.0,457600000.0,457600000.0
2020Q2,COF,3981000000.0,421296000000.0,,87859000000.0,456335486.0,304238000000.0,-2.21,-2.21,16832000000.0,,14645000000.0,,,-1460000000.0,-543000000.0,140000000.0,6318000000.0,275183000000.0,858000000.0,,611000000.0,1214000000.0,5460000000.0,365251000000.0,234680000000.0,,-918000000.0,-1009000000.0,29055000000.0,3770000000.0,1096000000.0,,,,805000000.0,6556000000.0,56045000000.0,456700000.0,456700000.0
2020Q3,COF,3833000000.0,421883000000.0,,99853000000.0,457397091.0,305725000000.0,5.07,5.06,16129000000.0,,14648000000.0,,,3502000000.0,1096000000.0,99000000.0,6215000000.0,276092000000.0,660000000.0,,476000000.0,5224000000.0,5555000000.0,363459000000.0,,,2406000000.0,2319000000.0,29633000000.0,3548000000.0,1826000000.0,232094000000.0,,,982000000.0,7381000000.0,58424000000.0,458500000.0,457800000.0
2020Q4,COF,3494000000.0,421602000000.0,,100445000000.0,458972202.0,305442000000.0,,,15564000000.0,251624000000.0,14653000000.0,,,,,90000000.0,,274300000000.0,,,,,,361398000000.0,,,,,31142000000.0,,,236060000000.0,,,,,60204000000.0,,
2021Q1,COF,1783000000.0,425175000000.0,,99165000000.0,456800844.0,310328000000.0,7.06,7.03,14017000000.0,,14654000000.0,,,4196000000.0,869000000.0,84000000.0,6261000000.0,276325000000.0,439000000.0,,269000000.0,6645000000.0,5822000000.0,363987000000.0,,,3325000000.0,3236000000.0,34003000000.0,3740000000.0,1291000000.0,229114000000.0,575000000.0,,1001000000.0,7113000000.0,61188000000.0,460100000.0,458600000.0
2021Q2,COF,1792000000.0,423420000000.0,,101766000000.0,446113769.0,306308000000.0,7.65,7.62,12346000000.0,,14654000000.0,,,4568000000.0,1031000000.0,80000000.0,6139000000.0,271314000000.0,396000000.0,,237000000.0,6903000000.0,5743000000.0,358796000000.0,,,3536000000.0,3446000000.0,34994000000.0,3966000000.0,1631000000.0,237251000000.0,,,1241000000.0,7374000000.0,64624000000.0,452300000.0,450600000.0
2021Q3,COF,1360000000.0,425377000000.0,,,430375948.0,305938000000.0,6.81,6.78,,261390000000.0,14652000000.0,,,3986000000.0,882000000.0,88000000.0,6538000000.0,269134000000.0,382000000.0,,228000000.0,6498000000.0,6156000000.0,361833000000.0,,,3104000000.0,2987000000.0,36804000000.0,4186000000.0,1674000000.0,249817000000.0,,,1251000000.0,7830000000.0,63544000000.0,440500000.0,438800000.0
2021Q4,COF,374000000.0,432381000000.0,,,413858537.0,310980000000.0,,,,277340000000.0,14782000000.0,,,,,111000000.0,,272937000000.0,,,,,,371352000000.0,,,,,38043000000.0,,,265910000000.0,,,,,61029000000.0,,
2022Q1,COF,-4093000000.0,434195000000.0,,,398987722.0,313429000000.0,5.65,5.62,,280466000000.0,14784000000.0,,,2945000000.0,542000000.0,97000000.0,6784000000.0,275648000000.0,387000000.0,,218000000.0,5720000000.0,6397000000.0,377850000000.0,,,2403000000.0,2318000000.0,37781000000.0,4551000000.0,1776000000.0,269158000000.0,2484000000.0,,1233000000.0,8173000000.0,56345000000.0,412200000.0,410400000.0
2022Q2,COF,-6916000000.0,440288000000.0,,,383817721.0,307885000000.0,4.98,4.96,,296384000000.0,14778000000.0,,,2564000000.0,533000000.0,83000000.0,7095000000.0,270881000000.0,578000000.0,,293000000.0,5432000000.0,6517000000.0,386878000000.0,,,2031000000.0,1949000000.0,37004000000.0,4583000000.0,1715000000.0,284893000000.0,,,1407000000.0,8232000000.0,53410000000.0,392600000.0,391200000.0
2022Q3,COF,-10704000000.0,444232000000.0,,,381976333.0,317193000000.0,4.21,4.2,,303943000000.0,14771000000.0,,,2187000000.0,493000000.0,183000000.0,8200000000.0,282802000000.0,1197000000.0,,689000000.0,5334000000.0,7003000000.0,393371000000.0,,,1694000000.0,1616000000.0,34391000000.0,4949000000.0,1802000000.0,291734000000.0,,,1415000000.0,8805000000.0,50861000000.0,384600000.0,383400000.0
2022Q4,COF,-9916000000.0,455249000000.0,,,381318702.0,332992000000.0,,,,312331000000.0,14777000000.0,,,,,159000000.0,,300789000000.0,,,,,,402667000000.0,,,,,32203000000.0,,,299091000000.0,,,,,52582000000.0,,
2023Q1,COF,-8540000000.0,471660000000.0,,,382030281.0,349827000000.0,2.32,2.31,,308836000000.0,14779000000.0,,,1163000000.0,203000000.0,367000000.0,9754000000.0,318641000000.0,2568000000.0,,1856000000.0,4391000000.0,7186000000.0,417007000000.0,,,960000000.0,887000000.0,31186000000.0,4945000000.0,1717000000.0,294518000000.0,246000000.0,,1278000000.0,8903000000.0,54653000000.0,383800000.0,382600000.0
2023Q2,COF,-9818000000.0,467800000000.0,,,381441449.0,343705000000.0,3.53,3.52,,311323000000.0,15060000000.0,,,1728000000.0,297000000.0,356000000.0,10166000000.0,314393000000.0,3053000000.0,,2277000000.0,4623000000.0,7113000000.0,413241000000.0,,,1431000000.0,1351000000.0,29312000000.0,4794000000.0,1899000000.0,296677000000.0,,,1416000000.0,9012000000.0,54559000000.0,383700000.0,382800000.0
2023Q3,COF,-12224000000.0,471435000000.0,,,380991150.0,346011000000.0,4.46,4.45,,314780000000.0,15048000000.0,,,2222000000.0,432000000.0,332000000.0,10873000000.0,317217000000.0,3450000000.0,,2611000000.0,5139000000.0,7423000000.0,417767000000.0,,,1790000000.0,1705000000.0,28794000000.0,4860000000.0,1943000000.0,299825000000.0,,,1475000000.0,9366000000.0,53668000000.0,383300000.0,382500000.0
2023Q4,COF,-8268000000.0,478464000000.0,,,380389609.0,348413000000.0,,,,320472000000.0,15065000000.0,,,,,310000000.0,,320389000000.0,,,,,,420375000000.0,,,,,28024000000.0,,,305176000000.0,,,,,58089000000.0,,
2024Q1,COF,-9534000000.0,481720000000.0,,,382063343.0,350969000000.0,3.14,3.13,,315154000000.0,15062000000.0,,,1582000000.0,302000000.0,290000000.0,11177000000.0,323352000000.0,3689000000.0,,2812000000.0,4805000000.0,7488000000.0,423919000000.0,,,1280000000.0,1200000000.0,27617000000.0,5137000000.0,1914000000.0,299774000000.0,249000000.0,,1390000000.0,9402000000.0,57801000000.0,383400000.0,382200000.0
2024Q2,COF,-9701000000.0,480018000000.0,,,381856146.0,351442000000.0,1.39,1.38,,318186000000.0,15062000000.0,,,651000000.0,54000000.0,271000000.0,11280000000.0,324437000000.0,,,2874000000.0,3637000000.0,7546000000.0,422037000000.0,,,597000000.0,531000000.0,27005000000.0,4946000000.0,1960000000.0,301537000000.0,,,1468000000.0,9506000000.0,57981000000.0,383900000.0,383100000.0
2024Q3,COF,-6287000000.0,486433000000.0,,,381510336.0,353631000000.0,4.42,4.41,,320243000000.0,15083000000.0,,,2218000000.0,441000000.0,253000000.0,11860000000.0,327253000000.0,,,2945000000.0,5594000000.0,8076000000.0,423508000000.0,,,1777000000.0,1692000000.0,26378000000.0,5314000000.0,1938000000.0,303709000000.0,,,1447000000.0,10014000000.0,62925000000.0,383700000.0,383000000.0
2024Q4,COF,-9286000000.0,490144000000.0,,,381230343.0,362707000000.0,,,,327775000000.0,15059000000.0,,,,,233000000.0,,336585000000.0,,,,,,429360000000.0,,,,,26122000000.0,,,311517000000.0,,,,,60784000000.0,,
2025Q1,COF,-7529000000.0,493604000000.0,,,382959187.0,367464000000.0,3.46,3.45,,323598000000.0,15070000000.0,,,1729000000.0,325000000.0,216000000.0,11418000000.0,340964000000.0,,,2715000000.0,5644000000.0,8013000000.0,430062000000.0,,,1404000000.0,1325000000.0,26500000000.0,5902000000.0,1987000000.0,307699000000.0,375000000.0,,1489000000.0,10000000000.0,63542000000.0,384000000.0,383100000.0
2025Q2,COF,-6819000000.0,658968000000.0,,,639517306.0,468110000000.0,-8.58,-8.58,,439297000000.0,28335000000.0,,,-5929000000.0,-1666000000.0,18157000000.0,13828000000.0,440231000000.0,,,3120000000.0,-1435000000.0,9995000000.0,548012000000.0,,,-4277000000.0,-4340000000.0,27879000000.0,6991000000.0,2497000000.0,415424000000.0,,,1844000000.0,12492000000.0,110956000000.0,505600000.0,505600000.0
2025Q3,COF,-5917000000.0,661877000000.0,,,635733605.0,468785000000.0,4.83,4.83,,443159000000.0,28863000000.0,,,4382000000.0,1189000000.0,17042000000.0,16763000000.0,441136000000.0,,,3597000000.0,9690000000.0,12404000000.0,548064000000.0,,,3192000000.0,3086000000.0,27649000000.0,8263000000.0,2955000000.0,420056000000.0,,,2283000000.0,15359000000.0,113813000000.0,639500000.0,639000000.0
2025Q4,COF,-5468000000.0,669009000000.0,,,625102271.0,475771000000.0,,,,453622000000.0,28509000000.0,,,,,16578000000.0,,448386000000.0,,,,,,555393000000.0,,,,,27385000000.0,,,430213000000.0,,,,,113616000000.0,,
2026Q1,COF,-5879000000.0,682905000000.0,,,615856605.0,489053000000.0,3.34,3.34,,447754000000.0,28502000000.0,,,2699000000.0,518000000.0,16087000000.0,16231000000.0,461117000000.0,,,3387000000.0,8077000000.0,12145000000.0,570644000000.0,,,2174000000.0,2081000000.0,27936000000.0,8464000000.0,3086000000.0,424124000000.0,2793000000.0,,2410000000.0,15231000000.0,112261000000.0,623400000.0,622500000.0
2026Q2,COF,-6300000000.0,673835000000.0,,,613484836.0,484257000000.0,4.73,4.73,,457168000000.0,31866000000.0,,,3818000000.0,798000000.0,16077000000.0,16385000000.0,456464000000.0,,,3338000000.0,9385000000.0,12374000000.0,560042000000.0,,,3020000000.0,2935000000.0,27793000000.0,9043000000.0,3476000000.0,434202000000.0,,,2762000000.0,15850000000.0,113793000000.0,621100000.0,620500000.0
