q,ticker,AccumulatedOtherComprehensiveIncomeLossNetOfTax,Assets,EarningsPerShareBasic,EarningsPerShareDiluted,Goodwill,IncomeLossFromContinuingOperationsBeforeIncomeTaxesExtraordinaryItemsNoncontrollingInterest,IncomeTaxExpenseBenefit,IntangibleAssetsNetExcludingGoodwill,InterestExpense,InterestIncomeExpenseNet,Liabilities,LongTermDebt,LongTermDebtNoncurrent,NetIncomeLoss,PaymentsForRepurchaseOfCommonStock,RevenueFromContractWithCustomerExcludingAssessedTax,StockholdersEquity,StockholdersEquityIncludingPortionAttributableToNoncontrollingInterest,WeightedAverageNumberOfDilutedSharesOutstanding,WeightedAverageNumberOfSharesOutstandingBasic
2006Q4,FIS,,,,,,,,,,,,,,,,,,3155700000.0,,
2007Q4,FIS,,,,,,,,,,,,,,,,,,3795400000.0,,
2008Q2,FIS,,,0.37,0.37,,,3300000.0,,43600000.0,,,,,71900000.0,,,,,194400000.0,192500000.0
2008Q3,FIS,,,0.23,0.23,,,27000000.0,,47700000.0,,,,,43600000.0,,,,,191800000.0,189500000.0
2008Q4,FIS,-102300000.0,7500400000.0,,,4194000000.0,,,924300000.0,,,3803400000.0,,2409000000.0,,,,3532800000.0,3697000000.0,,
2009Q1,FIS,,,0.17,0.17,,,17100000.0,,31200000.0,,,,,33000000.0,,,,,191600000.0,190000000.0
2009Q2,FIS,-15700000.0,7439800000.0,0.31,0.31,4200200000.0,,30100000.0,905400000.0,31300000.0,,3551500000.0,,2134000000.0,59200000.0,,,3716900000.0,3888300000.0,192700000.0,190300000.0
2009Q3,FIS,44600000.0,7430500000.0,0.35,0.35,4205700000.0,,35500000.0,902700000.0,31800000.0,,3398600000.0,,1947900000.0,67600000.0,,,3854100000.0,4031900000.0,194600000.0,191100000.0
2009Q4,FIS,82200000.0,13997600000.0,,,8232900000.0,,,2396800000.0,,,5479000000.0,3253300000.0,3016600000.0,,,,8308900000.0,8518600000.0,,
2010Q1,FIS,54200000.0,13834000000.0,0.25,0.25,8221000000.0,,56900000.0,2369600000.0,28200000.0,,5276500000.0,,2815600000.0,93600000.0,32200000.0,,8352700000.0,8557500000.0,379900000.0,373300000.0
2010Q2,FIS,16100000.0,13728600000.0,0.24,0.23,8207000000.0,,56100000.0,2296000000.0,19300000.0,-19300000.0,5087800000.0,2960900000.0,2697200000.0,89900000.0,,,8476100000.0,8678500000.0,384600000.0,376500000.0
2010Q3,FIS,70200000.0,13539700000.0,0.33,0.33,8222500000.0,,48200000.0,2105300000.0,60900000.0,-60900000.0,7134800000.0,5096300000.0,4828800000.0,110400000.0,,,6260700000.0,6420900000.0,339200000.0,332200000.0
2010Q4,FIS,87900000.0,14176300000.0,,,8550000000.0,,,2202900000.0,,,7614700000.0,5192100000.0,4935200000.0,,,,6403200000.0,6561600000.0,,
2011Q1,FIS,105000000.0,14114300000.0,0.31,0.3,8568400000.0,,52300000.0,2147600000.0,68000000.0,-68000000.0,7383800000.0,5012200000.0,4435200000.0,92800000.0,0.0,,6569700000.0,6730500000.0,308700000.0,301500000.0
2011Q2,FIS,120700000.0,14161600000.0,0.41,0.4,8571300000.0,,60200000.0,2093900000.0,,-65800000.0,7267200000.0,4884400000.0,4320000000.0,123500000.0,,,6726300000.0,6894400000.0,310900000.0,303600000.0
2011Q3,FIS,39800000.0,13885500000.0,0.45,0.44,8562200000.0,,64600000.0,1978900000.0,,-60500000.0,7134600000.0,4866000000.0,4327700000.0,136300000.0,,,6599000000.0,6750900000.0,306800000.0,300900000.0
2011Q4,FIS,36300000.0,13873200000.0,,,8542800000.0,,,1903300000.0,,,7222000000.0,4809800000.0,4550600000.0,,,,6503000000.0,6651200000.0,,
2012Q1,FIS,63000000.0,13904400000.0,0.3,0.29,8545500000.0,,47700000.0,1842700000.0,,-59400000.0,7137300000.0,4844100000.0,4728400000.0,87100000.0,139700000.0,,6615000000.0,6767100000.0,295400000.0,289700000.0
2012Q2,FIS,20100000.0,13943000000.0,0.51,0.5,8368800000.0,,65300000.0,1695200000.0,,-56600000.0,7137900000.0,4863500000.0,4735600000.0,150600000.0,,,6662100000.0,6805100000.0,298300000.0,292700000.0
2012Q3,FIS,35400000.0,13626000000.0,0.3,0.29,8377300000.0,,79000000.0,1641900000.0,,-54000000.0,6849300000.0,4532000000.0,4391700000.0,86800000.0,,,6631600000.0,6776700000.0,297900000.0,292400000.0
2012Q4,FIS,30000000.0,13549700000.0,,,8381500000.0,,,1576200000.0,,,6756100000.0,4385500000.0,4231600000.0,,,,6640900000.0,6793600000.0,,
2013Q1,FIS,21000000.0,13699200000.0,0.5,0.49,8487200000.0,,75200000.0,1545500000.0,,-51700000.0,6900700000.0,4603000000.0,4436200000.0,144100000.0,105300000.0,,6639700000.0,6798500000.0,295500000.0,291000000.0
2013Q2,FIS,-10300000.0,13750100000.0,0.36,0.36,8487400000.0,,41200000.0,1466200000.0,,-49400000.0,6999900000.0,4756400000.0,4672700000.0,104800000.0,,,6598600000.0,6750200000.0,294300000.0,289900000.0
2013Q3,FIS,-1200000.0,14490700000.0,0.6,0.59,8490900000.0,,97800000.0,1404800000.0,,-43700000.0,7687000000.0,4821200000.0,4704100000.0,172300000.0,,,6647500000.0,6803700000.0,293200000.0,289200000.0
2013Q4,FIS,-9900000.0,13960100000.0,,,8500000000.0,,,1339300000.0,,,7222800000.0,4468600000.0,4339800000.0,,,,6580500000.0,6737300000.0,,
2014Q1,FIS,3200000.0,14270900000.0,0.54,0.53,8500000000.0,,81200000.0,1288000000.0,,-41100000.0,7568500000.0,4778600000.0,4728900000.0,154500000.0,203100000.0,,6534100000.0,6702400000.0,291900000.0,288000000.0
2014Q2,FIS,12900000.0,14440800000.0,0.63,0.62,8517700000.0,,80400000.0,1246500000.0,,-41900000.0,7740700000.0,4923500000.0,4900500000.0,178800000.0,,,6522100000.0,6700100000.0,289200000.0,285500000.0
2014Q3,FIS,-40500000.0,14172100000.0,0.53,0.52,8564700000.0,,72100000.0,1220300000.0,,-37700000.0,7580600000.0,4973100000.0,4966800000.0,150500000.0,,,6454500000.0,6591500000.0,287000000.0,283100000.0
2014Q4,FIS,-107200000.0,14520500000.0,,,8878000000.0,,,1268000000.0,,,7829000000.0,5067700000.0,5054600000.0,,,,6556700000.0,6691500000.0,,
2015Q1,FIS,-227800000.0,14500000000.0,0.39,0.39,8835000000.0,,58000000.0,1173500000.0,,-37000000.0,8017600000.0,5196400000.0,5182800000.0,111000000.0,156000000.0,,6361500000.0,6482400000.0,287000000.0,283000000.0
2015Q2,FIS,-198100000.0,14303500000.0,0.85,0.84,8752000000.0,,156000000.0,1123300000.0,,-36000000.0,7772200000.0,5043300000.0,5029800000.0,240000000.0,,,6440500000.0,6531300000.0,284000000.0,281000000.0
2015Q3,FIS,-261400000.0,14187800000.0,0.62,0.62,8762000000.0,,100000000.0,1053900000.0,,-36000000.0,7583600000.0,4970400000.0,4957000000.0,175000000.0,,,6528700000.0,6604200000.0,284000000.0,280000000.0
2015Q4,FIS,-279000000.0,26200000000.0,,,14745000000.0,,,5159000000.0,,,16793000000.0,11444000000.0,11429000000.0,,,,9321000000.0,9384000000.0,,
2016Q1,FIS,-232000000.0,26430000000.0,0.17,0.17,14576000000.0,,31000000.0,5387000000.0,,-93000000.0,16941000000.0,11297000000.0,10533000000.0,55000000.0,18000000.0,,9393000000.0,9489000000.0,327000000.0,324000000.0
2016Q2,FIS,-246000000.0,26384000000.0,0.37,0.37,14565000000.0,,66000000.0,5273000000.0,,-93000000.0,16777000000.0,11121000000.0,10208000000.0,121000000.0,,,9497000000.0,9607000000.0,329000000.0,325000000.0
2016Q3,FIS,-240000000.0,26134000000.0,0.57,0.56,14569000000.0,,103000000.0,5146000000.0,,-98000000.0,16378000000.0,10787000000.0,10470000000.0,185000000.0,,,9661000000.0,9756000000.0,330000000.0,326000000.0
2016Q4,FIS,-331000000.0,26026000000.0,,,14178000000.0,,,4590000000.0,,,16247000000.0,10478000000.0,10146000000.0,,,,9675000000.0,9779000000.0,,
2017Q1,FIS,-298000000.0,25086000000.0,0.39,0.39,14184000000.0,,74000000.0,4498000000.0,,-93000000.0,15096000000.0,,,129000000.0,17000000.0,2148000000.0,9878000000.0,9990000000.0,333000000.0,328000000.0
2017Q2,FIS,-385000000.0,24970000000.0,0.42,0.42,13645000000.0,,136000000.0,4250000000.0,,-91000000.0,14965000000.0,,,139000000.0,,2258000000.0,9891000000.0,10005000000.0,334000000.0,330000000.0
2017Q3,FIS,-340000000.0,24294000000.0,0.18,0.18,13699000000.0,,50000000.0,4089000000.0,,-84000000.0,14205000000.0,,,59000000.0,,2096000000.0,9985000000.0,10089000000.0,336000000.0,331000000.0
2017Q4,FIS,-332000000.0,24526000000.0,,,13730000000.0,,,3885000000.0,,,13706000000.0,8763000000.0,7718000000.0,,,,10711000000.0,10820000000.0,,
2018Q1,FIS,-318000000.0,24405000000.0,0.55,0.54,13747000000.0,,34000000.0,3707000000.0,,-72000000.0,13794000000.0,9076000000.0,8040000000.0,182000000.0,424000000.0,2066000000.0,10495000000.0,10611000000.0,334000000.0,330000000.0
2018Q2,FIS,-403000000.0,23868000000.0,0.64,0.64,13666000000.0,,51000000.0,3524000000.0,,-73000000.0,13324000000.0,8892000000.0,8854000000.0,212000000.0,,2106000000.0,10439000000.0,10544000000.0,333000000.0,329000000.0
2018Q3,FIS,-433000000.0,23694000000.0,0.47,0.47,13585000000.0,,37000000.0,3304000000.0,,-80000000.0,13528000000.0,9038000000.0,8998000000.0,154000000.0,,2084000000.0,10081000000.0,10166000000.0,331000000.0,328000000.0
2018Q4,FIS,-430000000.0,23770000000.0,,,13545000000.0,,,3132000000.0,,,13548000000.0,8718000000.0,8670000000.0,,,,10215000000.0,10222000000.0,,
2019Q1,FIS,-427000000.0,24073000000.0,0.46,0.45,13544000000.0,,32000000.0,3019000000.0,,-75000000.0,14170000000.0,8615000000.0,8562000000.0,148000000.0,423000000.0,2057000000.0,9896000000.0,9903000000.0,326000000.0,323000000.0
2019Q2,FIS,-438000000.0,32859000000.0,0.48,0.47,13542000000.0,,40000000.0,2863000000.0,,-72000000.0,22867000000.0,16735000000.0,16682000000.0,154000000.0,,2112000000.0,9985000000.0,9992000000.0,327000000.0,324000000.0
2019Q3,FIS,-391000000.0,83718000000.0,0.3,0.29,51890000000.0,,48000000.0,16083000000.0,,-95000000.0,34506000000.0,17024000000.0,16945000000.0,154000000.0,,2822000000.0,49195000000.0,49212000000.0,524000000.0,516000000.0
2019Q4,FIS,-33000000.0,83806000000.0,,,52242000000.0,,,15798000000.0,,,34350000000.0,17369000000.0,17229000000.0,,,,49440000000.0,49456000000.0,,
2020Q1,FIS,-248000000.0,82474000000.0,0.02,0.02,51823000000.0,,-30000000.0,15148000000.0,,-80000000.0,33117000000.0,19634000000.0,18982000000.0,15000000.0,46000000.0,3078000000.0,49167000000.0,49182000000.0,625000000.0,616000000.0
2020Q2,FIS,-358000000.0,82642000000.0,0.03,0.03,51940000000.0,,4000000.0,14589000000.0,,-88000000.0,33409000000.0,16651000000.0,14874000000.0,19000000.0,,2962000000.0,49043000000.0,49057000000.0,625000000.0,618000000.0
2020Q3,FIS,-212000000.0,83195000000.0,0.03,0.03,52567000000.0,,121000000.0,14224000000.0,,-84000000.0,33974000000.0,17045000000.0,15213000000.0,20000000.0,,3197000000.0,49031000000.0,49045000000.0,627000000.0,620000000.0
2020Q4,FIS,57000000.0,83842000000.0,,,53268000000.0,,,13928000000.0,,,34355000000.0,17265000000.0,15951000000.0,,,,49300000000.0,49313000000.0,,
2021Q1,FIS,124000000.0,82317000000.0,-0.6,-0.6,53069000000.0,,-97000000.0,13315000000.0,,-74000000.0,33668000000.0,16902000000.0,16300000000.0,-373000000.0,494000000.0,3223000000.0,48460000000.0,48474000000.0,621000000.0,621000000.0
2021Q2,FIS,249000000.0,82288000000.0,0.55,0.55,53191000000.0,,302000000.0,12758000000.0,,-48000000.0,33709000000.0,16544000000.0,16062000000.0,341000000.0,,3475000000.0,48392000000.0,48404000000.0,624000000.0,619000000.0
2021Q3,FIS,156000000.0,81690000000.0,0.26,0.26,52796000000.0,,41000000.0,12040000000.0,,-46000000.0,34397000000.0,16296000000.0,15833000000.0,158000000.0,,3507000000.0,47105000000.0,47117000000.0,619000000.0,613000000.0
2021Q4,FIS,252000000.0,82931000000.0,,,16927000000.0,,,11539000000.0,,,35399000000.0,16442000000.0,14825000000.0,,,,47347000000.0,47350000000.0,,
2022Q1,FIS,106000000.0,81198000000.0,0.2,0.2,52988000000.0,175000000.0,54000000.0,10854000000.0,,-43000000.0,33988000000.0,16538000000.0,14208000000.0,120000000.0,77000000.0,2370000000.0,47026000000.0,47036000000.0,614000000.0,610000000.0
2022Q2,FIS,-200000000.0,79620000000.0,0.46,0.45,52004000000.0,357000000.0,77000000.0,10018000000.0,,-47000000.0,32930000000.0,14903000000.0,11755000000.0,277000000.0,,2408000000.0,46506000000.0,46515000000.0,611000000.0,608000000.0
2022Q3,FIS,-392000000.0,78317000000.0,0.41,0.41,51014000000.0,324000000.0,102000000.0,9200000000.0,,-78000000.0,32802000000.0,16494000000.0,13509000000.0,249000000.0,,2415000000.0,45328000000.0,45337000000.0,607000000.0,605000000.0
2022Q4,FIS,-360000000.0,63278000000.0,,,16816000000.0,,,2468000000.0,,,35872000000.0,16336000000.0,14206000000.0,-17365000000.0,,2526000000.0,27218000000.0,27186000000.0,593000000.0,593000000.0
2023Q1,FIS,-364000000.0,61078000000.0,0.26,0.25,34424000000.0,189000000.0,40000000.0,8531000000.0,,-142000000.0,33974000000.0,16044000000.0,13905000000.0,152000000.0,14000000.0,2400000000.0,27097000000.0,27104000000.0,593000000.0,592000000.0
2023Q2,FIS,-331000000.0,53574000000.0,-11.14,-11.14,27681000000.0,-6522000000.0,30000000.0,8084000000.0,,-160000000.0,33301000000.0,14374000000.0,13589000000.0,-6594000000.0,,2427000000.0,20266000000.0,20245000000.0,592000000.0,592000000.0
2023Q3,FIS,-408000000.0,53174000000.0,-0.78,-0.78,16811000000.0,335000000.0,70000000.0,1947000000.0,,-162000000.0,33690000000.0,14061000000.0,12741000000.0,-461000000.0,,2492000000.0,19477000000.0,19444000000.0,592000000.0,592000000.0
2023Q4,FIS,-260000000.0,54973000000.0,0.42,0.42,16971000000.0,,15000000.0,1823000000.0,,,35917000000.0,14318000000.0,12970000000.0,248000000.0,,2512000000.0,19050000000.0,19056000000.0,591000000.0,589000000.0
2024Q1,FIS,-432000000.0,35871000000.0,1.23,1.22,16974000000.0,,20000000.0,1682000000.0,,-77000000.0,17846000000.0,11194000000.0,10607000000.0,706000000.0,1342000000.0,2468000000.0,18021000000.0,17964000000.0,578000000.0,576000000.0
2024Q2,FIS,-413000000.0,34598000000.0,0.43,0.43,16979000000.0,,87000000.0,1508000000.0,,-43000000.0,17557000000.0,11162000000.0,10584000000.0,238000000.0,,2490000000.0,17037000000.0,16976000000.0,557000000.0,554000000.0
2024Q3,FIS,-387000000.0,34347000000.0,0.41,0.41,17050000000.0,,108000000.0,1400000000.0,,-64000000.0,17776000000.0,10808000000.0,10491000000.0,224000000.0,,2570000000.0,16569000000.0,16571000000.0,548000000.0,545000000.0
2024Q4,FIS,-364000000.0,33784000000.0,,,17260000000.0,,,1318000000.0,,,18084000000.0,10654000000.0,9686000000.0,281000000.0,,2599000000.0,15698000000.0,15700000000.0,540000000.0,536000000.0
2025Q1,FIS,-381000000.0,32841000000.0,0.15,0.15,17328000000.0,,81000000.0,1211000000.0,,,17773000000.0,10912000000.0,8658000000.0,77000000.0,537000000.0,2532000000.0,15064000000.0,15068000000.0,531000000.0,528000000.0
2025Q2,FIS,-399000000.0,33373000000.0,-0.9,-0.9,17577000000.0,,10000000.0,1172000000.0,,,19201000000.0,11186000000.0,8868000000.0,-470000000.0,,2616000000.0,14168000000.0,14172000000.0,525000000.0,525000000.0
2025Q3,FIS,-492000000.0,33042000000.0,0.51,0.5,17823000000.0,,87000000.0,1090000000.0,,,19180000000.0,10926000000.0,8900000000.0,264000000.0,,2717000000.0,13859000000.0,13862000000.0,523000000.0,521000000.0
2025Q4,FIS,-504000000.0,33488000000.0,,,17762000000.0,,,959000000.0,,,19586000000.0,10353000000.0,9069000000.0,511000000.0,,2812000000.0,13899000000.0,13902000000.0,519000000.0,517000000.0
2026Q1,FIS,-628000000.0,43484000000.0,4.59,4.58,24585000000.0,,106000000.0,4450000000.0,,,27504000000.0,16892000000.0,16791000000.0,2366000000.0,67000000.0,3295000000.0,15977000000.0,15980000000.0,517000000.0,515000000.0
2026Q2,FIS,-587000000.0,44106000000.0,0.45,0.45,25026000000.0,,63000000.0,4314000000.0,,,28065000000.0,16948000000.0,15432000000.0,231000000.0,,3377000000.0,16038000000.0,16041000000.0,517000000.0,516000000.0
