q,ticker,AccumulatedOtherComprehensiveIncomeLossNetOfTax,Assets,Deposits,EarningsPerShareBasic,EarningsPerShareDiluted,Goodwill,IncomeTaxExpenseBenefit,IntangibleAssetsNetExcludingGoodwill,InterestExpense,InterestIncomeExpenseNet,Liabilities,LongTermDebt,LongTermDebtNoncurrent,NetIncomeLoss,PaymentsForRepurchaseOfCommonStock,RevenueFromContractWithCustomerExcludingAssessedTax,Revenues,StockholdersEquity,StockholdersEquityIncludingPortionAttributableToNoncontrollingInterest,WeightedAverageNumberOfDilutedSharesOutstanding,WeightedAverageNumberOfSharesOutstandingBasic
2008Q2,FISV,,,,0.61,0.6,,64000000.0,,,,,,,100000000.0,,,1292000000.0,,,164800000.0,163400000.0
2008Q3,FISV,,,,0.48,0.48,,107000000.0,,,,,,,78000000.0,,,1038000000.0,,,163800000.0,162500000.0
2008Q4,FISV,-120000000.0,9331000000.0,,,,4387000000.0,,2091000000.0,,,6737000000.0,,3850000000.0,,,,,2594000000.0,,,
2009Q1,FISV,,,,0.66,0.66,,66000000.0,,,,,,,103000000.0,25000000.0,,1023000000.0,,,156000000.0,155500000.0
2009Q2,FISV,-93000000.0,9190000000.0,,0.9,0.9,4407000000.0,68000000.0,2068000000.0,,,6354000000.0,,3751000000.0,140000000.0,,,1000000000.0,2836000000.0,,155800000.0,155000000.0
2009Q3,FISV,-89000000.0,9096000000.0,,0.75,0.74,4368000000.0,60000000.0,2020000000.0,,,6182000000.0,,3773000000.0,115000000.0,,,992000000.0,2914000000.0,,155200000.0,153900000.0
2009Q4,FISV,-69000000.0,8378000000.0,39000000.0,,,4371000000.0,,2006000000.0,,,5352000000.0,3641000000.0,3382000000.0,118000000.0,,,1062000000.0,3026000000.0,,,
2010Q1,FISV,-70000000.0,8309000000.0,,0.79,0.79,4369000000.0,73000000.0,1970000000.0,,,5191000000.0,,3381000000.0,121000000.0,71000000.0,,1008000000.0,3118000000.0,,153700000.0,152500000.0
2010Q2,FISV,-76000000.0,8182000000.0,,0.84,0.83,4375000000.0,78000000.0,1941000000.0,,,5061000000.0,,3381000000.0,127000000.0,,,1022000000.0,3121000000.0,,152600000.0,151400000.0
2010Q3,FISV,-69000000.0,8614000000.0,,0.88,0.87,4377000000.0,73000000.0,1911000000.0,,,5386000000.0,,3453000000.0,132000000.0,,,1025000000.0,3228000000.0,,150900000.0,149700000.0
2010Q4,FISV,-50000000.0,8281000000.0,63000000.0,,,4377000000.0,,1879000000.0,,,5052000000.0,3356000000.0,3353000000.0,116000000.0,,,1078000000.0,3229000000.0,,,
2011Q1,FISV,-41000000.0,8257000000.0,,0.77,0.76,4388000000.0,64000000.0,1895000000.0,,,5119000000.0,,3352000000.0,112000000.0,252000000.0,,1048000000.0,3138000000.0,,147700000.0,145900000.0
2011Q2,FISV,-47000000.0,8396000000.0,,0.63,0.62,4392000000.0,49000000.0,1855000000.0,49000000.0,,5310000000.0,,3350000000.0,90000000.0,,,1065000000.0,3086000000.0,,144200000.0,142500000.0
2011Q3,FISV,-79000000.0,8451000000.0,,0.9,0.89,4709000000.0,55000000.0,1950000000.0,45000000.0,,5299000000.0,,3514000000.0,127000000.0,,,1063000000.0,3152000000.0,,142600000.0,141100000.0
2011Q4,FISV,-78000000.0,8548000000.0,114000000.0,,,4706000000.0,,1881000000.0,,,5290000000.0,3395000000.0,3216000000.0,143000000.0,,,1161000000.0,3258000000.0,,,
2012Q1,FISV,-62000000.0,8484000000.0,,0.95,0.94,4721000000.0,67000000.0,1851000000.0,43000000.0,,5269000000.0,,3218000000.0,132000000.0,243000000.0,,1097000000.0,3215000000.0,,140500000.0,138700000.0
2012Q2,FISV,-73000000.0,8416000000.0,,1.18,1.17,4718000000.0,60000000.0,1814000000.0,44000000.0,,5163000000.0,,3237000000.0,161000000.0,,,1087000000.0,3253000000.0,,137800000.0,136100000.0
2012Q3,FISV,-61000000.0,8453000000.0,,1.03,1.02,4719000000.0,80000000.0,1782000000.0,48000000.0,,5195000000.0,,3447000000.0,139000000.0,,,1107000000.0,3258000000.0,,136600000.0,134900000.0
2012Q4,FISV,-60000000.0,8497000000.0,,,,4705000000.0,,1744000000.0,,,5080000000.0,3230000000.0,3228000000.0,179000000.0,,,1145000000.0,3417000000.0,,,
2013Q1,FISV,-62000000.0,9563000000.0,,0.44,0.43,5231000000.0,58000000.0,2252000000.0,41000000.0,,6066000000.0,,4047000000.0,117000000.0,67000000.0,,1152000000.0,3497000000.0,,270300000.0,266800000.0
2013Q2,FISV,-67000000.0,9434000000.0,,0.57,0.56,5231000000.0,81000000.0,2209000000.0,41000000.0,,5971000000.0,,,151000000.0,,,1198000000.0,3463000000.0,,268600000.0,265100000.0
2013Q3,FISV,-63000000.0,9456000000.0,,0.61,0.6,5217000000.0,79000000.0,2180000000.0,41000000.0,,5996000000.0,,,159000000.0,,,1201000000.0,3460000000.0,,263700000.0,259900000.0
2013Q4,FISV,-60000000.0,9466000000.0,,,,5216000000.0,,2142000000.0,,,5928000000.0,,,221000000.0,,,1263000000.0,3585000000.0,,,
2014Q1,FISV,-54000000.0,9473000000.0,,0.66,0.65,5215000000.0,66000000.0,,41000000.0,,6030000000.0,,,168000000.0,335000000.0,,1234000000.0,3443000000.0,,258600000.0,254400000.0
2014Q2,FISV,-49000000.0,9403000000.0,,0.66,0.65,5217000000.0,101000000.0,,41000000.0,,5928000000.0,,,166000000.0,,,1253000000.0,3475000000.0,,253400000.0,249300000.0
2014Q3,FISV,-57000000.0,9438000000.0,,0.96,0.95,5212000000.0,120000000.0,,41000000.0,,5976000000.0,,,239000000.0,,,1263000000.0,3462000000.0,,251800000.0,247600000.0
2014Q4,FISV,-63000000.0,9308000000.0,,,,5209000000.0,,,,,6013000000.0,,,181000000.0,,,1316000000.0,3295000000.0,,,
2015Q1,FISV,-71000000.0,9335000000.0,,0.75,0.73,5204000000.0,96000000.0,,41000000.0,,6117000000.0,,,178000000.0,,,1275000000.0,3218000000.0,,243000000.0,238800000.0
2015Q2,FISV,-66000000.0,9588000000.0,,0.54,0.53,5204000000.0,66000000.0,,49000000.0,,6445000000.0,,,127000000.0,,,1298000000.0,3143000000.0,,240400000.0,236500000.0
2015Q3,FISV,-75000000.0,9387000000.0,,0.94,0.92,5201000000.0,117000000.0,,41000000.0,,6518000000.0,,,218000000.0,,,1313000000.0,2869000000.0,,237000000.0,232900000.0
2015Q4,FISV,-74000000.0,9340000000.0,,,,5200000000.0,,,,,6680000000.0,,,189000000.0,,,1368000000.0,2660000000.0,,,
2016Q1,FISV,-69000000.0,9552000000.0,,1.3,1.27,5380000000.0,149000000.0,,40000000.0,,6868000000.0,,,289000000.0,,,1331000000.0,2684000000.0,,227300000.0,223500000.0
2016Q2,FISV,-74000000.0,9530000000.0,,0.95,0.94,5380000000.0,110000000.0,,40000000.0,,6888000000.0,,,212000000.0,,,1363000000.0,2642000000.0,,225600000.0,222000000.0
2016Q3,FISV,-69000000.0,9637000000.0,,0.98,0.96,5375000000.0,114000000.0,,41000000.0,,7068000000.0,,,214000000.0,,,1380000000.0,2569000000.0,,222700000.0,219200000.0
2016Q4,FISV,-76000000.0,9743000000.0,,,,5373000000.0,,,,,7202000000.0,,,215000000.0,,,1431000000.0,2541000000.0,2541000000.0,,
2017Q1,FISV,-67000000.0,9696000000.0,,0.58,0.56,5432000000.0,102000000.0,,42000000.0,,7272000000.0,,,247000000.0,,,1394000000.0,2424000000.0,,438500000.0,429100000.0
2017Q2,FISV,-59000000.0,9685000000.0,,0.52,0.51,5435000000.0,109000000.0,,44000000.0,,7294000000.0,,,221000000.0,,,1386000000.0,2391000000.0,,432500000.0,423600000.0
2017Q3,FISV,-55000000.0,10199000000.0,,0.55,0.54,5612000000.0,98000000.0,,45000000.0,,7849000000.0,,,232000000.0,,,1400000000.0,2350000000.0,,429100000.0,420200000.0
2017Q4,FISV,-54000000.0,10289000000.0,,,,5590000000.0,,,,,7558000000.0,,,546000000.0,,,1516000000.0,2731000000.0,2731000000.0,,
2018Q1,FISV,-56000000.0,10167000000.0,,1.02,1.0,5454000000.0,140000000.0,,45000000.0,,7196000000.0,,,423000000.0,,1440000000.0,1440000000.0,2971000000.0,,421600000.0,413100000.0
2018Q2,FISV,-66000000.0,10218000000.0,,0.61,0.6,5456000000.0,72000000.0,,45000000.0,,7368000000.0,,,251000000.0,,1420000000.0,1420000000.0,2850000000.0,2850000000.0,416400000.0,408400000.0
2018Q3,FISV,-79000000.0,10748000000.0,,0.56,0.55,5450000000.0,78000000.0,,47000000.0,-45000000.0,8087000000.0,,,227000000.0,,1412000000.0,1412000000.0,2661000000.0,2661000000.0,412000000.0,403800000.0
2018Q4,FISV,-67000000.0,11262000000.0,,,,5702000000.0,,,,,8969000000.0,,,286000000.0,,1551000000.0,1551000000.0,2293000000.0,2293000000.0,,
2019Q1,FISV,-85000000.0,11676000000.0,,0.58,0.56,5703000000.0,31000000.0,,59000000.0,-57000000.0,9282000000.0,,,225000000.0,,1502000000.0,1502000000.0,2394000000.0,2394000000.0,399100000.0,391700000.0
2019Q2,FISV,-193000000.0,19640000000.0,,0.57,0.56,5702000000.0,60000000.0,,64000000.0,-58000000.0,17094000000.0,,,223000000.0,,1512000000.0,,2546000000.0,2546000000.0,399600000.0,392500000.0
2019Q3,FISV,-379000000.0,77864000000.0,,0.34,0.33,35517000000.0,53000000.0,,187000000.0,-164000000.0,44012000000.0,,,198000000.0,,3128000000.0,,32669000000.0,33760000000.0,596900000.0,584800000.0
2019Q4,FISV,-180000000.0,77539000000.0,,,,36038000000.0,,,,,42682000000.0,,,247000000.0,,4045000000.0,,32979000000.0,34595000000.0,,
2020Q1,FISV,-811000000.0,72598000000.0,,0.58,0.57,35695000000.0,79000000.0,,189000000.0,-187000000.0,39052000000.0,,,392000000.0,,3769000000.0,,31843000000.0,33287000000.0,691200000.0,678100000.0
2020Q2,FISV,-644000000.0,77093000000.0,,0.0,0.0,36088000000.0,-27000000.0,,176000000.0,-174000000.0,43807000000.0,,,2000000.0,,3465000000.0,,31583000000.0,33028000000.0,680800000.0,670000000.0
2020Q3,FISV,-831000000.0,72372000000.0,,0.39,0.39,35908000000.0,124000000.0,,176000000.0,-174000000.0,39683000000.0,,,264000000.0,,3786000000.0,,31692000000.0,32429000000.0,680300000.0,669800000.0
2020Q4,FISV,-387000000.0,74619000000.0,,,,36322000000.0,,,,,41290000000.0,,,300000000.0,,3832000000.0,,32330000000.0,33070000000.0,,
2021Q1,FISV,-536000000.0,74840000000.0,,0.45,0.45,36380000000.0,18000000.0,,177000000.0,-176000000.0,41995000000.0,,,304000000.0,,3755000000.0,,31851000000.0,32586000000.0,679900000.0,668600000.0
2021Q2,FISV,-323000000.0,75776000000.0,,0.41,0.4,36668000000.0,228000000.0,,176000000.0,-175000000.0,42983000000.0,,,269000000.0,,4051000000.0,,31793000000.0,32532000000.0,672700000.0,663700000.0
2021Q3,FISV,-649000000.0,75767000000.0,,0.65,0.64,36303000000.0,54000000.0,,173000000.0,-172000000.0,43183000000.0,,,428000000.0,,4163000000.0,,31596000000.0,32324000000.0,669700000.0,661400000.0
2021Q4,FISV,-745000000.0,76249000000.0,,,,36433000000.0,,,,,44299000000.0,,,,,,,30952000000.0,31672000000.0,,
2022Q1,FISV,-640000000.0,75470000000.0,,1.03,1.02,36538000000.0,98000000.0,,171000000.0,-168000000.0,43328000000.0,,,669000000.0,,4138000000.0,4138000000.0,31272000000.0,31978000000.0,657200000.0,650800000.0
2022Q2,FISV,-1005000000.0,77212000000.0,,0.93,0.92,36829000000.0,137000000.0,,178000000.0,-176000000.0,45242000000.0,,,598000000.0,,4450000000.0,4450000000.0,31109000000.0,31809000000.0,650800000.0,645200000.0
2022Q3,FISV,-1539000000.0,75640000000.0,,0.75,0.75,36241000000.0,147000000.0,,193000000.0,-190000000.0,44497000000.0,,,481000000.0,,4518000000.0,4518000000.0,30326000000.0,30982000000.0,645000000.0,639600000.0
2022Q4,FISV,-1189000000.0,83869000000.0,,,,36811000000.0,,,,,52181000000.0,,,,,,,30828000000.0,31527000000.0,,
2023Q1,FISV,-1054000000.0,76548000000.0,,0.9,0.89,37017000000.0,124000000.0,,210000000.0,-202000000.0,45594000000.0,,,563000000.0,,,4547000000.0,30077000000.0,30794000000.0,631300000.0,626900000.0
2023Q2,FISV,-900000000.0,77599000000.0,,1.11,1.1,37109000000.0,181000000.0,,237000000.0,-232000000.0,46722000000.0,,,683000000.0,,,4756000000.0,29991000000.0,30716000000.0,619200000.0,615400000.0
2023Q3,FISV,-1166000000.0,84154000000.0,,1.57,1.56,36836000000.0,239000000.0,,268000000.0,-258000000.0,53768000000.0,,,952000000.0,,,4873000000.0,29573000000.0,30225000000.0,610300000.0,606200000.0
2023Q4,FISV,-783000000.0,90890000000.0,,,,37205000000.0,,,,,60221000000.0,,,,,,,29857000000.0,30508000000.0,,
2024Q1,FISV,-994000000.0,92698000000.0,,1.24,1.24,37038000000.0,153000000.0,,271000000.0,-261000000.0,63115000000.0,,,735000000.0,,,4883000000.0,28801000000.0,29423000000.0,594800000.0,590900000.0
2024Q2,FISV,-1197000000.0,93417000000.0,,1.53,1.53,36867000000.0,221000000.0,,294000000.0,,64639000000.0,,,894000000.0,,,5107000000.0,28154000000.0,28778000000.0,585400000.0,582700000.0
2024Q3,FISV,-956000000.0,79792000000.0,,0.98,0.98,37133000000.0,74000000.0,,339000000.0,,51389000000.0,,,564000000.0,,,5215000000.0,27751000000.0,28403000000.0,576900000.0,573700000.0
2024Q4,FISV,-1413000000.0,77176000000.0,,,,36584000000.0,,,,,49490000000.0,,,,,,,27068000000.0,27686000000.0,,
2025Q1,FISV,-1187000000.0,80402000000.0,,1.52,1.51,36983000000.0,190000000.0,,339000000.0,,53881000000.0,,,851000000.0,,5130000000.0,5130000000.0,25884000000.0,26521000000.0,564700000.0,561300000.0
2025Q2,FISV,-901000000.0,81531000000.0,,1.86,1.86,37465000000.0,246000000.0,,376000000.0,,55768000000.0,,,1026000000.0,,5516000000.0,5516000000.0,25215000000.0,25763000000.0,552700000.0,550800000.0
2025Q3,FISV,-985000000.0,79370000000.0,,1.46,1.46,37449000000.0,173000000.0,,432000000.0,,54226000000.0,,,792000000.0,,,5263000000.0,25121000000.0,25144000000.0,541800000.0,540200000.0
2025Q4,FISV,-984000000.0,80133000000.0,,,,37703000000.0,,,,,54324000000.0,,,,,,,25792000000.0,25809000000.0,,
2026Q1,FISV,-1035000000.0,80548000000.0,,1.07,1.07,37602000000.0,24000000.0,,361000000.0,,54327000000.0,,,571000000.0,,5027000000.0,,26201000000.0,26221000000.0,535400000.0,534300000.0
2026Q2,FISV,-983000000.0,80886000000.0,,1.18,1.17,37524000000.0,156000000.0,,376000000.0,,53960000000.0,,,627000000.0,,5292000000.0,,26904000000.0,26926000000.0,533700000.0,532600000.0
