q,ticker,AccumulatedOtherComprehensiveIncomeLossNetOfTax,Assets,AvailableForSaleSecurities,AvailableForSaleSecuritiesDebtSecurities,CommonStockSharesOutstanding,DebtSecuritiesHeldToMaturityAmortizedCostAfterAllowanceForCreditLoss,Deposits,EarningsPerShareBasic,EarningsPerShareDiluted,FeesAndCommissionsDepositorAccounts,FeesAndCommissionsMortgageBankingAndServicing,FinancingReceivableAllowanceForCreditLosses,FinancingReceivableExcludingAccruedInterestBeforeAllowanceForCreditLoss,Goodwill,HeldToMaturitySecurities,HeldToMaturitySecuritiesFairValue,IncomeLossFromContinuingOperationsBeforeIncomeTaxesExtraordinaryItemsNoncontrollingInterest,IncomeTaxExpenseBenefit,IntangibleAssetsNetExcludingGoodwill,InterestAndDividendIncomeOperating,InterestBearingDepositLiabilities,InterestExpense,InterestExpenseDeposits,InterestIncomeExpenseAfterProvisionForLoanLoss,InterestIncomeExpenseNet,InvestmentBankingAdvisoryBrokerageAndUnderwritingFeesAndCommissions,Liabilities,LoansAndLeasesReceivableNetReportedAmount,LongTermDebt,NetIncomeLoss,NetIncomeLossAvailableToCommonStockholdersBasic,NoninterestBearingDepositLiabilities,NoninterestExpense,NoninterestIncome,NotesReceivableNet,PaymentsForRepurchaseOfCommonStock,ProvisionForLoanLeaseAndOtherLosses,StockholdersEquity,StockholdersEquityIncludingPortionAttributableToNoncontrollingInterest,WeightedAverageNumberOfDilutedSharesOutstanding,WeightedAverageNumberOfSharesOutstandingBasic
2006Q4,FITB,,,,,,,,,,,,,,,,,,,,,,,,,,,,,,,,,,,,,,10022000000.0,,,
2007Q4,FITB,-126000000.0,,,,,,,,,,,,,,,,,,,,,,,,,,,,,,,,,,,,,9161000000.0,9161000000.0,,
2008Q2,FITB,-152000000.0,114975000000.0,12718000000.0,,,,77416000000.0,-0.37,-0.37,159000000.0,,,,3603000000.0,361000000.0,,,85000000.0,203000000.0,1207000000.0,,469000000.0,278000000.0,19000000.0,738000000.0,,104221000000.0,83944000000.0,15046000000.0,-202000000.0,-202000000.0,,858000000.0,722000000.0,,,,10754000000.0,,,
2008Q3,FITB,-60000000.0,116294000000.0,13177000000.0,,,,77460000000.0,-0.14,-0.14,172000000.0,,,,3592000000.0,360000000.0,,,-72000000.0,188000000.0,1548000000.0,,485000000.0,291000000.0,122000000.0,1063000000.0,,105598000000.0,83440000000.0,12947000000.0,-56000000.0,-81000000.0,,967000000.0,717000000.0,,,,10696000000.0,,,
2008Q4,FITB,98000000.0,119764000000.0,12728000000.0,,577386612.0,,78613000000.0,,,,,,,2624000000.0,360000000.0,360000000.0,,,168000000.0,,,,,,,,107687000000.0,81356000000.0,13585000000.0,,,,,,,,,12077000000.0,12077000000.0,,
2009Q1,FITB,151000000.0,119313000000.0,16916000000.0,,576935997.0,,79782000000.0,-0.04,-0.04,146000000.0,,,,2623000000.0,358000000.0,358000000.0,,-312000000.0,154000000.0,1178000000.0,,402000000.0,274000000.0,3000000.0,776000000.0,,107211000000.0,79499000000.0,12178000000.0,50000000.0,-26000000.0,,962000000.0,697000000.0,,1000000.0,,12102000000.0,,,
2009Q2,FITB,152000000.0,115984000000.0,16061000000.0,,795313448.0,,80820000000.0,1.35,1.15,162000000.0,,,,2417000000.0,357000000.0,357000000.0,,470000000.0,133000000.0,1179000000.0,,348000000.0,258000000.0,-210000000.0,831000000.0,,102284000000.0,77944000000.0,10102000000.0,882000000.0,856000000.0,,1021000000.0,2583000000.0,,,,13700000000.0,,718000000.0,630000000.0
2009Q3,FITB,285000000.0,110740000000.0,15682000000.0,,795316187.0,,79358000000.0,-0.2,-0.2,164000000.0,,,,2417000000.0,356000000.0,356000000.0,,-11000000.0,119000000.0,1169000000.0,,300000000.0,228000000.0,-83000000.0,869000000.0,,97052000000.0,74738000000.0,10162000000.0,-97000000.0,-159000000.0,,876000000.0,851000000.0,,,,13688000000.0,13688000000.0,790000000.0,790000000.0
2009Q4,FITB,241000000.0,113380000000.0,18213000000.0,,795068164.0,,84305000000.0,,,,,,,2417000000.0,355000000.0,355000000.0,,,106000000.0,,,,,,,,99883000000.0,73030000000.0,10507000000.0,,,,,,,,,13497000000.0,13497000000.0,,
2010Q1,FITB,288000000.0,112651000000.0,16935000000.0,,794816131.0,,83574000000.0,-0.09,-0.09,142000000.0,,,,2417000000.0,355000000.0,355000000.0,-18000000.0,-12000000.0,94000000.0,1143000000.0,,246000000.0,171000000.0,307000000.0,897000000.0,,99243000000.0,73621000000.0,10947000000.0,-10000000.0,-72000000.0,,956000000.0,627000000.0,,1000000.0,,13408000000.0,13408000000.0,790000000.0,790000000.0
2010Q2,FITB,440000000.0,112025000000.0,16021000000.0,,796319712.0,,82115000000.0,0.16,0.16,149000000.0,,,,2417000000.0,354000000.0,354000000.0,247000000.0,50000000.0,83000000.0,1116000000.0,,234000000.0,161000000.0,557000000.0,882000000.0,,98324000000.0,72539000000.0,10989000000.0,192000000.0,130000000.0,,935000000.0,620000000.0,,,,13701000000.0,13701000000.0,802000000.0,791000000.0
2010Q3,FITB,432000000.0,112322000000.0,15975000000.0,,796283198000000.0,,81362000000.0,0.22,0.22,143000000.0,,,,2417000000.0,354000000.0,354000000.0,307000000.0,65000000.0,72000000.0,1126000000.0,,214000000.0,141000000.0,455000000.0,912000000.0,,98409000000.0,72815000000.0,10953000000.0,238000000.0,175000000.0,,979000000.0,827000000.0,,,,13884000000.0,13913000000.0,6000000.0,791000000.0
2010Q4,FITB,314000000.0,111007000000.0,15414000000.0,,796272522.0,,81648000000.0,,,,,,,2417000000.0,353000000.0,353000000.0,,,62000000.0,,,,,,,,96927000000.0,74487000000.0,9558000000.0,,,,,,,,,14051000000.0,14080000000.0,,
2011Q1,FITB,263000000.0,110485000000.0,15135000000.0,,918728008.0,,82317000000.0,0.1,0.1,124000000.0,102000000.0,,,2417000000.0,346000000.0,346000000.0,377000000.0,112000000.0,55000000.0,1060000000.0,,181000000.0,106000000.0,711000000.0,879000000.0,,98293000000.0,74660000000.0,10555000000.0,265000000.0,88000000.0,,918000000.0,584000000.0,,,,12163000000.0,12192000000.0,894841321.0,880829800.0
2011Q2,FITB,396000000.0,110805000000.0,15502000000.0,,919818137.0,,80598000000.0,0.36,0.35,126000000.0,162000000.0,,,2417000000.0,344000000.0,344000000.0,506000000.0,169000000.0,49000000.0,1045000000.0,,181000000.0,97000000.0,751000000.0,864000000.0,,98204000000.0,75353000000.0,10152000000.0,337000000.0,328000000.0,,901000000.0,656000000.0,,,,12572000000.0,12601000000.0,955477616.0,914600600.0
2011Q3,FITB,542000000.0,114905000000.0,16227000000.0,,919778513.0,,82047000000.0,0.41,0.4,134000000.0,178000000.0,,,2417000000.0,337000000.0,337000000.0,530000000.0,149000000.0,45000000.0,1055000000.0,,157000000.0,84000000.0,811000000.0,898000000.0,,101847000000.0,76777000000.0,9800000000.0,381000000.0,373000000.0,,946000000.0,665000000.0,,,,13029000000.0,13058000000.0,955490439.0,914946545.0
2011Q4,FITB,470000000.0,116967000000.0,15362000000.0,,919804436.0,,85710000000.0,,,,,,,2417000000.0,322000000.0,322000000.0,,,40000000.0,,,,,,,,103716000000.0,78763000000.0,9682000000.0,,,,,,80953000000.0,,,13201000000.0,13251000000.0,,
2012Q1,FITB,468000000.0,116747000000.0,16093000000.0,,920056340.0,,85791000000.0,0.46,0.45,129000000.0,204000000.0,,,2417000000.0,321000000.0,321000000.0,603000000.0,173000000.0,36000000.0,1040000000.0,,142000000.0,58000000.0,807000000.0,898000000.0,,103137000000.0,79987000000.0,9648000000.0,430000000.0,421000000.0,,973000000.0,769000000.0,,,91000000.0,13560000000.0,13610000000.0,957415527.0,915225816.0
2012Q2,FITB,454000000.0,117543000000.0,15552000000.0,,,,84273000000.0,0.41,0.4,130000000.0,183000000.0,,,2417000000.0,305000000.0,,565000000.0,180000000.0,33000000.0,1027000000.0,,132000000.0,55000000.0,824000000.0,895000000.0,,103719000000.0,80343000000.0,9685000000.0,385000000.0,376000000.0,,937000000.0,678000000.0,,,71000000.0,13773000000.0,13824000000.0,954622463.0,913540510.0
2012Q3,FITB,468000000.0,117483000000.0,15402000000.0,,897467318.0,,84688000000.0,0.39,0.38,128000000.0,200000000.0,,,2417000000.0,287000000.0,287000000.0,503000000.0,139000000.0,30000000.0,1023000000.0,,120000000.0,52000000.0,838000000.0,903000000.0,,103714000000.0,81134000000.0,8127000000.0,363000000.0,354000000.0,,1006000000.0,671000000.0,,,65000000.0,13718000000.0,13769000000.0,944820608.0,904474989.0
2012Q4,FITB,375000000.0,121894000000.0,15207000000.0,,882152057.0,,89517000000.0,,,,,,,2416000000.0,284000000.0,284000000.0,,,27000000.0,,,,,,,,108130000000.0,83928000000.0,7085000000.0,,,,,,85706000000.0,,,13716000000.0,13764000000.0,,
2013Q1,FITB,333000000.0,121382000000.0,15263000000.0,,874644724.58,,91624000000.0,0.47,0.46,131000000.0,220000000.0,,,2416000000.0,283000000.0,283000000.0,591000000.0,179000000.0,25000000.0,995000000.0,,107000000.0,50000000.0,826000000.0,888000000.0,,107462000000.0,83893000000.0,8320000000.0,422000000.0,413000000.0,,978000000.0,743000000.0,85595000000.0,,62000000.0,13882000000.0,13920000000.0,913163262.0,870923074.0
2013Q2,FITB,149000000.0,123360000000.0,16187000000.0,,851473955.42,,93454000000.0,0.67,0.65,136000000.0,233000000.0,,,2416000000.0,274000000.0,274000000.0,841000000.0,250000000.0,23000000.0,984000000.0,,104000000.0,53000000.0,816000000.0,880000000.0,,109083000000.0,85297000000.0,6940000000.0,591000000.0,582000000.0,,1035000000.0,1060000000.0,86949000000.0,,64000000.0,14239000000.0,14277000000.0,900625454.0,858582710.0
2013Q3,FITB,218000000.0,125673000000.0,18080000000.0,,887029539.0,,94126000000.0,0.47,0.47,140000000.0,121000000.0,,,2416000000.0,265000000.0,265000000.0,604000000.0,183000000.0,21000000.0,992000000.0,,99000000.0,51000000.0,842000000.0,893000000.0,,110993000000.0,85554000000.0,8098000000.0,421000000.0,421000000.0,,959000000.0,721000000.0,87142000000.0,,51000000.0,14641000000.0,14680000000.0,888111269.0,880182513.0
2013Q4,FITB,82000000.0,130443000000.0,18597000000.0,,855305745.0,,99275000000.0,,,,,,,2416000000.0,208000000.0,208000000.0,,,19000000.0,,,,,,,,115817000000.0,87032000000.0,9633000000.0,,,,,,88522000000.0,,,14589000000.0,14626000000.0,,
2014Q1,FITB,196000000.0,129654000000.0,20749000000.0,,847568728.0,,96874000000.0,0.36,0.36,133000000.0,109000000.0,,,2416000000.0,195000000.0,195000000.0,438000000.0,119000000.0,18000000.0,993000000.0,,100000000.0,48000000.0,824000000.0,893000000.0,,114790000000.0,88222000000.0,11233000000.0,318000000.0,309000000.0,,950000000.0,564000000.0,89602000000.0,,69000000.0,14826000000.0,14864000000.0,857923596.0,845860065.0
2014Q2,FITB,382000000.0,132562000000.0,22814000000.0,,844488849.0,,95952000000.0,0.49,0.49,139000000.0,78000000.0,,,2416000000.0,194000000.0,194000000.0,606000000.0,167000000.0,17000000.0,1008000000.0,,108000000.0,49000000.0,824000000.0,900000000.0,,117054000000.0,89026000000.0,13961000000.0,439000000.0,416000000.0,,954000000.0,736000000.0,90385000000.0,,76000000.0,15469000000.0,15508000000.0,848245111.0,838492046.0
2014Q3,FITB,301000000.0,134188000000.0,22912000000.0,,834261897.0,,97292000000.0,0.39,0.39,145000000.0,61000000.0,,,2416000000.0,191000000.0,191000000.0,,124000000.0,16000000.0,1018000000.0,,115000000.0,51000000.0,832000000.0,903000000.0,,118745000000.0,89210000000.0,14336000000.0,340000000.0,328000000.0,,888000000.0,520000000.0,90515000000.0,,71000000.0,15404000000.0,15443000000.0,838324420.0,829391505.0
2014Q4,FITB,429000000.0,138670000000.0,22408000000.0,,824046952.0,,101712000000.0,,,,,,,2416000000.0,187000000.0,187000000.0,,,15000000.0,,66903000000.0,,,,,,123041000000.0,88762000000.0,14967000000.0,,,34809000000.0,,,89976000000.0,,,15626000000.0,15665000000.0,,
2015Q1,FITB,588000000.0,140437000000.0,26409000000.0,,815190210.0,,103415000000.0,0.42,0.42,135000000.0,86000000.0,,,2416000000.0,177000000.0,177000000.0,,124000000.0,14000000.0,970000000.0,68072000000.0,123000000.0,50000000.0,778000000.0,847000000.0,,124566000000.0,89944000000.0,14055000000.0,361000000.0,346000000.0,35343000000.0,923000000.0,630000000.0,91118000000.0,180000000.0,69000000.0,15864000000.0,15904000000.0,818672259.0,810209585.0
2015Q2,FITB,291000000.0,141628000000.0,27987000000.0,,810054148.0,,103023000000.0,0.36,0.36,139000000.0,117000000.0,,,2416000000.0,157000000.0,157000000.0,,108000000.0,13000000.0,1003000000.0,67574000000.0,116000000.0,46000000.0,808000000.0,887000000.0,,126020000000.0,91410000000.0,13521000000.0,315000000.0,292000000.0,35449000000.0,947000000.0,556000000.0,92525000000.0,,79000000.0,15605000000.0,15638000000.0,812842540.0,803965057.0
2015Q3,FITB,522000000.0,141883000000.0,28799000000.0,,795439309.0,,100893000000.0,0.46,0.45,145000000.0,71000000.0,,,2416000000.0,157000000.0,157000000.0,,134000000.0,13000000.0,1026000000.0,66061000000.0,125000000.0,44000000.0,745000000.0,901000000.0,,126060000000.0,92313000000.0,15527000000.0,381000000.0,366000000.0,34832000000.0,943000000.0,713000000.0,93401000000.0,,156000000.0,15826000000.0,15858000000.0,805022588.0,795792825.0
2015Q4,FITB,197000000.0,141048000000.0,29044000000.0,,785080314.0,,103205000000.0,,,,,,,2416000000.0,70000000.0,70000000.0,,,12000000.0,,66938000000.0,,,,,,125178000000.0,91310000000.0,15810000000.0,,,36267000000.0,,,92415000000.0,,,15839000000.0,15870000000.0,,
2016Q1,FITB,684000000.0,142430000000.0,29891000000.0,,770470768.0,,102475000000.0,0.4,0.4,137000000.0,78000000.0,,,2416000000.0,64000000.0,64000000.0,,109000000.0,11000000.0,1038000000.0,66617000000.0,135000000.0,49000000.0,784000000.0,903000000.0,,126075000000.0,92310000000.0,15305000000.0,326000000.0,311000000.0,35858000000.0,986000000.0,637000000.0,93445000000.0,240000000.0,119000000.0,16323000000.0,16355000000.0,777757934.0,773564178.0
2016Q2,FITB,889000000.0,143625000000.0,31455000000.0,,766345770.0,,101871000000.0,0.4,0.39,138000000.0,75000000.0,,,2416000000.0,62000000.0,62000000.0,,103000000.0,10000000.0,1046000000.0,65734000000.0,144000000.0,50000000.0,811000000.0,902000000.0,,126871000000.0,92610000000.0,16231000000.0,328000000.0,305000000.0,36137000000.0,983000000.0,599000000.0,93755000000.0,,91000000.0,16726000000.0,16754000000.0,764811003.0,759105385.0
2016Q3,FITB,755000000.0,143279000000.0,30689000000.0,,755582255.0,,101271000000.0,0.66,0.65,143000000.0,66000000.0,,,2416000000.0,56000000.0,56000000.0,,178000000.0,10000000.0,1057000000.0,65646000000.0,150000000.0,51000000.0,827000000.0,907000000.0,,126475000000.0,91879000000.0,16890000000.0,516000000.0,501000000.0,35625000000.0,973000000.0,840000000.0,93002000000.0,,80000000.0,16776000000.0,16804000000.0,757855877.0,750885834.0
2016Q4,FITB,59000000.0,142080000000.0,31183000000.0,,750479299.0,,103821000000.0,,,,,,,2416000000.0,26000000.0,26000000.0,,,9000000.0,,68039000000.0,,,,,,125945000000.0,90845000000.0,14388000000.0,,,35782000000.0,,,91955000000.0,,,16205000000.0,16081000000.0,,
2017Q1,FITB,68000000.0,140200000000.0,31531000000.0,,750144587.0,,104156000000.0,0.38,0.38,138000000.0,52000000.0,,,2419000000.0,26000000.0,26000000.0,,91000000.0,11000000.0,1086000000.0,68794000000.0,153000000.0,59000000.0,859000000.0,933000000.0,,123743000000.0,90390000000.0,13658000000.0,305000000.0,290000000.0,35362000000.0,986000000.0,523000000.0,91487000000.0,0.0,74000000.0,16430000000.0,16457000000.0,760809239.0,747667521.0
2017Q2,FITB,163000000.0,141067000000.0,31823000000.0,,738872549.0,,101880000000.0,0.46,0.45,139000000.0,55000000.0,,,2423000000.0,26000000.0,26000000.0,,127000000.0,18000000.0,1106000000.0,66915000000.0,167000000.0,65000000.0,887000000.0,939000000.0,,124621000000.0,90220000000.0,13456000000.0,367000000.0,344000000.0,34965000000.0,957000000.0,564000000.0,91304000000.0,,52000000.0,16419000000.0,16446000000.0,752328298.0,741400700.0
2017Q3,FITB,185000000.0,142264000000.0,31480000000.0,,705473789.0,,101452000000.0,1.37,1.35,138000000.0,63000000.0,,,2423000000.0,25000000.0,25000000.0,,475000000.0,18000000.0,1152000000.0,66206000000.0,182000000.0,73000000.0,903000000.0,970000000.0,,125884000000.0,90678000000.0,14039000000.0,1014000000.0,999000000.0,35246000000.0,975000000.0,1561000000.0,91743000000.0,,67000000.0,16360000000.0,16380000000.0,733284502.0,721280389.0
2017Q4,FITB,73000000.0,142081000000.0,31751000000.0,,693804893.0,,103162000000.0,,,,,1196000000.0,,2445000000.0,24000000.0,24000000.0,,,27000000.0,,67886000000.0,,,,,,125861000000.0,90774000000.0,14904000000.0,,,35276000000.0,,,91833000000.0,,,16200000000.0,16220000000.0,,
2018Q1,FITB,-389000000.0,141383000000.0,31819000000.0,,684941986.0,,105461000000.0,0.98,0.96,137000000.0,56000000.0,,,2462000000.0,23000000.0,23000000.0,,181000000.0,30000000.0,1206000000.0,71395000000.0,210000000.0,95000000.0,983000000.0,996000000.0,,125296000000.0,90832000000.0,14800000000.0,701000000.0,686000000.0,34066000000.0,1010000000.0,909000000.0,91834000000.0,318000000.0,23000000.0,16184000000.0,16036000000.0,704100936.0,689820295.0
2018Q2,FITB,-552000000.0,140595000000.0,31961000000.0,,678161855.0,,104131000000.0,0.84,0.82,137000000.0,53000000.0,,,2462000000.0,19000000.0,19000000.0,,146000000.0,30000000.0,1269000000.0,71451000000.0,249000000.0,119000000.0,1006000000.0,1020000000.0,,124443000000.0,90855000000.0,14321000000.0,602000000.0,579000000.0,32680000000.0,1001000000.0,743000000.0,91770000000.0,,33000000.0,16232000000.0,16100000000.0,696209943.0,683344844.0
2018Q3,FITB,-775000000.0,141590000000.0,31808000000.0,,661372797.0,,104342000000.0,0.62,0.61,,49000000.0,,,2462000000.0,18000000.0,18000000.0,,114000000.0,28000000.0,1315000000.0,72539000000.0,272000000.0,144000000.0,959000000.0,1043000000.0,,125835000000.0,92352000000.0,14460000000.0,436000000.0,421000000.0,31803000000.0,972000000.0,563000000.0,93271000000.0,,86000000.0,15830000000.0,15701000000.0,679198715.0,667624132.0
2018Q4,FITB,-112000000.0,146069000000.0,32830000000.0,,646630857.0,,108835000000.0,,,,,1103000000.0,,2478000000.0,18000000.0,18000000.0,,,40000000.0,,76719000000.0,,,,,,129819000000.0,94162000000.0,14426000000.0,,,32116000000.0,,,95086000000.0,,,16250000000.0,16250000000.0,,
2019Q1,FITB,409000000.0,167853000000.0,35048000000.0,,739406088.0,,123664000000.0,1.14,1.12,,56000000.0,1115000000.0,,4321000000.0,21000000.0,21000000.0,,221000000.0,218000000.0,1433000000.0,87701000000.0,351000000.0,205000000.0,992000000.0,1082000000.0,112000000.0,148009000000.0,108727000000.0,15483000000.0,775000000.0,760000000.0,35963000000.0,1097000000.0,1101000000.0,109652000000.0,913000000.0,90000000.0,19647000000.0,19844000000.0,670685025.0,661057120.0
2019Q2,FITB,1178000000.0,168802000000.0,35753000000.0,,731473622.0,,125392000000.0,0.57,0.57,,63000000.0,1115000000.0,,4284000000.0,21000000.0,21000000.0,,124000000.0,215000000.0,1636000000.0,89803000000.0,391000000.0,243000000.0,1160000000.0,1245000000.0,122000000.0,148131000000.0,108168000000.0,15784000000.0,453000000.0,427000000.0,35589000000.0,1243000000.0,660000000.0,109091000000.0,,85000000.0,20474000000.0,20671000000.0,747749591.0,738051421.0
2019Q3,FITB,1635000000.0,171079000000.0,37178000000.0,,718583491.0,,125347000000.0,0.72,0.71,,95000000.0,1143000000.0,,4290000000.0,18000000.0,18000000.0,,140000000.0,201000000.0,1625000000.0,89454000000.0,383000000.0,243000000.0,1108000000.0,1242000000.0,124000000.0,149675000000.0,108266000000.0,14474000000.0,549000000.0,530000000.0,35893000000.0,1159000000.0,740000000.0,109225000000.0,,134000000.0,21404000000.0,21404000000.0,736086399.0,726715542.0
2019Q4,FITB,1192000000.0,169369000000.0,36028000000.0,36028000000.0,708915629.0,,127062000000.0,,,,,1202000000.0,,4252000000.0,17000000.0,17000000.0,,,201000000.0,,91094000000.0,,,,,,148166000000.0,108356000000.0,14970000000.0,,,35968000000.0,,,108356000000.0,,,21203000000.0,21203000000.0,,
2020Q1,FITB,2477000000.0,185391000000.0,38645000000.0,,711306181.0,,135061000000.0,0.04,0.04,,120000000.0,2348000000.0,,4261000000.0,17000000.0,17000000.0,,14000000.0,184000000.0,1525000000.0,95528000000.0,296000000.0,166000000.0,589000000.0,1229000000.0,134000000.0,163518000000.0,115689000000.0,16282000000.0,46000000.0,29000000.0,39533000000.0,1200000000.0,671000000.0,117852000000.0,0.0,640000000.0,,21873000000.0,720362697.0,713555693.0
2020Q2,FITB,2951000000.0,202906000000.0,,38599000000.0,712202207.0,,156946000000.0,0.23,0.23,,99000000.0,2696000000.0,,4261000000.0,16000000.0,16000000.0,,49000000.0,171000000.0,1403000000.0,107587000000.0,203000000.0,83000000.0,715000000.0,1200000000.0,120000000.0,180571000000.0,,16327000000.0,195000000.0,163000000.0,49359000000.0,1121000000.0,650000000.0,112357000000.0,,485000000.0,,22335000000.0,717571890.0,714766570.0
2020Q3,FITB,2831000000.0,201996000000.0,,37425000000.0,712327748.0,,156683000000.0,0.78,0.78,,76000000.0,2574000000.0,,4261000000.0,15000000.0,15000000.0,746000000.0,165000000.0,157000000.0,1329000000.0,104787000000.0,159000000.0,46000000.0,1185000000.0,1170000000.0,132000000.0,179045000000.0,,15123000000.0,581000000.0,562000000.0,51896000000.0,1161000000.0,722000000.0,108157000000.0,,-15000000.0,,22951000000.0,718893892.0,715102136.0
2020Q4,FITB,2601000000.0,204680000000.0,,37513000000.0,712760325.0,11000000.0,159081000000.0,,,,,2453000000.0,108782000000.0,4258000000.0,11000000.0,11000000.0,,,139000000.0,,101370000000.0,,,,,,181569000000.0,,14973000000.0,,,57711000000.0,,,106329000000.0,,,23111000000.0,23111000000.0,,
2021Q1,FITB,1792000000.0,206899000000.0,,37595000000.0,711595529.0,,162393000000.0,0.94,0.93,,85000000.0,2208000000.0,,4259000000.0,10000000.0,10000000.0,883000000.0,189000000.0,127000000.0,1302000000.0,101030000000.0,126000000.0,21000000.0,1349000000.0,1176000000.0,143000000.0,184304000000.0,,14743000000.0,694000000.0,674000000.0,61363000000.0,1215000000.0,749000000.0,106647000000.0,180000000.0,-173000000.0,22595000000.0,22595000000.0,723425111.0,714432813.0
2021Q2,FITB,1974000000.0,205390000000.0,,,703739634.0,,162283000000.0,0.95,0.94,,64000000.0,,107733000000.0,4259000000.0,,10000000.0,911000000.0,202000000.0,117000000.0,1323000000.0,99523000000.0,115000000.0,15000000.0,1323000000.0,1208000000.0,145000000.0,182464000000.0,,12364000000.0,709000000.0,674000000.0,62760000000.0,1153000000.0,741000000.0,,,-115000000.0,22926000000.0,22926000000.0,718084745.0,708832787.0
2021Q3,FITB,1637000000.0,207731000000.0,,,689790194.0,8000000.0,165108000000.0,0.98,0.97,,86000000.0,,107911000000.0,4514000000.0,,8000000.0,895000000.0,191000000.0,169000000.0,1292000000.0,101229000000.0,103000000.0,12000000.0,1231000000.0,1189000000.0,147000000.0,185207000000.0,,11419000000.0,704000000.0,684000000.0,63879000000.0,1172000000.0,836000000.0,,,-42000000.0,22524000000.0,22524000000.0,706089674.0,697457483.0
2021Q4,FITB,1207000000.0,211116000000.0,,38110000000.0,682777664.0,8000000.0,169324000000.0,,,,,,112050000000.0,4514000000.0,8000000.0,8000000.0,,,156000000.0,,104236000000.0,,,,,,188906000000.0,,11821000000.0,,,65088000000.0,,,,,,22210000000.0,22210000000.0,,
2022Q1,FITB,-1096000000.0,211459000000.0,,,685905240.0,6000000.0,170611000000.0,0.69,0.68,,52000000.0,,115865000000.0,4514000000.0,,6000000.0,612000000.0,118000000.0,145000000.0,1289000000.0,105021000000.0,94000000.0,11000000.0,1150000000.0,1195000000.0,149000000.0,191282000000.0,,10815000000.0,494000000.0,474000000.0,65590000000.0,1222000000.0,684000000.0,,0.0,45000000.0,20177000000.0,20177000000.0,696242395.0,687537989.0
2022Q2,FITB,-2644000000.0,206782000000.0,,,686151599.0,5000000.0,161174000000.0,0.76,0.76,,31000000.0,,118823000000.0,4926000000.0,,5000000.0,724000000.0,162000000.0,194000000.0,1464000000.0,100315000000.0,125000000.0,25000000.0,1160000000.0,1339000000.0,140000000.0,187812000000.0,,10990000000.0,562000000.0,526000000.0,60859000000.0,1112000000.0,676000000.0,,,179000000.0,18970000000.0,18970000000.0,694804715.0,689018541.0
2022Q3,FITB,-5306000000.0,205463000000.0,,,686343370.0,5000000.0,161652000000.0,0.91,0.91,,69000000.0,,119999000000.0,4925000000.0,,5000000.0,845000000.0,192000000.0,181000000.0,1760000000.0,104051000000.0,262000000.0,112000000.0,1340000000.0,1498000000.0,141000000.0,188727000000.0,,11712000000.0,653000000.0,631000000.0,57601000000.0,1167000000.0,672000000.0,,,158000000.0,16736000000.0,16736000000.0,694592855.0,689278078.0
2022Q4,FITB,-5110000000.0,207452000000.0,,,683385880.0,,163690000000.0,,,,,,121480000000.0,4915000000.0,,5000000.0,,,169000000.0,,110565000000.0,,,,,,190125000000.0,,13714000000.0,,,53125000000.0,,,,,,17327000000.0,17327000000.0,,
2023Q1,FITB,-4245000000.0,208657000000.0,,,680536608.0,,162975000000.0,0.78,0.78,,69000000.0,,122857000000.0,4915000000.0,,2000000.0,718000000.0,160000000.0,157000000.0,2213000000.0,113326000000.0,696000000.0,478000000.0,1353000000.0,1517000000.0,146000000.0,190293000000.0,,12893000000.0,558000000.0,535000000.0,49649000000.0,1331000000.0,696000000.0,,200000000.0,164000000.0,18364000000.0,18364000000.0,689566425.0,684017462.0
2023Q2,FITB,-5166000000.0,207276000000.0,,,680850480.0,,164128000000.0,0.82,0.82,,59000000.0,,121891000000.0,4919000000.0,,2000000.0,775000000.0,174000000.0,146000000.0,2370000000.0,118864000000.0,913000000.0,655000000.0,1280000000.0,1457000000.0,143000000.0,189467000000.0,,12278000000.0,601000000.0,562000000.0,45264000000.0,1231000000.0,726000000.0,,,177000000.0,17809000000.0,17809000000.0,686385938.0,684028603.0
2023Q3,FITB,-6839000000.0,212967000000.0,,,680989701.0,,167672000000.0,0.91,0.91,,57000000.0,,120088000000.0,4919000000.0,,2000000.0,846000000.0,186000000.0,136000000.0,2529000000.0,123828000000.0,1091000000.0,844000000.0,1319000000.0,1438000000.0,145000000.0,196423000000.0,,16310000000.0,660000000.0,623000000.0,43844000000.0,1188000000.0,715000000.0,,,119000000.0,16544000000.0,16544000000.0,687059147.0,684224277.0
2023Q4,FITB,-4487000000.0,214574000000.0,,,681124810.0,,168912000000.0,,,,,,117234000000.0,4919000000.0,,2000000.0,,,125000000.0,,125766000000.0,,,,,,195402000000.0,,16380000000.0,,,43146000000.0,,,,,,19172000000.0,,,
2024Q1,FITB,-4888000000.0,214506000000.0,,,683812363.0,,169587000000.0,0.7,0.7,,54000000.0,,116485000000.0,4918000000.0,,11341000000.0,658000000.0,138000000.0,115000000.0,2608000000.0,127738000000.0,1224000000.0,954000000.0,1290000000.0,1384000000.0,161000000.0,195488000000.0,,15444000000.0,520000000.0,480000000.0,41849000000.0,1342000000.0,710000000.0,,0.0,94000000.0,19018000000.0,,690633531.0,685749673.0
2024Q2,FITB,-4901000000.0,213262000000.0,,,680789253.0,,166768000000.0,0.82,0.81,,50000000.0,,116579000000.0,4918000000.0,,11187000000.0,764000000.0,163000000.0,107000000.0,2620000000.0,126151000000.0,,958000000.0,1290000000.0,1387000000.0,159000000.0,194036000000.0,,16293000000.0,601000000.0,561000000.0,40617000000.0,1221000000.0,695000000.0,,,97000000.0,19226000000.0,,691082792.0,686781201.0
2024Q3,FITB,-3446000000.0,214318000000.0,,,676268732.0,,168340000000.0,0.78,0.78,,50000000.0,,116668000000.0,4918000000.0,,11554000000.0,728000000.0,155000000.0,98000000.0,2669000000.0,126947000000.0,,968000000.0,1261000000.0,1421000000.0,163000000.0,193534000000.0,,17096000000.0,573000000.0,532000000.0,41393000000.0,1244000000.0,711000000.0,,,160000000.0,20784000000.0,,686108625.0,680895306.0
2024Q4,FITB,-4636000000.0,212927000000.0,,,669853830.0,,167252000000.0,,,,,,119791000000.0,4918000000.0,,10965000000.0,,,90000000.0,,126214000000.0,,,,,,193282000000.0,,14337000000.0,,,41038000000.0,,,,,,19645000000.0,,,
2025Q1,FITB,-3895000000.0,212669000000.0,,,667272067.0,,165505000000.0,0.71,0.71,,57000000.0,,122191000000.0,4918000000.0,,11072000000.0,653000000.0,138000000.0,82000000.0,2432000000.0,124650000000.0,,743000000.0,1263000000.0,1437000000.0,172000000.0,192266000000.0,,14539000000.0,515000000.0,478000000.0,40855000000.0,1304000000.0,694000000.0,,225000000.0,174000000.0,20403000000.0,,676040080.0,671052320.0
2025Q2,FITB,-3546000000.0,209991000000.0,,,667709709.0,,164207000000.0,0.88,0.88,,56000000.0,,122396000000.0,4918000000.0,,11547000000.0,808000000.0,180000000.0,75000000.0,2484000000.0,122033000000.0,,732000000.0,1322000000.0,1495000000.0,166000000.0,188867000000.0,,14492000000.0,628000000.0,591000000.0,42174000000.0,1264000000.0,750000000.0,,,173000000.0,21124000000.0,,674034313.0,670787224.0
2025Q3,FITB,-3276000000.0,212903000000.0,,,660973454.0,,166569000000.0,0.91,0.91,,58000000.0,,123130000000.0,4947000000.0,,11506000000.0,837000000.0,188000000.0,76000000.0,2519000000.0,124739000000.0,,750000000.0,1323000000.0,1520000000.0,181000000.0,191796000000.0,,13677000000.0,649000000.0,608000000.0,41830000000.0,1267000000.0,781000000.0,,,197000000.0,21107000000.0,,670877546.0,666426892.0
2025Q4,FITB,-3110000000.0,214376000000.0,,,661197787.0,,171819000000.0,,,,,,122651000000.0,4947000000.0,,11404000000.0,,,69000000.0,,129172000000.0,,,,,,192652000000.0,,13589000000.0,,,42647000000.0,,,,,,21724000000.0,,,
2026Q1,FITB,-3234000000.0,297039000000.0,,,905822556.0,,233621000000.0,0.16,0.15,,44000000.0,,176250000000.0,9966000000.0,,16341000000.0,207000000.0,42000000.0,1233000000.0,2972000000.0,168286000000.0,,813000000.0,1707000000.0,1934000000.0,233000000.0,262933000000.0,,18753000000.0,165000000.0,128000000.0,65335000000.0,2395000000.0,895000000.0,,0.0,227000000.0,34106000000.0,,830273720.0,825118886.0
2026Q2,FITB,-3286000000.0,300180000000.0,,,906572635.0,,234141000000.0,0.84,0.83,,39000000.0,,178528000000.0,9990000000.0,,18258000000.0,1036000000.0,235000000.0,1253000000.0,3372000000.0,170213000000.0,,891000000.0,2086000000.0,2215000000.0,256000000.0,265698000000.0,,17636000000.0,801000000.0,763000000.0,63928000000.0,2109000000.0,1059000000.0,,,129000000.0,34482000000.0,,915959377.0,911612858.0
