q,ticker,AccumulatedOtherComprehensiveIncomeLossNetOfTax,Assets,AvailableForSaleSecurities,CommonStockSharesOutstanding,EarningsPerShareBasic,EarningsPerShareDiluted,Goodwill,IncomeLossFromContinuingOperationsBeforeIncomeTaxesExtraordinaryItemsNoncontrollingInterest,IncomeTaxExpenseBenefit,IntangibleAssetsNetExcludingGoodwill,InterestExpense,Liabilities,LongTermDebt,LongTermDebtNoncurrent,NetIncomeLoss,PaymentsForRepurchaseOfCommonStock,ProvisionForDoubtfulAccounts,RevenueFromContractWithCustomerExcludingAssessedTax,Revenues,StockholdersEquity,StockholdersEquityIncludingPortionAttributableToNoncontrollingInterest,WeightedAverageNumberOfDilutedSharesOutstanding,WeightedAverageNumberOfSharesOutstandingBasic
2010Q4,ICE,,,,,,,,,,,,,,,,,,,,,2816000000.0,,
2011Q4,ICE,,,,,,,1903000000.0,,,854000000.0,,,,,,,,,,,3162000000.0,,
2012Q1,ICE,,,,,2040000.0,2020000.0,,,,,,,,,148000000.0,,,,,,,,
2012Q2,ICE,,,,,1970000.0,1950000.0,,,,,,,,,143000000.0,,,,,,,,
2012Q3,ICE,,,,,1800000.0,1790000.0,,,,,,,,,131000000.0,,,,,,,,
2012Q4,ICE,-52000000.0,37215000000.0,,73000000.0,1780000.0,1760000.0,1938000000.0,,,799000000.0,,33538000000.0,,969000000.0,130000000.0,,,,,3644000000.0,3677000000.0,,
2013Q1,ICE,,,,,1860000.0,1850000.0,,,54000000.0,,10000000.0,,,,135000000.0,20000000.0,,,352000000.0,,,73000000.0,73000000.0
2013Q2,ICE,,10.0,,1.0,2110000.0,2090000.0,,,59000000.0,,10000000.0,,,,154000000.0,,,,372000000.0,10.0,,73000000.0,73000000.0
2013Q3,ICE,,1329010.0,,1.0,1940000.0,1920000.0,,,48000000.0,,9000000.0,1329000.0,,,141000000.0,,,,338000000.0,10.0,,74000000.0,73000000.0
2013Q4,ICE,125000000.0,64422000000.0,398000000.0,115000000.0,-1850000.0,-1830000.0,9189000000.0,,,9323000000.0,,51719000000.0,3923000000.0,3923000000.0,-176000000.0,,,,,12349000000.0,12381000000.0,,
2014Q1,ICE,464000000.0,65921000000.0,,115000000.0,560000.0,560000.0,9482000000.0,,101000000.0,9410000000.0,27000000.0,52685000000.0,3584000000.0,3584000000.0,315000000.0,0.0,,,1063000000.0,12915000000.0,12946000000.0,116000000.0,115000000.0
2014Q2,ICE,582000000.0,68482000000.0,,116000000.0,510000.0,510000.0,8583000000.0,,93000000.0,7957000000.0,23000000.0,54942000000.0,2248000000.0,2248000000.0,283000000.0,,,,1016000000.0,13243000000.0,13279000000.0,116000000.0,115000000.0
2014Q3,ICE,244000000.0,67286000000.0,,116000000.0,550000.0,550000.0,8471000000.0,,90000000.0,7754000000.0,22000000.0,54499000000.0,2247000000.0,2247000000.0,306000000.0,,,,1010000000.0,12614000000.0,12643000000.0,114000000.0,114000000.0
2014Q4,ICE,-46000000.0,68254000000.0,1579000000.0,113000000.0,2560000.0,2540000.0,8535000000.0,,,7780000000.0,,55697000000.0,2247000000.0,2235000000.0,288000000.0,,,,,12360000000.0,12392000000.0,,
2015Q1,ICE,-153000000.0,66428000000.0,,0.0,2.81,112000000.0,8504000000.0,,118000000.0,7724000000.0,23000000.0,53934000000.0,2247000000.0,2247000000.0,369000000.0,196000000.0,,,1180000000.0,12297000000.0,12325000000.0,0.0,112000000.0
2015Q2,ICE,-68000000.0,63104000000.0,,111000000.0,2.55,112000000.0,8532000000.0,,109000000.0,7700000000.0,23000000.0,50621000000.0,2247000000.0,2247000000.0,357000000.0,,,,1096000000.0,12410000000.0,12443000000.0,0.0,111000000.0
2015Q3,ICE,-191000000.0,65856000000.0,,110000000.0,2.77,2.76,8507000000.0,,113000000.0,7653000000.0,21000000.0,53446000000.0,2247000000.0,2247000000.0,344000000.0,,,,1187000000.0,12340000000.0,12370000000.0,111000000.0,110000000.0
2015Q4,ICE,-188000000.0,77987000000.0,328000000.0,594000000.0,660000.0,660000.0,12079000000.0,,,10758000000.0,,63112000000.0,4717000000.0,4717000000.0,370000000.0,,,,,14808000000.0,14853000000.0,,
2016Q1,ICE,-208000000.0,79160000000.0,,119000000.0,0.62,0.62,12104000000.0,,163000000.0,10630000000.0,46000000.0,64046000000.0,4718000000.0,4718000000.0,369000000.0,0.0,,,1554000000.0,15048000000.0,15080000000.0,598000000.0,595000000.0
2016Q2,ICE,-258000000.0,75224000000.0,,119000000.0,0.6,0.6,12046000000.0,,153000000.0,10493000000.0,44000000.0,59861000000.0,4719000000.0,4719000000.0,357000000.0,,,,1504000000.0,15292000000.0,15330000000.0,599000000.0,595000000.0
2016Q3,ICE,-316000000.0,76296000000.0,,119000000.0,0.58,0.57,12009000000.0,,93000000.0,10359000000.0,44000000.0,60718000000.0,4720000000.0,4720000000.0,344000000.0,,,,1416000000.0,15512000000.0,15544000000.0,600000000.0,596000000.0
2016Q4,ICE,-344000000.0,82003000000.0,455000000.0,595000000.0,0.59,0.59,12291000000.0,,,10420000000.0,,66213000000.0,3871000000.0,3871000000.0,352000000.0,,,,,15717000000.0,15775000000.0,,
2017Q1,ICE,-427000000.0,79463000000.0,,593000000.0,0.85,0.84,12302000000.0,,214000000.0,10356000000.0,45000000.0,63639000000.0,3872000000.0,3872000000.0,503000000.0,229000000.0,,,1471000000.0,15755000000.0,15787000000.0,599000000.0,594000000.0
2017Q2,ICE,-367000000.0,80324000000.0,,589000000.0,0.71,0.71,12001000000.0,,140000000.0,10103000000.0,45000000.0,64391000000.0,3874000000.0,3874000000.0,419000000.0,,,1496000000.0,1496000000.0,15898000000.0,15933000000.0,595000000.0,591000000.0
2017Q3,ICE,-322000000.0,79118000000.0,,586000000.0,0.63,0.63,12016000000.0,,186000000.0,10056000000.0,47000000.0,63099000000.0,4865000000.0,4865000000.0,371000000.0,,,1435000000.0,1432000000.0,15992000000.0,16019000000.0,592000000.0,588000000.0
2017Q4,ICE,-223000000.0,78264000000.0,,583000000.0,2.11,2.09,12216000000.0,,,10269000000.0,,61279000000.0,6100000000.0,4267000000.0,1233000000.0,,,,,16957000000.0,16985000000.0,,
2018Q1,ICE,-190000000.0,82062000000.0,,581000000.0,0.8,0.79,12514000000.0,,143000000.0,10326000000.0,52000000.0,65056000000.0,4269000000.0,4269000000.0,464000000.0,300000000.0,,1580000000.0,1580000000.0,16978000000.0,17006000000.0,586000000.0,582000000.0
2018Q2,ICE,-265000000.0,82847000000.0,,574000000.0,0.79,0.78,12484000000.0,,149000000.0,10223000000.0,55000000.0,66007000000.0,6916000000.0,4271000000.0,455000000.0,,,1556000000.0,1556000000.0,16805000000.0,16840000000.0,581000000.0,578000000.0
2018Q3,ICE,-274000000.0,87242000000.0,,0.0,0.8,0.79,12934000000.0,,89000000.0,10445000000.0,66000000.0,70388000000.0,7686000000.0,6488000000.0,458000000.0,,,1463000000.0,,16832000000.0,16854000000.0,576000000.0,572000000.0
2018Q4,ICE,-315000000.0,92791000000.0,,569000000.0,1.07,1.07,13085000000.0,,,10462000000.0,,75489000000.0,7441000000.0,6490000000.0,611000000.0,,,,,17201000000.0,17231000000.0,,
2019Q1,ICE,-290000000.0,93857000000.0,,565000000.0,0.85,0.85,13098000000.0,,134000000.0,10406000000.0,71000000.0,76656000000.0,7497000000.0,6492000000.0,484000000.0,440000000.0,,1583000000.0,,17106000000.0,17130000000.0,570000000.0,568000000.0
2019Q2,ICE,-309000000.0,90930000000.0,,561000000.0,0.84,0.84,13308000000.0,,150000000.0,10446000000.0,71000000.0,73712000000.0,7797000000.0,6494000000.0,472000000.0,,,1634000000.0,,17115000000.0,17146000000.0,566000000.0,563000000.0
2019Q3,ICE,-348000000.0,95339000000.0,,558000000.0,0.95,0.94,13310000000.0,,103000000.0,10330000000.0,72000000.0,78082000000.0,7825000000.0,6496000000.0,529000000.0,,,1663000000.0,,17161000000.0,17185000000.0,563000000.0,559000000.0
2019Q4,ICE,-243000000.0,94493000000.0,,554000000.0,0.81,0.8,13342000000.0,,,10258000000.0,,77129000000.0,7819000000.0,5250000000.0,448000000.0,,,,,17255000000.0,17286000000.0,,
2020Q1,ICE,-333000000.0,138901000000.0,,548000000.0,1.18,1.17,13527000000.0,,178000000.0,10212000000.0,72000000.0,121839000000.0,,5252000000.0,650000000.0,699000000.0,3000000.0,2115000000.0,,16939000000.0,16965000000.0,555000000.0,552000000.0
2020Q2,ICE,-321000000.0,124060000000.0,,544000000.0,0.96,0.95,13534000000.0,,145000000.0,10149000000.0,84000000.0,106971000000.0,,7703000000.0,523000000.0,,,1966000000.0,,16953000000.0,16994000000.0,549000000.0,546000000.0
2020Q3,ICE,-273000000.0,128080000000.0,,561000000.0,0.71,0.71,21243000000.0,,189000000.0,14507000000.0,89000000.0,108934000000.0,,14869000000.0,390000000.0,,,1930000000.0,,19021000000.0,19052000000.0,551000000.0,548000000.0
2020Q4,ICE,-192000000.0,126200000000.0,,561000000.0,0.94,0.93,21291000000.0,,,14408000000.0,,106573000000.0,16537000000.0,14126000000.0,526000000.0,,,,,19498000000.0,19534000000.0,,
2021Q1,ICE,-184000000.0,128045000000.0,,563000000.0,1.15,1.14,21304000000.0,833000000.0,183000000.0,14242000000.0,107000000.0,107960000000.0,,14131000000.0,646000000.0,0.0,3000000.0,2429000000.0,,19963000000.0,19994000000.0,565000000.0,562000000.0
2021Q2,ICE,-174000000.0,134190000000.0,,563000000.0,2.23,2.22,21315000000.0,1932000000.0,679000000.0,14098000000.0,106000000.0,112985000000.0,,14135000000.0,1252000000.0,,,2134000000.0,,21080000000.0,21116000000.0,565000000.0,563000000.0
2021Q3,ICE,-206000000.0,150662000000.0,,562000000.0,1.12,1.12,21309000000.0,824000000.0,187000000.0,13928000000.0,108000000.0,128983000000.0,,12394000000.0,633000000.0,,,2277000000.0,,21559000000.0,21592000000.0,566000000.0,563000000.0
2021Q4,ICE,-196000000.0,193502000000.0,,561000000.0,,,21123000000.0,,,13736000000.0,,170754000000.0,13918000000.0,12397000000.0,,,,,,22709000000.0,22748000000.0,,
2022Q1,ICE,-221000000.0,208488000000.0,,559000000.0,1.17,1.16,21141000000.0,832000000.0,165000000.0,13576000000.0,103000000.0,185785000000.0,,12401000000.0,657000000.0,475000000.0,,2459000000.0,,22667000000.0,22703000000.0,564000000.0,561000000.0
2022Q2,ICE,-305000000.0,215207000000.0,,558000000.0,0.99,0.99,21106000000.0,739000000.0,173000000.0,13397000000.0,161000000.0,192346000000.0,,18109000000.0,555000000.0,,,2413000000.0,,22814000000.0,22861000000.0,560000000.0,558000000.0
2022Q3,ICE,-403000000.0,211292000000.0,,559000000.0,-0.34,-0.34,21075000000.0,-327000000.0,-152000000.0,13210000000.0,176000000.0,188872000000.0,,18113000000.0,-191000000.0,,,2387000000.0,,22379000000.0,22420000000.0,560000000.0,558000000.0
2022Q4,ICE,-331000000.0,194338000000.0,,559000000.0,,,21111000000.0,,,13090000000.0,,171577000000.0,18122000000.0,18118000000.0,,,,,,22706000000.0,22761000000.0,,
2023Q1,ICE,-315000000.0,151550000000.0,,559000000.0,1.17,1.17,21120000000.0,849000000.0,175000000.0,12946000000.0,176000000.0,128339000000.0,,18123000000.0,655000000.0,0.0,,2472000000.0,,23167000000.0,23211000000.0,561000000.0,559000000.0
2023Q2,ICE,-284000000.0,136283000000.0,,560000000.0,1.43,1.42,21134000000.0,847000000.0,32000000.0,12814000000.0,175000000.0,112394000000.0,,18128000000.0,799000000.0,,,2336000000.0,,23820000000.0,23889000000.0,561000000.0,560000000.0
2023Q3,ICE,-331000000.0,137022000000.0,,572000000.0,0.96,0.96,30463000000.0,682000000.0,123000000.0,17595000000.0,206000000.0,111510000000.0,,21042000000.0,541000000.0,,,2429000000.0,,25459000000.0,25512000000.0,565000000.0,563000000.0
2023Q4,ICE,-294000000.0,136084000000.0,,573000000.0,,,30553000000.0,,,17317000000.0,,110298000000.0,,20659000000.0,,,,,,25717000000.0,25786000000.0,,
2024Q1,ICE,-305000000.0,131397000000.0,,573000000.0,1.34,1.33,30549000000.0,964000000.0,181000000.0,17056000000.0,241000000.0,105108000000.0,,20068000000.0,767000000.0,0.0,,2801000000.0,,26239000000.0,26289000000.0,575000000.0,573000000.0
2024Q2,ICE,-309000000.0,137682000000.0,,573000000.0,1.1,1.1,30553000000.0,861000000.0,222000000.0,16805000000.0,,110938000000.0,,18573000000.0,632000000.0,,,2897000000.0,,26687000000.0,26744000000.0,575000000.0,573000000.0
2024Q3,ICE,-251000000.0,135201000000.0,,574000000.0,1.15,1.14,30598000000.0,898000000.0,227000000.0,16573000000.0,,107928000000.0,,18581000000.0,657000000.0,,,3033000000.0,,27233000000.0,27273000000.0,577000000.0,574000000.0
2024Q4,ICE,-338000000.0,139428000000.0,,574000000.0,,,30595000000.0,,,16306000000.0,,111708000000.0,,17341000000.0,,,,,,27647000000.0,27698000000.0,,
2025Q1,ICE,-303000000.0,142870000000.0,,574000000.0,1.39,1.38,30617000000.0,1067000000.0,255000000.0,16067000000.0,,114827000000.0,,17349000000.0,797000000.0,241000000.0,,3229000000.0,,27974000000.0,28021000000.0,577000000.0,574000000.0
2025Q2,ICE,-218000000.0,144175000000.0,,572000000.0,1.49,1.48,30652000000.0,1132000000.0,267000000.0,15845000000.0,,115648000000.0,,17358000000.0,851000000.0,,,3262000000.0,,28444000000.0,28505000000.0,575000000.0,573000000.0
2025Q3,ICE,-247000000.0,140901000000.0,,570000000.0,1.43,1.42,30643000000.0,1081000000.0,250000000.0,15589000000.0,,112192000000.0,,17366000000.0,816000000.0,,,3007000000.0,,28644000000.0,28687000000.0,574000000.0,572000000.0
2025Q4,ICE,-224000000.0,136887000000.0,,567000000.0,,,30646000000.0,,,15353000000.0,,107896000000.0,,18609000000.0,,,,,,28915000000.0,28969000000.0,,
2026Q1,ICE,-251000000.0,179177000000.0,,566000000.0,2.49,2.48,30634000000.0,1897000000.0,465000000.0,15108000000.0,,149615000000.0,,18619000000.0,1413000000.0,551000000.0,,3666000000.0,,29478000000.0,29530000000.0,570000000.0,567000000.0
2026Q2,ICE,-257000000.0,174247000000.0,,561000000.0,1.7,1.69,30632000000.0,1287000000.0,312000000.0,14870000000.0,,144595000000.0,,18628000000.0,958000000.0,,,3611000000.0,,29551000000.0,29620000000.0,566000000.0,564000000.0
