q,ticker,AccumulatedOtherComprehensiveIncomeLossNetOfTax,Assets,AvailableForSaleSecurities,AvailableForSaleSecuritiesDebtSecurities,CommonStockSharesOutstanding,EarningsPerShareBasic,EarningsPerShareDiluted,Goodwill,IncomeLossFromContinuingOperationsBeforeIncomeTaxesExtraordinaryItemsNoncontrollingInterest,IncomeTaxExpenseBenefit,IntangibleAssetsNetExcludingGoodwill,InterestExpense,Liabilities,LongTermDebt,LongTermDebtNoncurrent,NetIncomeLoss,NetIncomeLossAvailableToCommonStockholdersBasic,PaymentsForRepurchaseOfCommonStock,RevenueFromContractWithCustomerExcludingAssessedTax,Revenues,StockholdersEquity,StockholdersEquityIncludingPortionAttributableToNoncontrollingInterest,WeightedAverageNumberOfDilutedSharesOutstanding,WeightedAverageNumberOfSharesOutstandingBasic
2006Q4,IVZ,,,,,,,,,,,,,,,,,,,,,,7668600000.0,,
2007Q4,IVZ,,,,,,,,,,,,,,,,,,,,,,7711800000.0,,
2008Q2,IVZ,,,,,,0.42,0.41,,,77200000.0,,19300000.0,,,,162800000.0,,,,935600000.0,,7653300000.0,,
2008Q3,IVZ,,,,,,0.34,0.33,,,49200000.0,,18300000.0,,,,131800000.0,,,,827200000.0,,7316300000.0,,
2008Q4,IVZ,-95800000.0,9756900000.0,,,385900000.0,,,5966800000.0,,,142800000.0,,3160700000.0,,862000000.0,,,,,,5689500000.0,6596200000.0,,
2009Q1,IVZ,,,,,,0.08,0.08,,,20300000.0,,15900000.0,,,,30700000.0,,,,548600000.0,,6363000000.0,,
2009Q2,IVZ,223800000.0,10577600000.0,,,426800000.0,0.18,0.18,6272400000.0,,36000000.0,145000000.0,16500000.0,3374800000.0,,745700000.0,75700000.0,,,,625100000.0,6495400000.0,7202800000.0,,
2009Q3,IVZ,336400000.0,10949600000.0,,,428800000.0,0.24,0.24,6378700000.0,,43700000.0,142300000.0,16900000.0,3525400000.0,,745700000.0,105200000.0,,,,705800000.0,6726600000.0,7424200000.0,,
2009Q4,IVZ,393600000.0,10909600000.0,92700000.0,,431400000.0,,,6467600000.0,,,139100000.0,,3288800000.0,,745700000.0,,,,,,6912900000.0,7620800000.0,,
2010Q1,IVZ,340500000.0,16791500000.0,,,436300000.0,0.22,0.21,6425800000.0,,50100000.0,135900000.0,12400000.0,8790600000.0,,745700000.0,95000000.0,,,,719100000.0,7303000000.0,8000900000.0,,
2010Q2,IVZ,213600000.0,18903900000.0,,,448900000.0,0.09,0.09,6688900000.0,,36700000.0,1322800000.0,14100000.0,10083800000.0,1395700000.0,1395700000.0,40800000.0,,,,787000000.0,8108900000.0,8820100000.0,,
2010Q3,IVZ,417200000.0,19941700000.0,127000000.0,,442800000.0,0.32,0.32,6876100000.0,,54500000.0,1344200000.0,16100000.0,11095500000.0,1394200000.0,1394200000.0,154700000.0,,,,953100000.0,8150100000.0,8846200000.0,,
2010Q4,IVZ,495500000.0,20444100000.0,100000000.0,,460100000.0,,,6980200000.0,,,1337200000.0,,11083200000.0,1315700000.0,1315700000.0,,,,,,8264600000.0,9360900000.0,,
2011Q1,IVZ,615700000.0,21138600000.0,97900000.0,,462100000.0,0.38,0.38,7072800000.0,,75600000.0,1329800000.0,16200000.0,11725400000.0,1332700000.0,1332700000.0,177500000.0,,53100000.0,,1027300000.0,8333600000.0,9413200000.0,,
2011Q2,IVZ,644500000.0,20915600000.0,95700000.0,400000.0,450900000.0,0.39,0.39,7090600000.0,204800000.0,75400000.0,1318600000.0,16000000.0,11717800000.0,1583700000.0,1368600000.0,183000000.0,,,,1070000000.0,8188300000.0,9197800000.0,,
2011Q3,IVZ,372400000.0,19737800000.0,72400000.0,500000.0,451000000.0,0.36,0.36,6857500000.0,142500000.0,59100000.0,1303400000.0,15300000.0,10770300000.0,1389700000.0,1174600000.0,166900000.0,,,,997800000.0,7949100000.0,8967500000.0,,
2011Q4,IVZ,373300000.0,19347000000.0,63500000.0,,446000000.0,,,6907900000.0,,,1322800000.0,,10209400000.0,1284700000.0,1069600000.0,,,,,,8119100000.0,9137600000.0,,
2012Q1,IVZ,481100000.0,19329400000.0,79400000.0,9100000.0,448200000.0,0.43,0.43,6997100000.0,148400000.0,73600000.0,1313000000.0,13600000.0,10195400000.0,1325700000.0,777100000.0,193900000.0,,75000000.0,,1033700000.0,8192200000.0,9134000000.0,,
2012Q2,IVZ,389900000.0,18612900000.0,,8800000.0,445200000.0,0.34,0.34,6916100000.0,286800000.0,61200000.0,1302300000.0,13400000.0,9494100000.0,1341600000.0,1008100000.0,153900000.0,,,,981800000.0,8165800000.0,9118800000.0,455300000.0,453800000.0
2012Q3,IVZ,538200000.0,17861000000.0,,8800000.0,444000000.0,0.38,0.38,7039900000.0,231100000.0,72300000.0,1295800000.0,12600000.0,8663600000.0,1285100000.0,951600000.0,170600000.0,,,,1013900000.0,8315100000.0,9197400000.0,452800000.0,451300000.0
2012Q4,IVZ,530500000.0,17492400000.0,122100000.0,8700000.0,441400000.0,,,7048200000.0,,,1287700000.0,,8443400000.0,1186000000.0,1186000000.0,,,,,,8316800000.0,9049000000.0,,
2013Q1,IVZ,334500000.0,18534500000.0,,8700000.0,444600000.0,0.5,0.49,6891700000.0,281800000.0,86300000.0,1278500000.0,9700000.0,9695300000.0,1514500000.0,1514500000.0,222200000.0,,45000000.0,,1112200000.0,8196200000.0,8839200000.0,449000000.0,447800000.0
2013Q2,IVZ,243900000.0,18138600000.0,,8700000.0,442800000.0,0.45,0.45,6739800000.0,291800000.0,83500000.0,1270400000.0,10000000.0,9384600000.0,1445600000.0,1445600000.0,202600000.0,,,,1135500000.0,8164500000.0,8754000000.0,450100000.0,449100000.0
2013Q3,IVZ,434800000.0,18763500000.0,,8500000.0,443200000.0,0.51,0.51,6898600000.0,343000000.0,92900000.0,1268600000.0,9700000.0,9644100000.0,1387600000.0,,228100000.0,,,,1171800000.0,8530800000.0,9119400000.0,448800000.0,447900000.0
2013Q4,IVZ,427900000.0,19270500000.0,244100000.0,,433100000.0,,,6867300000.0,,,1263700000.0,,10293200000.0,1588600000.0,,,,,,,8392600000.0,8977300000.0,,
2014Q1,IVZ,379900000.0,20346300000.0,240000000.0,,432700000.0,0.43,0.43,6810500000.0,297800000.0,89000000.0,1260600000.0,18700000.0,11338900000.0,1588700000.0,,187800000.0,,119600000.0,,1269500000.0,8279700000.0,8905500000.0,437400000.0,436800000.0
2014Q2,IVZ,509900000.0,19899500000.0,293700000.0,,431700000.0,0.63,0.63,6920100000.0,423600000.0,107000000.0,1258300000.0,18200000.0,10421600000.0,1588900000.0,,274500000.0,,,,1289900000.0,8549700000.0,9322900000.0,436400000.0,435700000.0
2014Q3,IVZ,252900000.0,20081000000.0,261000000.0,,430800000.0,0.59,0.59,6720100000.0,347100000.0,94900000.0,1252200000.0,18100000.0,10784400000.0,1589100000.0,,256000000.0,,,,1311000000.0,8424100000.0,9139100000.0,434800000.0,434300000.0
2014Q4,IVZ,48800000.0,20450000000.0,255900000.0,,429900000.0,,,6579400000.0,,,1246700000.0,,11164700000.0,1576800000.0,,,,,,,8326000000.0,9119800000.0,,
2015Q1,IVZ,-253600000.0,21961200000.0,277500000.0,,430700000.0,0.6,0.6,6333300000.0,385300000.0,101300000.0,1362800000.0,18700000.0,12920800000.0,1600600000.0,,259600000.0,,76600000.0,,1291600000.0,8077000000.0,8872800000.0,432500000.0,432200000.0
2015Q2,IVZ,-94800000.0,22898300000.0,270200000.0,,428700000.0,0.6,0.6,6449100000.0,353400000.0,109400000.0,1360500000.0,19600000.0,13644100000.0,1597500000.0,,257300000.0,,,,1318100000.0,8328300000.0,9085100000.0,432200000.0,431900000.0
2015Q3,IVZ,-328300000.0,24962200000.0,233900000.0,,423900000.0,0.58,0.58,6269600000.0,341700000.0,100400000.0,1357300000.0,20400000.0,15930000000.0,1689300000.0,,249300000.0,,,,1273500000.0,8092700000.0,8855800000.0,429100000.0,428800000.0
2015Q4,IVZ,-446000000.0,25073200000.0,233200000.0,,417500000.0,,,6175700000.0,,,1354000000.0,,16210200000.0,2072800000.0,,,,,,,7885300000.0,8695700000.0,,
2016Q1,IVZ,-348700000.0,22658200000.0,191000000.0,,417300000.0,0.38,0.38,6292400000.0,229700000.0,71900000.0,1361200000.0,23900000.0,14288400000.0,2073200000.0,,161000000.0,,161600000.0,,1148700000.0,7904000000.0,7962500000.0,418900000.0,418700000.0
2016Q2,IVZ,-513900000.0,23502800000.0,188500000.0,,409900000.0,0.54,0.54,6239100000.0,320200000.0,83700000.0,1480300000.0,22100000.0,15460100000.0,2072700000.0,,225500000.0,,,,1189400000.0,7655900000.0,7730100000.0,419100000.0,418900000.0
2016Q3,IVZ,-573700000.0,24137700000.0,161200000.0,,408500000.0,0.58,0.58,6242600000.0,345700000.0,89800000.0,1407900000.0,23900000.0,15966400000.0,2073200000.0,,241200000.0,,,,1201600000.0,7736700000.0,7824300000.0,412900000.0,412600000.0
2016Q4,IVZ,-809300000.0,25734300000.0,154000000.0,,403800000.0,,,6129200000.0,,,1399400000.0,,17838800000.0,2102400000.0,,,,,,,7503800000.0,7611800000.0,,
2017Q1,IVZ,-743700000.0,26598900000.0,121500000.0,,406800000.0,0.52,0.52,6169100000.0,289900000.0,75700000.0,1399600000.0,24000000.0,18558000000.0,2093600000.0,,212000000.0,,52500000.0,,1192600000.0,7663300000.0,7833200000.0,408000000.0,407700000.0
2017Q2,IVZ,-594200000.0,28248500000.0,108300000.0,,406900000.0,0.58,0.58,6269500000.0,342200000.0,-92600000.0,1397000000.0,23600000.0,19746200000.0,2074800000.0,,239600000.0,,,1254400000.0,1254400000.0,7972500000.0,8174000000.0,410300000.0,409900000.0
2017Q3,IVZ,-448500000.0,30372500000.0,90900000.0,,407100000.0,0.65,0.65,6573400000.0,397700000.0,-123100000.0,1561200000.0,23600000.0,21514100000.0,2075300000.0,,267500000.0,,,1337700000.0,1337700000.0,8314000000.0,8548800000.0,410500000.0,410000000.0
2017Q4,IVZ,-391200000.0,31668800000.0,85200000.0,85200000.0,407100000.0,,,6590700000.0,,,1558700000.0,,22470000000.0,2075800000.0,,,,,,,8696100000.0,8955600000.0,,
2018Q1,IVZ,-331400000.0,31619100000.0,11100000.0,,410800000.0,0.62,0.62,6604500000.0,333600000.0,68400000.0,1559100000.0,23200000.0,22148100000.0,2076400000.0,,253900000.0,,39300000.0,1355800000.0,1355800000.0,8895300000.0,9190000000.0,411800000.0,411300000.0
2018Q2,IVZ,-563700000.0,32459100000.0,,1000000.0,410800000.0,0.59,0.59,7292000000.0,314200000.0,72300000.0,2174000000.0,29500000.0,23025900000.0,,,245100000.0,,,1360600000.0,1360600000.0,8817300000.0,9136200000.0,414100000.0,413900000.0
2018Q3,IVZ,-585800000.0,32503800000.0,,,411300000.0,0.65,0.65,7311500000.0,342300000.0,61100000.0,2156500000.0,29600000.0,22761800000.0,,,269600000.0,,,1341800000.0,1341800000.0,8987100000.0,9318800000.0,414400000.0,414300000.0
2018Q4,IVZ,-735000000.0,30978400000.0,,,397100000.0,,,7157100000.0,,,2176100000.0,,21646000000.0,2408800000.0,,,,,,,8578800000.0,8936200000.0,,
2019Q1,IVZ,-673600000.0,32206600000.0,,,400800000.0,0.44,0.44,7197600000.0,256800000.0,66200000.0,2181500000.0,33100000.0,22746100000.0,2515700000.0,,177700000.0,,78600000.0,1214600000.0,,8669300000.0,9009400000.0,401900000.0,401600000.0
2019Q2,IVZ,-671400000.0,38501400000.0,,,469800000.0,0.09,0.09,8389300000.0,76500000.0,14500000.0,7377300000.0,33000000.0,23805300000.0,2120500000.0,,40100000.0,,,1439400000.0,,13934700000.0,14299700000.0,433800000.0,431600000.0
2019Q3,IVZ,-804300000.0,37891400000.0,,,453900000.0,0.36,0.36,8330500000.0,316600000.0,74000000.0,7339500000.0,35000000.0,23531800000.0,2296600000.0,,167100000.0,,,1720600000.0,,13573200000.0,13961600000.0,466900000.0,462800000.0
2019Q4,IVZ,-587300000.0,39420300000.0,,,453300000.0,,,8509400000.0,,,7358300000.0,,24718500000.0,2080300000.0,,,,,,,13862500000.0,14318300000.0,,
2020Q1,IVZ,-905500000.0,37010700000.0,,,458900000.0,0.18,0.18,8544100000.0,177400000.0,57400000.0,7325100000.0,36300000.0,22891800000.0,2588800000.0,,81500000.0,,31500000.0,1598900000.0,,13499300000.0,13942400000.0,458900000.0,455700000.0
2020Q2,IVZ,-816000000.0,35579100000.0,,,459200000.0,0.09,0.09,8618300000.0,105400000.0,43400000.0,7313100000.0,34800000.0,21408600000.0,2407000000.0,,40500000.0,,,1419000000.0,,13602000000.0,13967700000.0,463100000.0,460100000.0
2020Q3,IVZ,-647900000.0,36037500000.0,,,459300000.0,0.42,0.41,8735400000.0,386600000.0,91900000.0,7309300000.0,33800000.0,21458700000.0,2172000000.0,,191700000.0,,,1497600000.0,,13934000000.0,14350600000.0,463500000.0,461100000.0
2020Q4,IVZ,-404500000.0,36504100000.0,,,459100000.0,,,8916300000.0,,,7305600000.0,,21483400000.0,2082600000.0,,,,,,,14361800000.0,14808900000.0,,
2021Q1,IVZ,-407700000.0,34881500000.0,,,461500000.0,0.58,0.58,8932200000.0,478100000.0,106500000.0,7282700000.0,23800000.0,19513700000.0,2083200000.0,,267800000.0,,44700000.0,1659700000.0,,14547800000.0,15029500000.0,464700000.0,461600000.0
2021Q2,IVZ,-369800000.0,33248400000.0,,,461400000.0,0.8,0.79,8961700000.0,649300000.0,154200000.0,7267300000.0,24600000.0,17457900000.0,2083800000.0,,368300000.0,,,1721400000.0,,14908000000.0,15426600000.0,466200000.0,462800000.0
2021Q3,IVZ,-477300000.0,32813900000.0,,,461200000.0,0.71,0.71,8878200000.0,685300000.0,139700000.0,7246600000.0,23100000.0,16539300000.0,2084500000.0,,330100000.0,,,1750000000.0,,15080100000.0,15732000000.0,466000000.0,463300000.0
2021Q4,IVZ,-441500000.0,32685600000.0,,,461200000.0,,,8882500000.0,,,7228000000.0,,16006800000.0,2085100000.0,,,,,,,15495800000.0,16168000000.0,,
2022Q1,IVZ,-508500000.0,31853800000.0,,,455000000.0,0.43,0.43,8847400000.0,320300000.0,82800000.0,7206200000.0,23200000.0,15066500000.0,2085700000.0,,197700000.0,,232500000.0,1629400000.0,,15345000000.0,15986200000.0,462400000.0,459500000.0
2022Q2,IVZ,-801100000.0,30186700000.0,,,454900000.0,0.27,0.26,8646200000.0,281900000.0,63000000.0,7174400000.0,25800000.0,13499100000.0,1671200000.0,,121000000.0,,,1530400000.0,,15113700000.0,15794800000.0,459500000.0,456500000.0
2022Q3,IVZ,-1131000000.0,29271900000.0,,,454800000.0,0.39,0.39,8406300000.0,255100000.0,86800000.0,7145500000.0,18600000.0,12768400000.0,1487100000.0,,177400000.0,,,1445700000.0,,14903700000.0,15513100000.0,459500000.0,457000000.0
2022Q4,IVZ,-942400000.0,29756800000.0,,,454800000.0,,,8557700000.0,,,7141200000.0,,12914600000.0,1487600000.0,,,,,,,15213600000.0,15843500000.0,,
2023Q1,IVZ,-882900000.0,29733300000.0,,,458200000.0,0.32,0.32,8603100000.0,235700000.0,69900000.0,7130800000.0,18000000.0,12923500000.0,1488100000.0,,145000000.0,,27700000.0,1418200000.0,,15343000000.0,15930200000.0,458900000.0,458100000.0
2023Q2,IVZ,-818300000.0,29457800000.0,,,448600000.0,0.29,0.29,8675000000.0,229900000.0,65500000.0,7118000000.0,18400000.0,12749200000.0,1488600000.0,,132200000.0,,,1442800000.0,,15328900000.0,15866700000.0,458800000.0,457900000.0
2023Q3,IVZ,-960600000.0,29431500000.0,,,449600000.0,0.29,0.29,8568800000.0,230000000.0,61300000.0,7100100000.0,17300000.0,12839800000.0,1489100000.0,,131400000.0,,,1442000000.0,,15253900000.0,15837600000.0,453100000.0,451700000.0
2023Q4,IVZ,-801800000.0,28933800000.0,,,449500000.0,,,8691500000.0,,,5848100000.0,,13017800000.0,1489500000.0,,,,,,,14597600000.0,15170300000.0,,
2024Q1,IVZ,-897100000.0,28077200000.0,,,449800000.0,0.31,0.31,8621000000.0,282900000.0,68700000.0,5832400000.0,15900000.0,12224400000.0,1257500000.0,,141500000.0,,20400000.0,1475300000.0,,14554800000.0,15185000000.0,453500000.0,453200000.0
2024Q2,IVZ,-921900000.0,27167600000.0,,,450000000.0,0.29,0.29,8605900000.0,259900000.0,64000000.0,5818800000.0,16300000.0,11402200000.0,890100000.0,,132200000.0,132200000.0,,1483300000.0,,14585000000.0,15196500000.0,456100000.0,455500000.0
2024Q3,IVZ,-736600000.0,27502600000.0,,,449400000.0,0.12,0.12,8730400000.0,145100000.0,41500000.0,5816700000.0,,11596000000.0,890300000.0,,55000000.0,55000000.0,,1515400000.0,,14754300000.0,15326100000.0,455600000.0,454900000.0
2024Q4,IVZ,-1036100000.0,27008900000.0,,,448000000.0,,,8318100000.0,,,5749300000.0,,11340100000.0,890600000.0,,,,,,,14559900000.0,15124100000.0,,
2025Q1,IVZ,-947900000.0,28143600000.0,,,447600000.0,0.38,0.38,8373000000.0,344900000.0,77600000.0,5746600000.0,,12356200000.0,964800000.0,,171100000.0,171100000.0,43100000.0,1529200000.0,,14698700000.0,15241900000.0,454000000.0,452900000.0
2025Q2,IVZ,-664200000.0,28496900000.0,,,446000000.0,-0.03,-0.03,8583300000.0,274400000.0,77000000.0,5751300000.0,,13538000000.0,1883900000.0,,,-12500000.0,,1515500000.0,,13873100000.0,14427300000.0,455200000.0,453800000.0
2025Q3,IVZ,-735700000.0,28438900000.0,,,445100000.0,0.67,0.66,8459800000.0,346700000.0,-9700000.0,5731200000.0,,13646600000.0,1624600000.0,,,301300000.0,,1640400000.0,,14005600000.0,14641800000.0,454600000.0,452400000.0
2025Q4,IVZ,-722900000.0,27094000000.0,,,444000000.0,,,8477100000.0,,,3927300000.0,,14089100000.0,1825100000.0,,,,,,,12231000000.0,12929500000.0,,
2026Q1,IVZ,-799000000.0,26834600000.0,,,443300000.0,0.51,0.51,8415900000.0,300200000.0,81100000.0,3915700000.0,,13572300000.0,1966700000.0,,,230400000.0,69200000.0,1744500000.0,,12255000000.0,12937100000.0,453700000.0,451100000.0
2026Q2,IVZ,-811500000.0,27473100000.0,,,441500000.0,0.77,0.76,8399700000.0,455400000.0,116500000.0,3906300000.0,,14002900000.0,1624000000.0,,,345300000.0,,1825600000.0,,12471900000.0,13106900000.0,454400000.0,451300000.0
