q,ticker,AccumulatedOtherComprehensiveIncomeLossNetOfTax,Assets,BrokerageCommissionsRevenue,CommonStockSharesOutstanding,EarningsPerShareBasic,EarningsPerShareDiluted,Goodwill,HeldToMaturitySecurities,IncomeLossFromContinuingOperationsBeforeIncomeTaxesExtraordinaryItemsNoncontrollingInterest,IncomeTaxExpenseBenefit,IntangibleAssetsNetExcludingGoodwill,InterestExpenseBorrowings,InterestIncomeExpenseNet,Liabilities,LongTermDebt,LongTermDebtNoncurrent,NetIncomeLoss,NetIncomeLossAvailableToCommonStockholdersBasic,NotesReceivableNet,PaymentsForRepurchaseOfCommonStock,ProvisionForDoubtfulAccounts,Revenues,StockholdersEquity,WeightedAverageNumberOfDilutedSharesOutstanding,WeightedAverageNumberOfSharesOutstandingBasic
2008Q4,LPLA,,,,,,,,,,,,,,,,,,,,,,,790312000.0,,
2009Q4,LPLA,,,,,,,,,,,,,,,,,,,,,,,850875000.0,,
2010Q1,LPLA,,,,,0.29,0.25,,,,,,,,,,,25554000.0,,,,,743406000.0,,,
2010Q2,LPLA,,,420169000.0,,0.09,0.08,,,,628000.0,,27683000.0,4906000.0,,,,8000000.0,,,,,790161000.0,897863000.0,,
2010Q3,LPLA,,,385273000.0,,0.3,0.26,,,46012000.0,19868000.0,,19511000.0,5105000.0,,,,26144000.0,,,,,759964000.0,927335000.0,,
2010Q4,LPLA,-4496000.0,3646167000.0,,108714757.0,-1.2,-1.2,1293366000.0,9563000.0,,,560077000.0,,,2472412000.0,1386639000.0,1372668000.0,-116560000.0,,,,,819955000.0,1173755000.0,,
2011Q1,LPLA,,,451877000.0,,0.44,0.43,,,81558000.0,32559000.0,,,5142000.0,,,,48999000.0,48369000.0,,0.0,321000.0,873869000.0,1265916000.0,113196000.0,108807000.0
2011Q2,LPLA,-1751000.0,3662789000.0,459882000.0,0.0,0.41,0.4,1329234000.0,11651000.0,75479000.0,29972000.0,558488000.0,18154000.0,5110000.0,2399333000.0,1339653000.0,,45507000.0,44925000.0,,,,893996000.0,1263456000.0,113150000.0,109055000.0
2011Q3,LPLA,-1287000.0,3650877000.0,438294000.0,107748926.0,0.33,0.32,1334086000.0,10131000.0,62062000.0,25634000.0,547652000.0,16603000.0,5036000.0,2353462000.0,1336161000.0,,36428000.0,35963000.0,,,,882857000.0,1297415000.0,111173000.0,107835000.0
2011Q4,LPLA,-850000.0,3816326000.0,,,0.36,0.35,1334086000.0,11167000.0,,,537670000.0,,,2471578000.0,1332668000.0,1318697000.0,39448000.0,,,,,828653000.0,1344748000.0,,
2012Q1,LPLA,-441000.0,3765475000.0,463653000.0,,0.38,0.37,1334086000.0,9152000.0,66863000.0,25684000.0,527838000.0,,4710000.0,2588932000.0,1350000000.0,1307100000.0,41179000.0,41179000.0,,37486000.0,126000.0,901773000.0,1176543000.0,112529000.0,108956000.0
2012Q2,LPLA,0.0,3599411000.0,447243000.0,,0.36,0.35,1362153000.0,10154000.0,67308000.0,27806000.0,523290000.0,,4800000.0,2380008000.0,1339275000.0,1296375000.0,39502000.0,39502000.0,,,,907843000.0,1219403000.0,112834000.0,110820000.0
2012Q3,LPLA,0.0,3676577000.0,442129000.0,,0.31,0.31,1372987000.0,7676000.0,54238000.0,19939000.0,513319000.0,,4629000.0,2483293000.0,1328550000.0,1285650000.0,34299000.0,34299000.0,,,,907228000.0,1193284000.0,111877000.0,110213000.0
2012Q4,LPLA,0.0,3988524000.0,,,0.34,0.34,1371523000.0,10202000.0,,,503528000.0,,,2848504000.0,1317825000.0,1274925000.0,36938000.0,,,,,944244000.0,1140020000.0,,
2013Q1,LPLA,,3806210000.0,485572000.0,,0.51,0.51,1371523000.0,11683000.0,90551000.0,35834000.0,493752000.0,,4408000.0,2616225000.0,1307100000.0,1264200000.0,54717000.0,,,4921000.0,-374000.0,974796000.0,1189985000.0,107297000.0,106347000.0
2013Q2,LPLA,,3923634000.0,508399000.0,,0.42,0.42,1371523000.0,8669000.0,74902000.0,29811000.0,483984000.0,,4426000.0,2737134000.0,1540515000.0,1529676000.0,45091000.0,,,,,1018920000.0,1186500000.0,107695000.0,106414000.0
2013Q3,LPLA,-250000.0,3914088000.0,527419000.0,,0.36,0.36,1361361000.0,6761000.0,61302000.0,23671000.0,474253000.0,,4509000.0,2822431000.0,1537806000.0,1526967000.0,37631000.0,,,,,1053212000.0,1091657000.0,105705000.0,104271000.0
2013Q4,LPLA,115000.0,4042831000.0,,,0.44,0.43,1361361000.0,6853000.0,,,464522000.0,,,2942860000.0,1535096000.0,1524257000.0,44418000.0,,,,,1093930000.0,1099971000.0,,
2014Q1,LPLA,1177000.0,3928696000.0,534574000.0,,0.52,0.51,1361361000.0,4847000.0,87547000.0,34412000.0,454806000.0,,4761000.0,2872447000.0,1532387000.0,1521548000.0,53135000.0,,,100000000.0,330000.0,1087431000.0,1068592000.0,103339000.0,101279000.0
2014Q2,LPLA,1532000.0,3893467000.0,535177000.0,,0.43,0.42,1361361000.0,3346000.0,71161000.0,28070000.0,445109000.0,,4791000.0,2824875000.0,1529677000.0,1518838000.0,43091000.0,,,,,1092729000.0,1068592000.0,102029000.0,100244000.0
2014Q3,LPLA,1296000.0,3918167000.0,520388000.0,,0.33,0.33,1365838000.0,9345000.0,55453000.0,22181000.0,440526000.0,,4727000.0,2854795000.0,1526967000.0,,33272000.0,,,,,1089234000.0,1063372000.0,101834000.0,100052000.0
2014Q4,LPLA,937000.0,4041930000.0,,,0.5,0.49,1365838000.0,8594000.0,,,430704000.0,,,3070330000.0,1625195000.0,1513419000.0,48545000.0,,,,,1104268000.0,971600000.0,,
2015Q1,LPLA,1254000.0,4058719000.0,523399000.0,,0.52,0.52,1365838000.0,9350000.0,84675000.0,33997000.0,420633000.0,,4578000.0,3079161000.0,1641548000.0,1510709000.0,50678000.0,,,30014000.0,469000.0,1109302000.0,979558000.0,98227000.0,96551000.0
2015Q2,LPLA,851000.0,4042520000.0,509689000.0,,0.52,0.52,1365838000.0,8599000.0,84090000.0,33848000.0,411097000.0,,5177000.0,3099432000.0,1693838000.0,1507999000.0,50242000.0,,,,,1090661000.0,943088000.0,97239000.0,95724000.0
2015Q3,LPLA,595000.0,3979358000.0,480271000.0,,0.43,0.43,1365838000.0,10847000.0,68687000.0,27635000.0,401563000.0,,5221000.0,3033961000.0,1666129000.0,1505290000.0,41052000.0,,,,,1054745000.0,945397000.0,96472000.0,94972000.0
2015Q4,LPLA,553000.0,4521061000.0,,,0.29,0.28,1365838000.0,9847000.0,,,392031000.0,,,3805451000.0,2188240000.0,,26812000.0,,,,,1020346000.0,715610000.0,,
2016Q1,LPLA,603000.0,4572372000.0,436727000.0,,0.57,0.56,1365838000.0,7847000.0,84600000.0,34208000.0,382507000.0,,5330000.0,3849313000.0,2185043000.0,,50392000.0,,,25013000.0,876000.0,1005305000.0,723059000.0,89621000.0,88964000.0
2016Q2,LPLA,379000.0,4607984000.0,445755000.0,,0.54,0.53,1365838000.0,10866000.0,79749000.0,31900000.0,372997000.0,,5238000.0,3853994000.0,2181843000.0,,47849000.0,,,,,1019181000.0,753990000.0,89699000.0,89019000.0
2016Q3,LPLA,444000.0,4609756000.0,431686000.0,,0.58,0.58,1365838000.0,9864000.0,68224000.0,16270000.0,363495000.0,,5372000.0,3818630000.0,2178641000.0,,51954000.0,,,,,1017440000.0,791126000.0,89951000.0,89092000.0
2016Q4,LPLA,315000.0,4834926000.0,,,0.47,0.46,1365838000.0,8862000.0,,,353996000.0,,,4013931000.0,2175436000.0,,41736000.0,,,,,1007457000.0,820995000.0,,
2017Q1,LPLA,548000.0,4762076000.0,421164000.0,,0.54,0.52,1365838000.0,7110000.0,75271000.0,27082000.0,344505000.0,,5793000.0,3891806000.0,2182507000.0,,48189000.0,,,18290000.0,833000.0,1035427000.0,870270000.0,92004000.0,89868000.0
2017Q2,LPLA,0.0,4790125000.0,420706000.0,,0.76,0.74,1365838000.0,11833000.0,112769000.0,44335000.0,335052000.0,,5976000.0,3897028000.0,2178866000.0,,68434000.0,,,,,1065504000.0,893097000.0,92013000.0,90251000.0
2017Q3,LPLA,0.0,5058273000.0,403011000.0,,0.65,0.63,1365838000.0,11832000.0,96640000.0,38498000.0,325700000.0,,6162000.0,4117708000.0,2388321000.0,,58142000.0,,,,,1064108000.0,940565000.0,92042000.0,89967000.0
2017Q4,LPLA,0.0,5358751000.0,,,0.71,0.69,1427769000.0,11833000.0,,,414093000.0,,,4393743000.0,2385022000.0,,64098000.0,,,,,1116442000.0,965008000.0,,
2018Q1,LPLA,,5348018000.0,474811000.0,,1.04,1.01,1476775000.0,10585000.0,119926000.0,26396000.0,513592000.0,,7781000.0,4339525000.0,2381719000.0,,93530000.0,,,53794000.0,1708000.0,1241557000.0,1008493000.0,92784000.0,89997000.0
2018Q2,LPLA,,5223377000.0,488085000.0,,1.33,1.3,1476775000.0,13006000.0,162909000.0,44143000.0,497909000.0,,10133000.0,4216681000.0,2378417000.0,,118766000.0,,,,,1298804000.0,1006696000.0,91684000.0,89128000.0
2018Q3,LPLA,,5289813000.0,486875000.0,,1.22,1.19,1476775000.0,13005000.0,147359000.0,40494000.0,482234000.0,,10512000.0,4310346000.0,2375113000.0,,106865000.0,,,,,1330997000.0,979467000.0,89878000.0,87426000.0
2018Q4,LPLA,,5477468000.0,,,1.4,1.36,1490247000.0,13001000.0,,,484171000.0,,,4503395000.0,2371808000.0,,120298000.0,,298821000.0,,,1317042000.0,974073000.0,,
2019Q1,LPLA,,5492190000.0,461359000.0,,1.84,1.79,1490247000.0,13005000.0,203774000.0,48376000.0,468058000.0,,12321000.0,4482495000.0,2368501000.0,,155398000.0,,,125034000.0,3249000.0,1371679000.0,1009695000.0,86742000.0,84487000.0
2019Q2,LPLA,,5363956000.0,479135000.0,,1.75,1.71,1490247000.0,11771000.0,195076000.0,48984000.0,451945000.0,,11690000.0,4338839000.0,2363441000.0,,146092000.0,,355077000.0,,,1389757000.0,1025117000.0,85350000.0,83247000.0
2019Q3,LPLA,,5740548000.0,474993000.0,,1.61,1.57,1502679000.0,13043000.0,177986000.0,46272000.0,456469000.0,,11531000.0,4720598000.0,2360218000.0,,131714000.0,,397653000.0,,,1415525000.0,1019950000.0,83844000.0,81833000.0
2019Q4,LPLA,,5880238000.0,,,1.57,1.53,1503648000.0,11806000.0,,,439838000.0,,,4856365000.0,2398818000.0,,126676000.0,,441743000.0,,,1447895000.0,1023873000.0,,
2020Q1,LPLA,,6110766000.0,503444000.0,,1.96,1.92,1503648000.0,14361000.0,207632000.0,51991000.0,423341000.0,,9542000.0,5099409000.0,2467719000.0,,155641000.0,,457470000.0,150036000.0,2691000.0,1463397000.0,1011357000.0,81166000.0,79507000.0
2020Q2,LPLA,,5905733000.0,427453000.0,,1.29,1.27,1503648000.0,14406000.0,137278000.0,35616000.0,406740000.0,,6540000.0,4798227000.0,2349619000.0,,101662000.0,,474718000.0,,,1366659000.0,1107506000.0,80127000.0,78940000.0
2020Q3,LPLA,,6090727000.0,472643000.0,,1.31,1.29,1503648000.0,13058000.0,135330000.0,31541000.0,409427000.0,,6623000.0,4883279000.0,2347517000.0,,103789000.0,,509124000.0,,,1460301000.0,1207448000.0,80550000.0,79176000.0
2020Q4,LPLA,,6596162000.0,,,,,1513866000.0,13235000.0,,,397486000.0,,,5281308000.0,2345414000.0,,,,587553000.0,,,,1314854000.0,,
2021Q1,LPLA,,6615411000.0,557229000.0,,1.63,1.59,1513866000.0,11972000.0,165142000.0,35522000.0,383794000.0,,,5181090000.0,2332809000.0,,129620000.0,,558144000.0,0.0,1977000.0,1707617000.0,1434321000.0,81622000.0,79697000.0
2021Q2,LPLA,,7220016000.0,598233000.0,,1.49,1.46,1646631000.0,10708000.0,161649000.0,42548000.0,486355000.0,,,5665104000.0,2727336000.0,,119101000.0,,776513000.0,,,1898258000.0,1554912000.0,81728000.0,80063000.0
2021Q3,LPLA,,7555806000.0,610384000.0,,1.29,1.26,1641238000.0,11183000.0,137979000.0,34915000.0,470989000.0,,,5939417000.0,2725691000.0,,103064000.0,,814514000.0,,,2020763000.0,1616389000.0,81849000.0,80182000.0
2021Q4,LPLA,,7991600000.0,,,,,1642443000.0,9918000.0,,,455028000.0,,,6321067000.0,2814044000.0,,,,963869000.0,,,,1670533000.0,,
2022Q1,LPLA,,7773331000.0,585525000.0,,1.67,1.64,1642468000.0,11090000.0,173379000.0,39635000.0,433925000.0,,,6038325000.0,2722396000.0,,133744000.0,,970368000.0,50006000.0,4222000.0,2065693000.0,1735006000.0,81572000.0,79976000.0
2022Q2,LPLA,,7736486000.0,573376000.0,,2.01,1.97,1642468000.0,12318000.0,212321000.0,51776000.0,433485000.0,,,5892426000.0,2720747000.0,,160545000.0,,1035158000.0,,,2038887000.0,1844060000.0,81410000.0,79947000.0
2022Q3,LPLA,,9695783000.0,584980000.0,,2.91,2.86,1642468000.0,17084000.0,306734000.0,74403000.0,427791000.0,,,7696271000.0,2719096000.0,,232331000.0,,1022546000.0,,,2163058000.0,1999512000.0,81250000.0,79805000.0
2022Q4,LPLA,,9482226000.0,,,,,1642468000.0,15852000.0,,,427676000.0,,,7314674000.0,2717444000.0,,,,1123004000.0,,,,2167552000.0,,
2023Q1,LPLA,,9167805000.0,603725000.0,,4.3,4.24,1765890000.0,14124000.0,444497000.0,105613000.0,580063000.0,,,6974872000.0,2850791000.0,,338884000.0,,1154298000.0,275024000.0,3347000.0,2417832000.0,2192933000.0,79974000.0,78750000.0
2023Q2,LPLA,,9392196000.0,622886000.0,,3.7,3.65,1772162000.0,15348000.0,388819000.0,103299000.0,606180000.0,,,7270130000.0,3001136000.0,,285520000.0,,1230477000.0,,,2468804000.0,2122066000.0,78194000.0,77234000.0
2023Q3,LPLA,,9487329000.0,643600000.0,,2.95,2.91,1772182000.0,16422000.0,317672000.0,93381000.0,641166000.0,,,7396741000.0,3124480000.0,,224291000.0,,1369587000.0,,,2522383000.0,2090588000.0,77147000.0,76062000.0
2023Q4,LPLA,,10385480000.0,,,,,1856648000.0,15223000.0,,,671585000.0,,,8306501000.0,3734111000.0,,,,1479690000.0,,,,2078979000.0,,
2024Q1,LPLA,,11017539000.0,746446000.0,,3.87,3.83,1840972000.0,14023000.0,374192000.0,85428000.0,690767000.0,,,8747658000.0,3853794000.0,,288764000.0,,1573774000.0,70005000.0,2668000.0,2832593000.0,2269881000.0,75463000.0,74562000.0
2024Q2,LPLA,,11503727000.0,787046000.0,,3.26,3.23,1860062000.0,16390000.0,330071000.0,86271000.0,783031000.0,,,8988380000.0,4442840000.0,,243800000.0,,1757727000.0,,,2931769000.0,2515347000.0,75548000.0,74725000.0
2024Q3,LPLA,,11941875000.0,806532000.0,,3.41,3.39,1868193000.0,16402000.0,347348000.0,92045000.0,782426000.0,,,9170124000.0,4441913000.0,,255303000.0,,1913363000.0,,,3108394000.0,2771751000.0,75405000.0,74776000.0
2024Q4,LPLA,,13317404000.0,,,,,2172873000.0,15214000.0,,,1482988000.0,,,10386802000.0,5494724000.0,,,,2281088000.0,,,,2930602000.0,,
2025Q1,LPLA,,13963222000.0,1047757000.0,,4.27,4.24,2213100000.0,15278000.0,417253000.0,98680000.0,3330788000.0,,,10839439000.0,5686678000.0,,318573000.0,,2468033000.0,100244000.0,-749000.0,3670007000.0,3123783000.0,75112000.0,74600000.0
2025Q2,LPLA,,17473676000.0,1038087000.0,,3.42,3.4,2213393000.0,15323000.0,368804000.0,95555000.0,3330788000.0,,,12399260000.0,7175032000.0,,273249000.0,,2536190000.0,,,3835025000.0,5074416000.0,80373000.0,79984000.0
2025Q3,LPLA,,18032214000.0,1187455000.0,,-0.37,-0.37,2674864000.0,15277000.0,-34111000.0,-4594000.0,3302834000.0,,,12989276000.0,7521468000.0,,-29517000.0,,3645122000.0,,,4551977000.0,5042938000.0,80357000.0,80017000.0
2025Q4,LPLA,,18492753000.0,,,,,2644723000.0,15420000.0,,,3330788000.0,,,13148268000.0,7258694000.0,,,,3681512000.0,,,,5344485000.0,,
2026Q1,LPLA,,18835241000.0,1192034000.0,,4.45,4.43,2659170000.0,15460000.0,484584000.0,128180000.0,3413946000.0,,,13149539000.0,7182102000.0,,356404000.0,,3741085000.0,0.0,8504000.0,4938434000.0,5685702000.0,80446000.0,80113000.0
2026Q2,LPLA,,19791120000.0,1232073000.0,,4.75,4.74,2681661000.0,15493000.0,515504000.0,136243000.0,3433597000.0,,,14034280000.0,7460510000.0,,379261000.0,,3889372000.0,,,5186623000.0,5756840000.0,80032000.0,79791000.0
