q,ticker,AccumulatedOtherComprehensiveIncomeLossNetOfTax,Assets,AvailableForSaleSecurities,AvailableForSaleSecuritiesDebtSecurities,EarningsPerShareBasic,EarningsPerShareDiluted,Goodwill,HeldToMaturitySecurities,HeldToMaturitySecuritiesFairValue,IncomeLossFromContinuingOperationsBeforeIncomeTaxesExtraordinaryItemsNoncontrollingInterest,IncomeTaxExpenseBenefit,IntangibleAssetsNetExcludingGoodwill,InterestExpense,Liabilities,LongTermDebt,LongTermDebtNoncurrent,NetIncomeLoss,NetIncomeLossAvailableToCommonStockholdersBasic,PaymentsForRepurchaseOfCommonStock,RevenueFromContractWithCustomerExcludingAssessedTax,Revenues,StockholdersEquity,StockholdersEquityIncludingPortionAttributableToNoncontrollingInterest,WeightedAverageNumberOfDilutedSharesOutstanding,WeightedAverageNumberOfSharesOutstandingBasic
2006Q4,MA,,,,,,,,,,,,,,,,,,,,,,,2368979000.0,,
2007Q4,MA,,,,,,,,,,,,,,,,,,,,,,,3032000000.0,,
2008Q2,MA,,,,,-5.7,-5.7,,,,,-476529000.0,,15438000.0,,,,-746653000.0,,,,1246504000.0,,,130073000.0,130073000.0
2008Q3,MA,,,,,-1.48,-1.48,,,,,-100090000.0,,36319000.0,,,,-193582000.0,,,,1338178000.0,,,129536000.0,129536000.0
2008Q4,MA,108837000.0,6475849000.0,,,,,298000000.0,,,,,394282000.0,,4543874000.0,,19387000.0,,,,,,1927355000.0,1932000000.0,,
2009Q1,MA,,,,,2.81,2.8,,,,,183000000.0,,36000000.0,,,,367000000.0,,,,1156000000.0,,,130000000.0,130000000.0
2009Q2,MA,128797000.0,6983933000.0,,,2.67,2.67,300364000.0,,,,187000000.0,397345000.0,32000000.0,4309892000.0,,20564000.0,349000000.0,347000000.0,,,1280000000.0,2666269000.0,,130000000.0,130000000.0
2009Q3,MA,209805000.0,6939348000.0,,,3.46,3.45,314430000.0,,,,221000000.0,410533000.0,24000000.0,3714112000.0,,21690000.0,452000000.0,450000000.0,,,1364000000.0,3217523000.0,3225236000.0,130000000.0,130000000.0
2009Q4,MA,194000000.0,7470000000.0,1004000000.0,,2.25,2.24,309000000.0,,340000000.0,,,415000000.0,,3958000000.0,20000000.0,22000000.0,295000000.0,,,,1299000000.0,3504000000.0,3512000000.0,130000000.0,130000000.0
2010Q1,MA,88000000.0,7286000000.0,,,3.47,3.46,293000000.0,,,,240000000.0,408000000.0,15000000.0,3454000000.0,,21000000.0,455000000.0,453000000.0,,,1308000000.0,3824000000.0,3832000000.0,131000000.0,130000000.0
2010Q2,MA,-72000000.0,7432000000.0,963000000.0,,3.5,3.49,267000000.0,,340000000.0,,255000000.0,390000000.0,17000000.0,3307000000.0,,19000000.0,458000000.0,458000000.0,,,1365000000.0,4117000000.0,4125000000.0,131000000.0,131000000.0
2010Q3,MA,141000000.0,8166000000.0,954000000.0,,3.96,3.94,297000000.0,,340000000.0,,248000000.0,412000000.0,11000000.0,3315000000.0,21000000.0,1000000.0,518000000.0,518000000.0,,,1428000000.0,4842000000.0,4851000000.0,131000000.0,131000000.0
2010Q4,MA,95000000.0,8837000000.0,937000000.0,,3.17,3.16,677000000.0,,338000000.0,,,530000000.0,,3621000000.0,20000000.0,,415000000.0,,,,1438000000.0,5205000000.0,5216000000.0,131000000.0,131000000.0
2011Q1,MA,201000000.0,8502000000.0,928000000.0,,4.31,4.29,710000000.0,,188000000.0,,274000000.0,539000000.0,10000000.0,3300000000.0,21000000.0,,562000000.0,562000000.0,654000000.0,,1501000000.0,5191000000.0,5202000000.0,131000000.0,130000000.0
2011Q2,MA,247000000.0,9025000000.0,921000000.0,,4.77,4.76,1068000000.0,,38000000.0,,284000000.0,700000000.0,2000000.0,3544000000.0,,,608000000.0,608000000.0,,,1667000000.0,5470000000.0,5481000000.0,128000000.0,127000000.0
2011Q3,MA,104000000.0,9674000000.0,717000000.0,717000000.0,5.65,5.63,1032000000.0,,38000000.0,,314000000.0,677000000.0,6000000.0,3692000000.0,,,717000000.0,717000000.0,,,1818000000.0,5972000000.0,5982000000.0,127000000.0,127000000.0
2011Q4,MA,-2000000.0,10693000000.0,1285000000.0,1285000000.0,0.15,0.15,1014000000.0,,37000000.0,,,665000000.0,,4816000000.0,,,19000000.0,,,,1728000000.0,5868000000.0,5877000000.0,127000000.0,127000000.0
2012Q1,MA,78000000.0,11131000000.0,1527000000.0,1527000000.0,0.54,0.54,1042000000.0,,,,318000000.0,682000000.0,6000000.0,4752000000.0,,,682000000.0,682000000.0,248000000.0,,1758000000.0,6371000000.0,6379000000.0,1271000000.0,1266000000.0
2012Q2,MA,-47000000.0,11240000000.0,1844000000.0,1844000000.0,0.56,0.56,1009000000.0,,,,273000000.0,656000000.0,3000000.0,4964000000.0,,,700000000.0,700000000.0,,,1820000000.0,6265000000.0,6276000000.0,1263000000.0,1259000000.0
2012Q3,MA,34000000.0,12120000000.0,2635000000.0,2635000000.0,0.62,0.62,1087000000.0,,,,294000000.0,676000000.0,4000000.0,5196000000.0,,,772000000.0,772000000.0,,,1918000000.0,6912000000.0,6924000000.0,1251000000.0,1247000000.0
2012Q4,MA,61000000.0,12462000000.0,2983000000.0,2983000000.0,0.49,0.49,1092000000.0,,,,,672000000.0,,5533000000.0,,,605000000.0,,,,1895000000.0,6917000000.0,6929000000.0,1246000000.0,1240000000.0
2013Q1,MA,-50000000.0,11809000000.0,3068000000.0,3068000000.0,0.62,0.62,1042000000.0,,,,336000000.0,637000000.0,5000000.0,5053000000.0,,,766000000.0,766000000.0,766000000.0,,1906000000.0,6743000000.0,6756000000.0,1230000000.0,1226000000.0
2013Q2,MA,-15000000.0,12021000000.0,2765000000.0,2765000000.0,0.7,0.7,1050000000.0,,,,385000000.0,637000000.0,5000000.0,4992000000.0,,,848000000.0,848000000.0,,,2096000000.0,7018000000.0,7029000000.0,1217000000.0,1214000000.0
2013Q3,MA,120000000.0,13730000000.0,2610000000.0,2610000000.0,0.73,0.73,1101000000.0,,,,375000000.0,655000000.0,-3000000.0,6062000000.0,,,879000000.0,879000000.0,,,2218000000.0,7657000000.0,7668000000.0,1209000000.0,1205000000.0
2013Q4,MA,178000000.0,14242000000.0,2707000000.0,2707000000.0,0.52,0.52,1122000000.0,,,,,672000000.0,,6747000000.0,,0.0,623000000.0,,,,2126000000.0,7484000000.0,7495000000.0,1205000000.0,1201000000.0
2014Q1,MA,180000000.0,14802000000.0,2554000000.0,2554000000.0,0.73,0.73,1286000000.0,,,,411000000.0,723000000.0,6000000.0,8224000000.0,,1494000000.0,870000000.0,870000000.0,1669000000.0,,2172000000.0,6567000000.0,6578000000.0,1189000000.0,1185000000.0
2014Q2,MA,188000000.0,14375000000.0,2847000000.0,2847000000.0,0.8,0.8,1527000000.0,,,,442000000.0,759000000.0,15000000.0,8061000000.0,,1494000000.0,,,,,2368000000.0,6266000000.0,6314000000.0,1169000000.0,1165000000.0
2014Q3,MA,-92000000.0,14659000000.0,1868000000.0,1868000000.0,0.88,0.87,1456000000.0,,,,403000000.0,705000000.0,11000000.0,8111000000.0,,1494000000.0,,,,,2490000000.0,6501000000.0,6548000000.0,1160000000.0,1157000000.0
2014Q4,MA,-260000000.0,15329000000.0,1168000000.0,1168000000.0,0.7,0.69,1522000000.0,,70000000.0,,,714000000.0,,8505000000.0,,1494000000.0,,,,,2416000000.0,6790000000.0,6824000000.0,1157000000.0,1153000000.0
2015Q1,MA,-639000000.0,14633000000.0,1589000000.0,1589000000.0,0.89,0.89,1469000000.0,,,,320000000.0,648000000.0,17000000.0,8299000000.0,,1495000000.0,,,947000000.0,,2230000000.0,6301000000.0,6334000000.0,1152000000.0,1148000000.0
2015Q2,MA,-493000000.0,15272000000.0,902000000.0,902000000.0,0.81,0.81,1940000000.0,,,,320000000.0,862000000.0,17000000.0,8836000000.0,,1495000000.0,,,,,2390000000.0,6404000000.0,6436000000.0,1141000000.0,1138000000.0
2015Q3,MA,-536000000.0,14634000000.0,868000000.0,868000000.0,0.86,0.86,1907000000.0,,364000000.0,,375000000.0,820000000.0,15000000.0,8336000000.0,,1495000000.0,,,,,2530000000.0,6267000000.0,6298000000.0,1133000000.0,1130000000.0
2015Q4,MA,-676000000.0,16250000000.0,861000000.0,861000000.0,0.79,0.79,1891000000.0,,130000000.0,,,803000000.0,,10188000000.0,,3268000000.0,,,,,,6028000000.0,6062000000.0,1124000000.0,1121000000.0
2016Q1,MA,-620000000.0,15905000000.0,1204000000.0,1204000000.0,0.86,0.86,1886000000.0,,110000000.0,,378000000.0,788000000.0,20000000.0,10394000000.0,,3333000000.0,,,1357000000.0,,,5479000000.0,5511000000.0,1112000000.0,1109000000.0
2016Q2,MA,-697000000.0,16282000000.0,1161000000.0,1161000000.0,0.89,0.89,1834000000.0,,,,382000000.0,762000000.0,22000000.0,10413000000.0,,3306000000.0,,,,,,5837000000.0,5869000000.0,1101000000.0,1098000000.0
2016Q3,MA,-717000000.0,17323000000.0,1211000000.0,1211000000.0,1.08,1.08,1814000000.0,,,,449000000.0,747000000.0,23000000.0,11074000000.0,,3326000000.0,,,,,,6219000000.0,6249000000.0,1099000000.0,1096000000.0
2016Q4,MA,-924000000.0,18675000000.0,1162000000.0,1162000000.0,0.86,0.86,1756000000.0,,,,,722000000.0,,12991000000.0,,5180000000.0,,,,,,5656000000.0,5684000000.0,1090000000.0,1087000000.0
2017Q1,MA,-863000000.0,18570000000.0,1138000000.0,1138000000.0,1.0,1.0,1775000000.0,,,,397000000.0,702000000.0,39000000.0,12932000000.0,,5216000000.0,,,962000000.0,,2734000000.0,5611000000.0,5638000000.0,1082000000.0,1078000000.0
2017Q2,MA,-699000000.0,19839000000.0,1178000000.0,1178000000.0,1.1,1.1,2759000000.0,,,,451000000.0,1126000000.0,39000000.0,13891000000.0,,5326000000.0,,,,,3053000000.0,5852000000.0,5878000000.0,1075000000.0,1070000000.0
2017Q3,MA,-542000000.0,20914000000.0,1239000000.0,1239000000.0,1.34,1.34,3015000000.0,,,,502000000.0,1147000000.0,35000000.0,14376000000.0,,5393000000.0,,,,,3398000000.0,6442000000.0,6468000000.0,1068000000.0,1063000000.0
2017Q4,MA,-497000000.0,21329000000.0,1149000000.0,1149000000.0,0.21,0.21,3035000000.0,,,,,1120000000.0,,15761000000.0,,5424000000.0,,,,,3312000000.0,5468000000.0,5497000000.0,1063000000.0,1057000000.0
2018Q1,MA,-373000000.0,22944000000.0,970000000.0,970000000.0,1.42,1.41,3104000000.0,,,,311000000.0,1118000000.0,43000000.0,17142000000.0,,6469000000.0,,,1352000000.0,5070000000.0,3580000000.0,5703000000.0,5656000000.0,1057000000.0,1051000000.0
2018Q2,MA,-632000000.0,22471000000.0,1251000000.0,1251000000.0,1.5,1.5,2974000000.0,,,,353000000.0,1043000000.0,48000000.0,17121000000.0,,5858000000.0,,,,5350000000.0,3665000000.0,5257000000.0,5279000000.0,1049000000.0,1043000000.0
2018Q3,MA,-670000000.0,23340000000.0,1299000000.0,1299000000.0,1.83,1.82,2950000000.0,,,,365000000.0,1023000000.0,48000000.0,17473000000.0,,5858000000.0,,,,5633000000.0,3898000000.0,5775000000.0,5796000000.0,1043000000.0,1037000000.0
2018Q4,MA,-718000000.0,24860000000.0,1432000000.0,1432000000.0,0.87,0.87,2904000000.0,264000000.0,,,,991000000.0,,19371000000.0,,5834000000.0,,,,,3807000000.0,5395000000.0,5418000000.0,1038000000.0,1032000000.0
2019Q1,MA,-673000000.0,23520000000.0,1112000000.0,1112000000.0,1.81,1.8,2944000000.0,,,,341000000.0,1025000000.0,46000000.0,18257000000.0,,5799000000.0,,,1824000000.0,5632000000.0,3889000000.0,5168000000.0,5190000000.0,1032000000.0,1026000000.0
2019Q2,MA,-730000000.0,24731000000.0,658000000.0,658000000.0,2.01,2.0,3524000000.0,,,,471000000.0,1232000000.0,51000000.0,19622000000.0,,7806000000.0,,,,6069000000.0,4113000000.0,5008000000.0,5035000000.0,1025000000.0,1020000000.0
2019Q3,MA,-858000000.0,25981000000.0,659000000.0,659000000.0,2.08,2.07,3724000000.0,,,,426000000.0,1310000000.0,63000000.0,20932000000.0,,7735000000.0,,,,6557000000.0,4467000000.0,4949000000.0,4975000000.0,1019000000.0,1013000000.0
2019Q4,MA,-673000000.0,29236000000.0,591000000.0,591000000.0,2.08,2.07,4021000000.0,97000000.0,,,,1417000000.0,,23245000000.0,,8527000000.0,,,,,4414000000.0,5893000000.0,5917000000.0,1013000000.0,1008000000.0
2020Q1,MA,-1079000000.0,30648000000.0,414000000.0,414000000.0,1.68,1.68,4070000000.0,63000000.0,,,294000000.0,1447000000.0,69000000.0,25150000000.0,,12466000000.0,,,1383000000.0,6162000000.0,4009000000.0,5398000000.0,5423000000.0,1010000000.0,1005000000.0
2020Q2,MA,-1046000000.0,32127000000.0,312000000.0,312000000.0,1.41,1.41,4081000000.0,78000000.0,,,270000000.0,1480000000.0,101000000.0,25579000000.0,,12498000000.0,,,,5093000000.0,3335000000.0,6470000000.0,6498000000.0,1008000000.0,1004000000.0
2020Q3,MA,-880000000.0,31594000000.0,281000000.0,281000000.0,1.51,1.51,4159000000.0,119000000.0,,,402000000.0,1507000000.0,105000000.0,25713000000.0,,12574000000.0,,,,5935000000.0,3837000000.0,5796000000.0,5856000000.0,1005000000.0,1001000000.0
2020Q4,MA,-680000000.0,33584000000.0,321000000.0,321000000.0,,,4960000000.0,162000000.0,,,,1753000000.0,,27067000000.0,,12023000000.0,,,,,,6391000000.0,6488000000.0,,
2021Q1,MA,-738000000.0,34800000000.0,371000000.0,371000000.0,1.84,1.83,7051000000.0,118000000.0,,,362000000.0,3321000000.0,107000000.0,28347000000.0,,13221000000.0,,,1356000000.0,6428000000.0,4155000000.0,6327000000.0,6425000000.0,998000000.0,994000000.0
2021Q2,MA,-653000000.0,34911000000.0,365000000.0,365000000.0,2.09,2.08,7661000000.0,179000000.0,,,412000000.0,3613000000.0,106000000.0,28342000000.0,,13250000000.0,,,,7219000000.0,4528000000.0,6442000000.0,6540000000.0,994000000.0,990000000.0
2021Q3,MA,-791000000.0,35410000000.0,,335000000.0,2.45,2.44,7569000000.0,175000000.0,,,402000000.0,3561000000.0,110000000.0,28608000000.0,,13211000000.0,,,,7826000000.0,4985000000.0,6703000000.0,6773000000.0,990000000.0,986000000.0
2021Q4,MA,-809000000.0,37669000000.0,,314000000.0,,,7662000000.0,159000000.0,,,,3671000000.0,,30257000000.0,,13109000000.0,,,,,,7312000000.0,7383000000.0,,
2022Q1,MA,-798000000.0,37163000000.0,,289000000.0,2.69,2.68,7625000000.0,160000000.0,,,142000000.0,3675000000.0,110000000.0,30033000000.0,,13868000000.0,,,2408000000.0,8025000000.0,5167000000.0,7034000000.0,7102000000.0,981000000.0,977000000.0
2022Q2,MA,-1232000000.0,36231000000.0,,290000000.0,2.34,2.34,7519000000.0,148000000.0,,,523000000.0,3676000000.0,114000000.0,29969000000.0,,13746000000.0,,,,8704000000.0,5497000000.0,6171000000.0,6236000000.0,974000000.0,971000000.0
2022Q3,MA,-1617000000.0,37612000000.0,,282000000.0,2.59,2.58,7176000000.0,130000000.0,,,573000000.0,3582000000.0,120000000.0,31169000000.0,,13577000000.0,,,,9167000000.0,5756000000.0,6361000000.0,6423000000.0,968000000.0,965000000.0
2022Q4,MA,-1253000000.0,38724000000.0,,272000000.0,,,7522000000.0,128000000.0,,,,3859000000.0,,32347000000.0,,13749000000.0,,,,,,6298000000.0,6356000000.0,,
2023Q1,MA,-1229000000.0,38936000000.0,,271000000.0,2.48,2.47,7575000000.0,131000000.0,,,492000000.0,4027000000.0,132000000.0,33529000000.0,,15292000000.0,,,2878000000.0,,5748000000.0,5330000000.0,5386000000.0,956000000.0,953000000.0
2023Q2,MA,-1189000000.0,39004000000.0,,279000000.0,3.01,3.0,7579000000.0,65000000.0,,,859000000.0,4049000000.0,144000000.0,33425000000.0,,14284000000.0,,,,,6269000000.0,5504000000.0,5557000000.0,949000000.0,946000000.0
2023Q3,MA,-1297000000.0,39674000000.0,,276000000.0,3.4,3.39,7488000000.0,326000000.0,,,563000000.0,4022000000.0,151000000.0,33293000000.0,,14229000000.0,,,,,6533000000.0,6311000000.0,6360000000.0,943000000.0,941000000.0
2023Q4,MA,-1099000000.0,42448000000.0,,286000000.0,,,7660000000.0,306000000.0,,,,4086000000.0,,35451000000.0,,14344000000.0,,,,,,6929000000.0,6975000000.0,,
2024Q1,MA,-1202000000.0,42602000000.0,,283000000.0,3.23,3.22,7545000000.0,81000000.0,,3558000000.0,547000000.0,4123000000.0,150000000.0,35294000000.0,,13543000000.0,,,1992000000.0,,6348000000.0,7243000000.0,7286000000.0,935000000.0,933000000.0
2024Q2,MA,-1205000000.0,42333000000.0,,290000000.0,3.51,3.5,7563000000.0,72000000.0,,3939000000.0,681000000.0,4149000000.0,153000000.0,34851000000.0,,14519000000.0,,,,,6961000000.0,7421000000.0,7460000000.0,930000000.0,929000000.0
2024Q3,MA,-1073000000.0,47237000000.0,,295000000.0,3.54,3.53,7721000000.0,43000000.0,,3866000000.0,603000000.0,4235000000.0,159000000.0,39739000000.0,,17608000000.0,,,,,7369000000.0,7440000000.0,7475000000.0,925000000.0,923000000.0
2024Q4,MA,-1433000000.0,48081000000.0,,292000000.0,,,9193000000.0,38000000.0,,,,5453000000.0,,41566000000.0,,17476000000.0,,,,,,6485000000.0,6515000000.0,,
2025Q1,MA,-1155000000.0,48470000000.0,,289000000.0,3.6,3.59,9352000000.0,30000000.0,,4031000000.0,751000000.0,5533000000.0,,41774000000.0,,18802000000.0,,,2549000000.0,,7250000000.0,6671000000.0,6696000000.0,914000000.0,912000000.0
2025Q2,MA,-919000000.0,51431000000.0,,303000000.0,4.08,4.07,9598000000.0,33000000.0,,4672000000.0,971000000.0,5629000000.0,,43557000000.0,,18970000000.0,,,,,8133000000.0,7853000000.0,7874000000.0,909000000.0,908000000.0
2025Q3,MA,-935000000.0,53289000000.0,,316000000.0,4.35,4.34,9574000000.0,19000000.0,,4999000000.0,1072000000.0,5591000000.0,,45370000000.0,,18983000000.0,,,,,8602000000.0,7904000000.0,7919000000.0,905000000.0,903000000.0
2025Q4,MA,-981000000.0,54157000000.0,,319000000.0,,,9560000000.0,13000000.0,,,,5554000000.0,,46411000000.0,,18251000000.0,,,,,,7737000000.0,7746000000.0,,
2026Q1,MA,-928000000.0,52449000000.0,,313000000.0,4.35,4.35,9525000000.0,0.0,,4812000000.0,930000000.0,5495000000.0,,45727000000.0,,17212000000.0,,,4035000000.0,,8398000000.0,6719000000.0,6722000000.0,893000000.0,891000000.0
2026Q2,MA,-1004000000.0,57691000000.0,,318000000.0,4.98,4.97,9498000000.0,0.0,,5486000000.0,1098000000.0,5466000000.0,,52085000000.0,,22184000000.0,,,,,9277000000.0,5611000000.0,5606000000.0,883000000.0,882000000.0
