q,ticker,AccumulatedOtherComprehensiveIncomeLossNetOfTax,Assets,AvailableForSaleSecurities,EarningsPerShareBasic,EarningsPerShareDiluted,Goodwill,IncomeLossFromContinuingOperationsBeforeIncomeTaxesExtraordinaryItemsNoncontrollingInterest,IncomeTaxExpenseBenefit,IntangibleAssetsNetExcludingGoodwill,InterestExpenseBorrowings,InterestIncomeExpenseNet,Liabilities,LongTermDebt,LongTermDebtNoncurrent,NetIncomeLoss,PaymentsForRepurchaseOfCommonStock,ProvisionForDoubtfulAccounts,RevenueFromContractWithCustomerExcludingAssessedTax,Revenues,StockholdersEquity,StockholdersEquityIncludingPortionAttributableToNoncontrollingInterest,WeightedAverageNumberOfDilutedSharesOutstanding,WeightedAverageNumberOfSharesOutstandingBasic
2006Q4,MCO,,,,,,,,,,,,,,,,,,,,,177900000.0,,
2007Q4,MCO,,,,,,,,,,,,,,,,,,,,,-771900000.0,,
2008Q2,MCO,,,,0.55,0.54,,,86200000.0,,,-12400000.0,,,,135200000.0,,,,487600000.0,,,248100000.0,244600000.0
2008Q3,MCO,,,,0.47,0.46,,,70900000.0,,,-12600000.0,,,,113000000.0,,,,433400000.0,,,244600000.0,241300000.0
2008Q4,MCO,-52100000.0,1773400000.0,,,,338000000.0,,,114000000.0,,,2759500000.0,,750000000.0,,,,,,-994400000.0,-986100000.0,,
2009Q1,MCO,,,,0.38,0.38,,,50500000.0,,,-3300000.0,,,,90200000.0,,,,408900000.0,,,236500000.0,235400000.0
2009Q2,MCO,-30100000.0,1873800000.0,,0.46,0.46,344600000.0,,63600000.0,106700000.0,12500000.0,-6100000.0,2623300000.0,,750000000.0,109300000.0,,,,450700000.0,-757300000.0,-749500000.0,238100000.0,236100000.0
2009Q3,MCO,-19200000.0,1874200000.0,,0.43,0.42,350400000.0,,61000000.0,104200000.0,10400000.0,-11500000.0,2521700000.0,,748100000.0,100600000.0,,,,451800000.0,-656900000.0,-647500000.0,238200000.0,236400000.0
2009Q4,MCO,-41200000.0,2003300000.0,,0.43,0.43,349200000.0,,,104900000.0,,,2599400000.0,,746200000.0,101900000.0,,,,485800000.0,-606200000.0,-596100000.0,,
2010Q1,MCO,-85700000.0,2003300000.0,,0.48,0.47,347300000.0,,67800000.0,100100000.0,10800000.0,-13300000.0,2537300000.0,,744400000.0,113400000.0,29900000.0,,,476600000.0,-541600000.0,-534000000.0,239100000.0,236900000.0
2010Q2,MCO,-83300000.0,1957700000.0,,0.51,0.51,345100000.0,,55300000.0,93100000.0,10600000.0,,2449600000.0,,742500000.0,121000000.0,,,,477800000.0,-500100000.0,-491900000.0,236500000.0,235300000.0
2010Q3,MCO,-24600000.0,2348200000.0,,0.58,0.58,355200000.0,,44200000.0,93300000.0,14000000.0,,2645800000.0,,1235600000.0,136000000.0,,,,513300000.0,-307700000.0,-297600000.0,235700000.0,234300000.0
2010Q4,MCO,-33400000.0,2540300000.0,,0.59,0.58,465500000.0,,,168800000.0,,,2838700000.0,,1228300000.0,137400000.0,,,,564300000.0,-309600000.0,-298400000.0,,
2011Q1,MCO,-9400000.0,2524400000.0,,0.68,0.67,463300000.0,,78100000.0,167700000.0,16400000.0,,2747600000.0,,1221100000.0,155500000.0,127600000.0,,,577100000.0,-231900000.0,-223200000.0,231400000.0,228900000.0
2011Q2,MCO,1500000.0,2744600000.0,,0.83,0.82,470400000.0,,73500000.0,166800000.0,16300000.0,,2761200000.0,,1228000000.0,189000000.0,,,,605200000.0,-26100000.0,-16600000.0,231500000.0,228200000.0
2011Q3,MCO,-70500000.0,2521300000.0,,0.58,0.57,451100000.0,,52700000.0,153000000.0,16200000.0,,2695500000.0,,1200900000.0,130700000.0,,,,531300000.0,-184000000.0,-174200000.0,229000000.0,226000000.0
2011Q4,MCO,-107500000.0,2876100000.0,,0.43,0.43,642900000.0,,,253600000.0,,,2974000000.0,,1172500000.0,96200000.0,,,,567100000.0,-169000000.0,-158400000.0,,
2012Q1,MCO,-78700000.0,2994400000.0,,0.78,0.76,656300000.0,,83100000.0,249300000.0,16400000.0,,2833800000.0,,1137400000.0,173500000.0,0.0,,,646800000.0,82700000.0,91200000.0,227400000.0,223400000.0
2012Q2,MCO,-120800000.0,2963900000.0,,0.77,0.76,638100000.0,,88900000.0,238000000.0,16400000.0,,2785100000.0,,1110800000.0,172500000.0,,,,640800000.0,99100000.0,108300000.0,227200000.0,223900000.0
2012Q3,MCO,-85800000.0,3662300000.0,,0.83,0.81,646300000.0,,77900000.0,233300000.0,19300000.0,,3271000000.0,,1611900000.0,183900000.0,,,,688500000.0,311600000.0,322100000.0,226100000.0,222500000.0
2012Q4,MCO,-82100000.0,3960900000.0,,0.72,0.7,637100000.0,,,226500000.0,,,3492000000.0,,1607400000.0,160100000.0,,,,754200000.0,385200000.0,396600000.0,,
2013Q1,MCO,-138800000.0,3911200000.0,,0.84,0.83,623800000.0,,76100000.0,212700000.0,21000000.0,,3371000000.0,,1610200000.0,188400000.0,91300000.0,,,731800000.0,457100000.0,464900000.0,227200000.0,223300000.0
2013Q2,MCO,-149900000.0,3794300000.0,,1.01,1.0,619800000.0,,108400000.0,202000000.0,20500000.0,,3258800000.0,,1605000000.0,225500000.0,,,,756000000.0,447600000.0,456800000.0,226200000.0,222300000.0
2013Q3,MCO,-100200000.0,4154500000.0,,0.84,0.83,630800000.0,,76700000.0,198200000.0,23900000.0,,3781100000.0,,2098600000.0,183900000.0,,,,705500000.0,281500000.0,291900000.0,222000000.0,217800000.0
2013Q4,MCO,-54600000.0,4395100000.0,,0.96,0.94,665200000.0,,,221600000.0,,,3967200000.0,,2101800000.0,206700000.0,,,,779200000.0,337000000.0,347900000.0,,
2014Q1,MCO,-61300000.0,4353400000.0,,1.02,1.0,656600000.0,,89900000.0,212800000.0,26100000.0,,3853600000.0,,2097500000.0,218000000.0,201600000.0,,,767200000.0,385300000.0,393300000.0,218500000.0,214000000.0
2014Q2,MCO,-47300000.0,4786600000.0,44600000.0,1.51,1.48,955200000.0,,160800000.0,310500000.0,25600000.0,,3990100000.0,,2104500000.0,319200000.0,,,,873500000.0,445400000.0,673900000.0,215700000.0,212000000.0
2014Q3,MCO,-133600000.0,4993700000.0,43400000.0,1.02,1.0,1000300000.0,,109900000.0,349800000.0,38800000.0,,4375800000.0,,2536500000.0,215200000.0,,,,816100000.0,250700000.0,480300000.0,214200000.0,210400000.0
2014Q4,MCO,-235200000.0,4669000000.0,48000000.0,1.14,1.12,1021100000.0,,,345500000.0,,,4626100000.0,,2547300000.0,236300000.0,,,,877500000.0,-187800000.0,42900000.0,,
2015Q1,MCO,-322400000.0,4976000000.0,47300000.0,1.14,1.11,988000000.0,,113200000.0,328000000.0,28300000.0,,5122200000.0,,3095100000.0,230100000.0,365800000.0,,,865600000.0,-373700000.0,-146200000.0,206500000.0,202700000.0
2015Q2,MCO,-280800000.0,4999500000.0,,1.3,1.28,1006800000.0,,115100000.0,322600000.0,30700000.0,,5102900000.0,,3106100000.0,261700000.0,,,,918100000.0,-331200000.0,-103400000.0,204400000.0,201300000.0
2015Q3,MCO,-320300000.0,4772900000.0,36200000.0,1.16,1.14,990000000.0,,109800000.0,308800000.0,29800000.0,,5013100000.0,,3124500000.0,231600000.0,,,,834900000.0,-469900000.0,-240200000.0,202500000.0,199400000.0
2015Q4,MCO,-339500000.0,5103000000.0,31900000.0,1.11,1.09,976300000.0,,,299100000.0,,,5436000000.0,3380600000.0,3380600000.0,217900000.0,,,,865900000.0,-565000000.0,-333000000.0,,
2016Q1,MCO,-301500000.0,5114900000.0,32200000.0,0.95,0.93,1050900000.0,,89000000.0,329200000.0,34600000.0,,5466400000.0,,3428600000.0,184400000.0,262100000.0,,,816100000.0,-581600000.0,-351500000.0,197900000.0,195000000.0
2016Q2,MCO,-316800000.0,5044900000.0,32900000.0,1.32,1.3,1047200000.0,,120800000.0,319200000.0,35400000.0,,5414400000.0,,3420400000.0,255500000.0,,,,928900000.0,-600000000.0,-369500000.0,195800000.0,193400000.0
2016Q3,MCO,-305700000.0,5019300000.0,32900000.0,1.33,1.31,1040800000.0,,112400000.0,307800000.0,35600000.0,,5377200000.0,3418100000.0,3118200000.0,255300000.0,,,,917100000.0,-564500000.0,-357900000.0,194300000.0,191700000.0
2016Q4,MCO,-364900000.0,5327300000.0,32600000.0,-2.25,-2.25,1023600000.0,,,296400000.0,,,6354600000.0,3363000000.0,3063000000.0,-428600000.0,,,,942100000.0,-1225000000.0,-1027000000.0,,
2017Q1,MCO,-357300000.0,5435900000.0,32500000.0,1.81,1.78,1029600000.0,,105400000.0,289800000.0,44700000.0,,6160100000.0,3861900000.0,3861900000.0,345600000.0,55000000.0,,975200000.0,975200000.0,-927100000.0,-724200000.0,194300000.0,191100000.0
2017Q2,MCO,-309700000.0,6536300000.0,34400000.0,1.63,1.61,1054500000.0,,148400000.0,287100000.0,46400000.0,,7003800000.0,4887100000.0,4887100000.0,312200000.0,,,1000500000.0,1000500000.0,-679800000.0,-467500000.0,193800000.0,191000000.0
2017Q3,MCO,-257800000.0,8304900000.0,27000000.0,1.66,1.63,3722100000.0,,146100000.0,1633100000.0,48800000.0,,8461700000.0,5406600000.0,5107300000.0,317300000.0,,,1062900000.0,1062900000.0,-369100000.0,-156800000.0,194100000.0,191100000.0
2017Q4,MCO,-172200000.0,8594200000.0,21100000.0,0.13,0.13,3753000000.0,,,1631600000.0,,,8709100000.0,5410600000.0,5111100000.0,25500000.0,,,1165500000.0,1165500000.0,-327700000.0,-115000000.0,,
2018Q1,MCO,-51900000.0,9014000000.0,,1.95,1.92,3831500000.0,,64300000.0,1641600000.0,51300000.0,,8594000000.0,5417700000.0,5118000000.0,373000000.0,43400000.0,,1127000000.0,1126700000.0,199700000.0,420000000.0,194500000.0,191400000.0
2018Q2,MCO,-304800000.0,8751600000.0,,1.96,1.94,3662700000.0,,117600000.0,1541400000.0,49400000.0,,8291500000.0,5234100000.0,4934200000.0,376000000.0,,,1175000000.0,1175100000.0,242900000.0,460100000.0,194400000.0,191900000.0
2018Q3,MCO,-342000000.0,8439100000.0,,1.62,1.59,3661300000.0,,100800000.0,1517600000.0,46400000.0,,7833000000.0,4929600000.0,4484000000.0,310000000.0,,,1081000000.0,1080800000.0,400100000.0,606100000.0,194500000.0,191800000.0
2018Q4,MCO,-426000000.0,9526000000.0,,1.31,1.29,3781000000.0,,,1566000000.0,,,8870000000.0,5676000000.0,5226000000.0,251000000.0,,,1060000000.0,,459000000.0,656000000.0,,
2019Q1,MCO,-455500000.0,9518100000.0,,1.96,1.93,3762500000.0,,38000000.0,1530400000.0,46000000.0,,9193100000.0,5228600000.0,5228600000.0,373000000.0,448000000.0,,1142000000.0,1142100000.0,123200000.0,325000000.0,192800000.0,190400000.0
2019Q2,MCO,-446100000.0,9591600000.0,,1.64,1.62,3664900000.0,,121000000.0,1486000000.0,42000000.0,,9016900000.0,5258000000.0,5258000000.0,310000000.0,,,1214000000.0,,352800000.0,575000000.0,191300000.0,189400000.0
2019Q3,MCO,-537300000.0,9477800000.0,,2.01,1.99,3610000000.0,,130000000.0,1454100000.0,37000000.0,,8774700000.0,5238000000.0,4736500000.0,380000000.0,,,1240000000.0,,472600000.0,697000000.0,191100000.0,189000000.0
2019Q4,MCO,-439000000.0,10265000000.0,,1.91,1.88,3722000000.0,,,1498000000.0,,,9428000000.0,5581000000.0,5581000000.0,359000000.0,,,1233000000.0,,612000000.0,831000000.0,,
2020Q1,MCO,-554000000.0,11306000000.0,,2.6,2.57,4122000000.0,,77000000.0,1709000000.0,31000000.0,,10501000000.0,6303000000.0,6303000000.0,488000000.0,253000000.0,24000000.0,1290000000.0,,582000000.0,799000000.0,189600000.0,187500000.0
2020Q2,MCO,-542000000.0,11298000000.0,,2.71,2.69,4162000000.0,666000000.0,157000000.0,1697000000.0,48000000.0,,10061000000.0,6333000000.0,6333000000.0,509000000.0,,,1435000000.0,,1041000000.0,1232000000.0,189000000.0,187700000.0
2020Q3,MCO,-504000000.0,11672000000.0,,2.49,2.47,4282000000.0,599000000.0,132000000.0,1717000000.0,42000000.0,,9979000000.0,6363000000.0,6363000000.0,467000000.0,,,1356000000.0,,1497000000.0,1688000000.0,189300000.0,187800000.0
2020Q4,MCO,-432000000.0,12409000000.0,,,,4556000000.0,,,1824000000.0,,,10646000000.0,6422000000.0,6422000000.0,,,,,,1569000000.0,1763000000.0,,
2021Q1,MCO,-440000000.0,12500000000.0,,3.93,3.9,4566000000.0,862000000.0,126000000.0,1810000000.0,41000000.0,,10275000000.0,6340000000.0,6340000000.0,736000000.0,132000000.0,,1600000000.0,,2030000000.0,2225000000.0,188600000.0,187200000.0
2021Q2,MCO,-425000000.0,12552000000.0,,3.09,3.07,4590000000.0,758000000.0,181000000.0,1784000000.0,41000000.0,,10172000000.0,6355000000.0,6355000000.0,577000000.0,,,1553000000.0,,2186000000.0,2380000000.0,187900000.0,186700000.0
2021Q3,MCO,-462000000.0,14414000000.0,,2.55,2.53,5898000000.0,619000000.0,145000000.0,2510000000.0,47000000.0,,11795000000.0,7476000000.0,6969000000.0,474000000.0,,,1526000000.0,,2430000000.0,2619000000.0,187300000.0,186000000.0
2021Q4,MCO,-410000000.0,14680000000.0,,,,5999000000.0,,,2467000000.0,,,11764000000.0,7413000000.0,7413000000.0,,,,,,2727000000.0,2916000000.0,,
2022Q1,MCO,-471000000.0,14739000000.0,,2.69,2.68,6039000000.0,609000000.0,111000000.0,2422000000.0,48000000.0,,12157000000.0,7786000000.0,7285000000.0,498000000.0,560000000.0,12000000.0,1522000000.0,,2394000000.0,2582000000.0,186100000.0,185100000.0
2022Q2,MCO,-599000000.0,14315000000.0,,1.78,1.77,5841000000.0,443000000.0,116000000.0,2300000000.0,50000000.0,,11836000000.0,7657000000.0,7158000000.0,327000000.0,,,1381000000.0,,2294000000.0,2479000000.0,184900000.0,184100000.0
2022Q3,MCO,-748000000.0,13939000000.0,,1.65,1.65,5617000000.0,381000000.0,78000000.0,2182000000.0,54000000.0,,11509000000.0,7476000000.0,7476000000.0,303000000.0,,,1275000000.0,,2255000000.0,2430000000.0,183900000.0,183200000.0
2022Q4,MCO,-643000000.0,14349000000.0,,,,5839000000.0,,,2210000000.0,,,11660000000.0,7389000000.0,7389000000.0,,,,,,2519000000.0,2689000000.0,,
2023Q1,MCO,-589000000.0,14719000000.0,,2.73,2.72,5892000000.0,506000000.0,5000000.0,2177000000.0,70000000.0,,11661000000.0,7462000000.0,6963000000.0,501000000.0,41000000.0,3000000.0,1470000000.0,,2891000000.0,3058000000.0,184100000.0,183300000.0
2023Q2,MCO,-570000000.0,14691000000.0,,2.05,2.05,5926000000.0,492000000.0,115000000.0,2138000000.0,75000000.0,,11379000000.0,7223000000.0,6923000000.0,377000000.0,,,1494000000.0,,3144000000.0,3312000000.0,184100000.0,183500000.0
2023Q3,MCO,-652000000.0,14191000000.0,,2.12,2.11,5831000000.0,487000000.0,97000000.0,2058000000.0,75000000.0,,10839000000.0,6851000000.0,6851000000.0,389000000.0,,,1472000000.0,,3191000000.0,3352000000.0,184000000.0,183300000.0
2023Q4,MCO,-567000000.0,14622000000.0,,,,5956000000.0,,,2049000000.0,,,11146000000.0,7001000000.0,7001000000.0,,,,,,3318000000.0,3476000000.0,,
2024Q1,MCO,-608000000.0,15011000000.0,,3.16,3.15,5909000000.0,752000000.0,175000000.0,1983000000.0,74000000.0,,11276000000.0,6944000000.0,6259000000.0,577000000.0,120000000.0,4000000.0,1786000000.0,,3575000000.0,3735000000.0,183400000.0,182600000.0
2024Q2,MCO,-617000000.0,15013000000.0,,3.03,3.02,5891000000.0,719000000.0,166000000.0,1930000000.0,74000000.0,,11075000000.0,6941000000.0,6253000000.0,552000000.0,,,1817000000.0,,3778000000.0,3938000000.0,183000000.0,182300000.0
2024Q3,MCO,-503000000.0,15769000000.0,,2.94,2.93,6148000000.0,703000000.0,169000000.0,1970000000.0,79000000.0,,11701000000.0,7569000000.0,6876000000.0,534000000.0,,,1813000000.0,,3905000000.0,4068000000.0,182500000.0,181700000.0
2024Q4,MCO,-638000000.0,15505000000.0,,,,5994000000.0,,,1890000000.0,,,11778000000.0,7428000000.0,6731000000.0,,,,,,3565000000.0,3727000000.0,,
2025Q1,MCO,-578000000.0,15096000000.0,,3.47,3.46,6237000000.0,804000000.0,179000000.0,1978000000.0,72000000.0,,11238000000.0,6823000000.0,6823000000.0,625000000.0,373000000.0,5000000.0,1924000000.0,,3700000000.0,3858000000.0,180700000.0,180000000.0
2025Q2,MCO,-519000000.0,15487000000.0,,3.22,3.21,6481000000.0,772000000.0,193000000.0,1989000000.0,62000000.0,,11379000000.0,6967000000.0,6967000000.0,578000000.0,,,1898000000.0,,3949000000.0,4108000000.0,180200000.0,179700000.0
2025Q3,MCO,-538000000.0,15415000000.0,,3.61,3.6,6465000000.0,867000000.0,220000000.0,1916000000.0,59000000.0,,11303000000.0,6983000000.0,6983000000.0,646000000.0,,,2007000000.0,,3957000000.0,4112000000.0,179600000.0,178900000.0
2025Q4,MCO,-500000000.0,15830000000.0,,,,6368000000.0,,,1866000000.0,,,11625000000.0,6994000000.0,6994000000.0,,,,,,4054000000.0,4205000000.0,,
2026Q1,MCO,-519000000.0,14732000000.0,,3.74,3.73,6335000000.0,870000000.0,209000000.0,1805000000.0,55000000.0,,11589000000.0,6963000000.0,6387000000.0,661000000.0,1471000000.0,4000000.0,2079000000.0,,2994000000.0,3143000000.0,177300000.0,176800000.0
2026Q2,MCO,-554000000.0,14675000000.0,,5.04,5.03,6318000000.0,1171000000.0,292000000.0,1749000000.0,55000000.0,,11509000000.0,6946000000.0,6375000000.0,878000000.0,,,2185000000.0,,3025000000.0,3166000000.0,174500000.0,174100000.0
