q,ticker,AccumulatedOtherComprehensiveIncomeLossNetOfTax,Assets,AvailableForSaleSecurities,BrokerageCommissionsRevenue,CommonStockSharesOutstanding,EarningsPerShareBasic,EarningsPerShareDiluted,FeesAndCommissions,Goodwill,IncomeLossFromContinuingOperationsBeforeIncomeTaxesExtraordinaryItemsNoncontrollingInterest,IncomeTaxExpenseBenefit,IntangibleAssetsNetExcludingGoodwill,InterestAndDividendIncomeOperating,InterestExpense,Liabilities,NetIncomeLoss,PaymentsForRepurchaseOfCommonStock,PrincipalTransactionsRevenue,ProvisionForDoubtfulAccounts,RevenueFromContractWithCustomerExcludingAssessedTax,Revenues,StockholdersEquity,WeightedAverageNumberOfDilutedSharesOutstanding,WeightedAverageNumberOfSharesOutstandingBasic
2008Q4,MKTX,,,,,,,,,,,,,,,,,,,,,,194493000.0,,
2009Q4,MKTX,,,,,,,,,,,,,,,,,,,,,,216502000.0,,
2010Q2,MKTX,,,,,,0.19,0.18,,,,4687000.0,,,,,7169000.0,,,,,35326000.0,,39514000.0,33733000.0
2010Q3,MKTX,,,,,,0.24,0.22,,,,4913000.0,,,,,8611000.0,,,,,37413000.0,,38744000.0,32945000.0
2010Q4,MKTX,-1651000.0,299521000.0,72552000.0,,,,,,31800000.0,,,,,,34730000.0,,,,,,,234476000.0,,
2011Q1,MKTX,,,,37785000.0,,0.3,0.27,,,,6886000.0,,,,,10780000.0,,,-64000.0,,43609000.0,,39301.0,36507.0
2011Q2,MKTX,-1693000.0,321267000.0,75696000.0,,,0.32,0.3,,,,7968000.0,,,,28410000.0,11937000.0,,,,,45791000.0,292857000.0,39490.0,36762.0
2011Q3,MKTX,-1692000.0,339200000.0,80200000.0,,,0.36,0.34,,,,8852000.0,,,,33367000.0,13444000.0,,,,,46564000.0,305833000.0,39828.0,37126.0
2011Q4,MKTX,-1882000.0,349458000.0,78110000.0,,,,,,31800000.0,,,,,,37019000.0,,,,,,,312439000.0,,
2012Q1,MKTX,-2213000.0,274510000.0,60086000.0,44902000.0,,0.37,0.35,,31800000.0,,9255000.0,,,,25593000.0,13493000.0,71116000.0,,354000.0,,50735000.0,248917000.0,38695000.0,36934000.0
2012Q2,MKTX,-2417000.0,289728000.0,58592000.0,,,0.35,0.34,,31800000.0,,8571000.0,,,,27993000.0,12629000.0,,,,,48825000.0,261735000.0,37440000.0,36128000.0
2012Q3,MKTX,-2817000.0,304928000.0,54181000.0,,,0.37,0.36,,31800000.0,21500000.0,7792000.0,,,,32994000.0,13482000.0,,,,,46402000.0,271934000.0,37541000.0,36500000.0
2012Q4,MKTX,-3093000.0,279841000.0,51208000.0,,,,,,31800000.0,,,,,,37124000.0,,,,,,,242717000.0,,
2013Q1,MKTX,-3483000.0,282881000.0,17059000.0,,,0.42,0.41,,,24671000.0,9126000.0,,,,30380000.0,15326000.0,,1300000.0,40000.0,,53651000.0,252501000.0,37673000.0,36774000.0
2013Q2,MKTX,-3565000.0,305378000.0,14479000.0,,,0.52,0.51,,26234000.0,31422000.0,12133000.0,,,,34814000.0,19343000.0,,,,,63507000.0,270564000.0,37819000.0,36868000.0
2013Q3,MKTX,-3931000.0,332688000.0,58437000.0,,,0.49,0.48,,26234000.0,26388000.0,8129000.0,,,,46068000.0,18213000.0,,,,,61133000.0,286620000.0,37965000.0,36919000.0
2013Q4,MKTX,-4083000.0,353910000.0,67742000.0,,37728857.0,,,,26085000.0,,,,,,43548000.0,,,,,,,310362000.0,,
2014Q1,MKTX,-4287000.0,346373000.0,63483000.0,,37771683.0,0.47,0.46,51989000.0,,27708000.0,10233000.0,,,,28112000.0,17475000.0,3386000.0,1100000.0,,,63398000.0,318261000.0,38096000.0,37121000.0
2014Q2,MKTX,-4430000.0,356719000.0,65742000.0,,37569035.0,0.49,0.48,54315000.0,,29071000.0,10880000.0,,,,33740000.0,18191000.0,,,,,64964000.0,322979000.0,37942000.0,37015000.0
2014Q3,MKTX,-4580000.0,362909000.0,57021000.0,,37429415.0,0.47,0.46,54462000.0,,28268000.0,10764000.0,,,,36606000.0,17504000.0,,,,,64245000.0,326303000.0,37805000.0,36856000.0
2014Q4,MKTX,-4537000.0,379884000.0,64863000.0,,37318722.0,,,,,,,,,,45676000.0,,,,,,,334208000.0,,
2015Q1,MKTX,-4523000.0,378694000.0,62195000.0,,37339484.0,0.67,0.65,67018000.0,,38502000.0,13909000.0,,,,34024000.0,24593000.0,8939000.0,3500000.0,,,76771000.0,344670000.0,37626000.0,36706000.0
2015Q2,MKTX,-4859000.0,398946000.0,67517000.0,,37308457.0,0.66,0.64,66412000.0,,37059000.0,12821000.0,,,,39089000.0,24238000.0,,,,,75491000.0,359857000.0,37642000.0,36699000.0
2015Q3,MKTX,-4969000.0,416322000.0,95516000.0,,37307916.0,0.62,0.6,65178000.0,,35353000.0,12638000.0,,,,42851000.0,22715000.0,,,,,74192000.0,373471000.0,37643000.0,36681000.0
2015Q4,MKTX,-5229000.0,439041000.0,84706000.0,,37409274.0,,,,,,,,,,48328000.0,,,,,,,390713000.0,,
2016Q1,MKTX,-7279000.0,451842000.0,72738000.0,,37571415.0,0.79,0.77,79093000.0,,44370000.0,15407000.0,,,,41426000.0,28963000.0,1199000.0,7500000.0,,,88573000.0,410416000.0,37671000.0,36775000.0
2016Q2,MKTX,-9049000.0,477115000.0,72650000.0,,37636794.0,0.9,0.88,86239000.0,,50551000.0,17425000.0,,,,40964000.0,33126000.0,,,,,96639000.0,436151000.0,37748000.0,36876000.0
2016Q3,MKTX,-10145000.0,502151000.0,94781000.0,,37594196.0,0.84,0.82,81456000.0,,46354000.0,15436000.0,,,,50451000.0,30918000.0,,,,,90271000.0,451700000.0,37792000.0,36889000.0
2016Q4,MKTX,-12228000.0,528042000.0,,,37543775.0,,,,,,,,,,60029000.0,,,,,,,468013000.0,,
2017Q1,MKTX,-12570000.0,530714000.0,,,37543170.0,1.15,1.11,94022000.0,,55607000.0,13144000.0,,,,48359000.0,42463000.0,12207000.0,11945000.0,,,102964000.0,482355000.0,38112000.0,36850000.0
2017Q2,MKTX,-11278000.0,547041000.0,,,37554123.0,1.03,1.0,87015000.0,,49573000.0,11550000.0,,,,45813000.0,38023000.0,,,,96314000.0,97314000.0,501228000.0,38077000.0,36853000.0
2017Q3,MKTX,-10150000.0,562347000.0,,,37547951.0,0.93,0.9,86270000.0,,47217000.0,13087000.0,,,,51439000.0,34130000.0,,,,95584000.0,96701000.0,510908000.0,38019000.0,36865000.0
2017Q4,MKTX,-10226000.0,581232000.0,,,37620736.0,,,,,,,,,,66464000.0,,,,,,,514768000.0,,
2018Q1,MKTX,-10292000.0,589273000.0,,,37614420.0,1.3,1.27,102772000.0,,61013000.0,13073000.0,,,,52109000.0,47940000.0,6268000.0,13524000.0,,114714000.0,114714000.0,537164000.0,37886000.0,36954000.0
2018Q2,MKTX,-11523000.0,617598000.0,,,37578970.0,1.1,1.07,,,53210000.0,12723000.0,,,,60220000.0,40487000.0,,,,106964000.0,,557378000.0,37862000.0,36950000.0
2018Q3,MKTX,-12033000.0,646131000.0,,,37596566.0,1.04,1.02,,,47797000.0,9203000.0,,,,67513000.0,38594000.0,,,,101443000.0,,578618000.0,37828000.0,36951000.0
2018Q4,MKTX,-12394000.0,695539000.0,,,37639917.0,,,,59713000.0,,,2962000.0,,,87661000.0,,,,,,,607878000.0,,
2019Q1,MKTX,-10817000.0,774809000.0,,,37700164.0,1.42,1.39,,,65220000.0,12698000.0,,,,143663000.0,52522000.0,5184000.0,,,124491000.0,,631146000.0,37832000.0,37043000.0
2019Q2,MKTX,-11458000.0,812009000.0,,,37753481.0,1.3,1.27,,,62909000.0,14804000.0,,,,150101000.0,48105000.0,,,,125490000.0,,661908000.0,37910000.0,37049000.0
2019Q3,MKTX,-12804000.0,855026000.0,,,37780778.0,1.46,1.42,,,67338000.0,13336000.0,,,,160403000.0,54002000.0,,,,131597000.0,,694623000.0,37995000.0,37066000.0
2019Q4,MKTX,-10270000.0,954930000.0,,,37935984.0,,,,146861000.0,,,60986000.0,,,184839000.0,,,,,,,770091000.0,,
2020Q1,MKTX,-14620000.0,975603000.0,,,37914922.0,2.01,1.96,,147394000.0,91702000.0,16886000.0,60285000.0,,,177720000.0,74816000.0,5415000.0,,,168978000.0,,797883000.0,38075000.0,37303000.0
2020Q2,MKTX,-14151000.0,1039217000.0,,,37937960.0,2.25,2.2,,147394000.0,104403000.0,20549000.0,59552000.0,,,185733000.0,83854000.0,,,,184795000.0,,853484000.0,38153000.0,37340000.0
2020Q3,MKTX,-10599000.0,1245504000.0,,,37964882.0,1.81,1.78,,147388000.0,87965000.0,20189000.0,58873000.0,,1046000.0,347965000.0,67776000.0,,,,164006000.0,,897539000.0,38160000.0,37386000.0
2020Q4,MKTX,-4650000.0,1331429000.0,,,38005330.0,,,,147388000.0,,,95354000.0,,,376368000.0,,,,,,,955061000.0,,
2021Q1,MKTX,-6582000.0,1545869000.0,,,37985818.0,2.15,2.11,,147388000.0,101801000.0,21344000.0,90945000.0,,191000.0,557636000.0,80457000.0,520000.0,,,195464000.0,,988233000.0,38155000.0,37470000.0
2021Q2,MKTX,-5444000.0,1537923000.0,,,38008484.0,1.79,1.77,,154789000.0,86053000.0,18765000.0,119989000.0,,171000.0,516063000.0,67288000.0,,,,176334000.0,,1021860000.0,38104000.0,37508000.0
2021Q3,MKTX,-10593000.0,1611918000.0,,,38026483.0,1.54,1.52,,154789000.0,74494000.0,16536000.0,119797000.0,,314000.0,556619000.0,57958000.0,,,,162093000.0,,1055299000.0,38084000.0,37529000.0
2021Q4,MKTX,-13330000.0,1530452000.0,,,37918956.0,,,,154789000.0,,,116377000.0,,,489143000.0,,,,,,,1041309000.0,,
2022Q1,MKTX,-18381000.0,1707485000.0,,,37816250.0,1.73,1.71,,154789000.0,90419000.0,25650000.0,111620000.0,59000.0,173000.0,683944000.0,64769000.0,38800000.0,,100000.0,186057000.0,,1023541000.0,37824000.0,37384000.0
2022Q2,MKTX,-39839000.0,1567710000.0,,,37640008.0,1.78,1.78,,154789000.0,89578000.0,22656000.0,105607000.0,254000.0,337000.0,566908000.0,66922000.0,,,,182229000.0,,1000802000.0,37608000.0,37529000.0
2022Q3,MKTX,-60087000.0,1559747000.0,,,37636921.0,1.58,1.58,,154789000.0,78863000.0,19556000.0,99887000.0,1433000.0,138000.0,541007000.0,59307000.0,,,200000.0,172112000.0,,1018740000.0,37567000.0,37479000.0
2022Q4,MKTX,-37697000.0,1607775000.0,,,37648148.0,,,,154789000.0,,,98065000.0,,,526682000.0,,,,,,,1081093000.0,,
2023Q1,MKTX,-31983000.0,1628462000.0,,,37669360.0,1.96,1.96,,154789000.0,98195000.0,24567000.0,94411000.0,4249000.0,130000.0,506930000.0,73628000.0,0.0,,200000.0,203169000.0,,1121532000.0,37645000.0,37478000.0
2023Q2,MKTX,-27903000.0,1619191000.0,,,37677426.0,1.6,1.59,,154789000.0,78950000.0,19091000.0,89812000.0,5312000.0,53000.0,454099000.0,59859000.0,,,100000.0,179846000.0,,1165092000.0,37588000.0,37485000.0
2023Q3,MKTX,-37608000.0,1737512000.0,,,37680665.0,1.47,1.46,,154789000.0,71743000.0,16802000.0,84687000.0,6590000.0,164000.0,546534000.0,54941000.0,,,200000.0,172284000.0,,1190978000.0,37574000.0,37491000.0
2023Q4,MKTX,-24370000.0,2015067000.0,,,37899688.0,,,,236706000.0,,,119108000.0,,,722104000.0,,,,,,,1292963000.0,,
2024Q1,MKTX,-28651000.0,1926963000.0,,,37938337.0,1.92,1.92,,236706000.0,96717000.0,24102000.0,113576000.0,5973000.0,316000.0,608730000.0,72615000.0,10147000.0,,100000.0,210318000.0,,1318233000.0,37790000.0,37740000.0
2024Q2,MKTX,-29227000.0,1886713000.0,,,37783610.0,1.72,1.72,,236706000.0,86337000.0,21399000.0,108420000.0,,621000.0,557492000.0,64938000.0,,,100000.0,197660000.0,,1329221000.0,37689000.0,37655000.0
2024Q3,MKTX,-10144000.0,1833049000.0,,,37724684.0,1.9,1.9,,236706000.0,92897000.0,21408000.0,104331000.0,,,446795000.0,71489000.0,,,200000.0,206715000.0,,1386254000.0,37608000.0,37527000.0
2024Q4,MKTX,-34699000.0,1789216000.0,,,37646374.0,,,,236706000.0,,,98078000.0,,,400556000.0,,,,,,,1388660000.0,,
2025Q1,MKTX,-23455000.0,1878096000.0,,,37571221.0,0.4,0.4,,236706000.0,96154000.0,81089000.0,94430000.0,,,530783000.0,15065000.0,38077000.0,,200000.0,208576000.0,,1347313000.0,37456000.0,37388000.0
2025Q2,MKTX,1321000.0,1974938000.0,,,37416106.0,1.91,1.91,,286020000.0,97416000.0,26236000.0,121397000.0,,,574038000.0,71149000.0,,,,219462000.0,,1386185000.0,37298000.0,37210000.0
2025Q3,MKTX,-3629000.0,2013908000.0,,,37149529.0,1.84,1.84,,283667000.0,93639000.0,25366000.0,115880000.0,,,623725000.0,68176000.0,,,,208821000.0,,1378450000.0,37109000.0,37023000.0
2025Q4,MKTX,-4361000.0,1934886000.0,,,35776886.0,,,,283667000.0,,,110629000.0,,,776627000.0,,,,,,,1145667000.0,,
2026Q1,MKTX,-11674000.0,2301536000.0,,,35542208.0,2.21,2.2,,283667000.0,103885000.0,25778000.0,105281000.0,,,1097619000.0,77882000.0,0.0,,100000.0,233380000.0,,1190397000.0,35386000.0,35301000.0
2026Q2,MKTX,-12317000.0,2422213000.0,,,35191353.0,1.93,1.93,,283667000.0,89762000.0,21439000.0,100245000.0,,,1168856000.0,68105000.0,,,,218415000.0,,1238916000.0,35242000.0,35203000.0
