q,ticker,AccumulatedOtherComprehensiveIncomeLossNetOfTax,Assets,AvailableForSaleSecurities,AvailableForSaleSecuritiesDebtSecurities,BrokerageCommissionsRevenue,CommonStockSharesOutstanding,Deposits,EarningsPerShareBasic,EarningsPerShareDiluted,FeesAndCommissions,FinancingReceivableAllowanceForCreditLosses,FinancingReceivableExcludingAccruedInterestBeforeAllowanceForCreditLoss,Goodwill,HeldToMaturitySecuritiesFairValue,IncomeLossFromContinuingOperationsBeforeIncomeTaxesExtraordinaryItemsNoncontrollingInterest,IncomeTaxExpenseBenefit,IntangibleAssetsNetExcludingGoodwill,InterestAndDividendIncomeOperating,InterestExpense,InterestExpenseBorrowings,InterestExpenseDeposits,InterestIncomeExpenseNet,InvestmentAdvisoryManagementAndAdministrativeFees,InvestmentBankingRevenue,Liabilities,LoansAndLeasesReceivableNetReportedAmount,LongTermDebt,NetIncomeLoss,NetIncomeLossAvailableToCommonStockholdersBasic,NoninterestBearingDepositLiabilities,NoninterestExpense,NoninterestIncome,NotesReceivableNet,PaymentsForRepurchaseOfCommonStock,ProvisionForLoanLeaseAndOtherLosses,RevenueFromContractWithCustomerExcludingAssessedTax,Revenues,RevenuesNetOfInterestExpense,StockholdersEquity,StockholdersEquityIncludingPortionAttributableToNoncontrollingInterest,TradingGainsLosses,WeightedAverageNumberOfDilutedSharesOutstanding,WeightedAverageNumberOfSharesOutstandingBasic
2007Q4,MS,,,,,,,,,,,,,,,,,,,,,,,,,,,,,,,,,,,,,,,,33348000000.0,,,
2008Q2,MS,,,,,,,,1.02,1.02,1116000000.0,,,,,,192000000.0,,9196000000.0,9063000000.0,,,133000000.0,,1288000000.0,,,,1143000000.0,1062000000.0,,5225000000.0,5978000000.0,,,,,6111000000.0,,,,2094000000.0,1044720912.0,1041178821.0
2008Q3,MS,,,,,,,,7.38,7.38,1107000000.0,,,,,,2974000000.0,,9626000000.0,8849000000.0,,,777000000.0,,1025000000.0,,,,8151000000.0,7684000000.0,,7330000000.0,17234000000.0,,,,,18011000000.0,,,42732000000.0,13185000000.0,1041677018.0,1040887906.0
2008Q4,MS,-420000000.0,676764000000.0,,,,1074497565.0,51355000000.0,,,,,,2256000000.0,,,-725000000.0,906000000.0,,,,,,,,627308000000.0,,179835000000.0,,,,,,,,,,,,48753000000.0,49456000000.0,,,
2009Q1,MS,,,,,,,,-0.57,-0.57,770000000.0,,,,,,-584000000.0,,,2309000000.0,,,-69000000.0,,873000000.0,,,,-177000000.0,-578000000.0,,3517000000.0,3003000000.0,,14000000.0,,,2934000000.0,,,49207000000.0,1355000000.0,1011741210.0,1011741210.0
2009Q2,MS,-342000000.0,676957000000.0,,,,1359204010.0,62382000000.0,-1.1,-1.1,973000000.0,,,6836000000.0,,,-318000000.0,5553000000.0,1393000000.0,1845000000.0,,42000000.0,-216000000.0,,1266000000.0,625494000000.0,,186792000000.0,149000000.0,-1256000000.0,,5776000000.0,5412000000.0,,,,,5196000000.0,,46586000000.0,51463000000.0,1732000000.0,1138444490.0,1138444490.0
2009Q3,MS,-299000000.0,769503000000.0,,,,1358900574.0,62415000000.0,0.39,0.38,1244000000.0,,,6977000000.0,,,521000000.0,5679000000.0,1989000000.0,1354000000.0,,143000000.0,496000000.0,,1208000000.0,717279000000.0,,196437000000.0,757000000.0,498000000.0,,6975000000.0,7972000000.0,,,,,8468000000.0,,46349000000.0,52224000000.0,3399000000.0,1300070107.0,1294298229.0
2009Q4,MS,-560000000.0,771462000000.0,,,,1360595214.0,62215000000.0,0.29,0.29,,,,7162000000.0,,,40000000.0,5054000000.0,,,,,561000000.0,,,718682000000.0,7259000000.0,193374000000.0,617000000.0,376000000.0,,6183000000.0,6275000000.0,,,,,6836000000.0,,46688000000.0,52780000000.0,,,
2010Q1,MS,-559000000.0,819719000000.0,18637000000.0,,,1398469576.0,63926000000.0,1.07,0.99,1260000000.0,,,7169000000.0,,2493000000.0,426000000.0,4998000000.0,1736000000.0,1368000000.0,,172000000.0,378000000.0,,1060000000.0,764540000000.0,7484000000.0,189203000000.0,1776000000.0,1412000000.0,,6493000000.0,8608000000.0,,262000000.0,,,8986000000.0,,48264000000.0,55179000000.0,3758000000.0,1626207327.0,1314608020.0
2010Q2,MS,-354000000.0,809456000000.0,19367000000.0,,,1397007417.0,61368000000.0,1.2,1.09,1308000000.0,,,6749000000.0,,1725000000.0,250000000.0,4924000000.0,1747000000.0,1606000000.0,,78000000.0,149000000.0,,1080000000.0,750297000000.0,7764000000.0,182810000000.0,1960000000.0,1578000000.0,,6200000000.0,7776000000.0,,,,,7925000000.0,,51013000000.0,59159000000.0,3353000000.0,1748208948.0,1317686493.0
2010Q3,MS,-116000000.0,841372000000.0,24254000000.0,,,1512989777.0,61202000000.0,-0.07,-0.07,1068000000.0,,,6766000000.0,,822000000.0,-12000000.0,4808000000.0,1851000000.0,1748000000.0,,30000000.0,111000000.0,,1221000000.0,775790000000.0,9568000000.0,196491000000.0,131000000.0,-91000000.0,,5911000000.0,6622000000.0,,,,,6733000000.0,,56876000000.0,65582000000.0,1441000000.0,1443100524.0,1377230354.0
2010Q4,MS,-467000000.0,807698000000.0,29649000000.0,,,1512000000.0,63812000000.0,0.42,0.41,,,,6739000000.0,,1191000000.0,90000000.0,4667000000.0,,,,,259000000.0,,,742291000000.0,,192457000000.0,836000000.0,600000000.0,30000000.0,6552000000.0,7484000000.0,,,,,7743000000.0,,57211000000.0,65407000000.0,,,
2011Q1,MS,-426000000.0,836185000000.0,27733000000.0,,,1545064012.0,63495000000.0,0.51,0.5,1439000000.0,,,6743000000.0,,896000000.0,-246000000.0,4581000000.0,1859000000.0,1853000000.0,,66000000.0,7000000.0,,1214000000.0,769677000000.0,,196136000000.0,968000000.0,736000000.0,,6662000000.0,7551000000.0,,273000000.0,,,7558000000.0,,58186000000.0,66508000000.0,2977000000.0,1472307592.0,1456015979.0
2011Q2,MS,-320000000.0,830747000000.0,24306000000.0,,,1929032583.0,65525000000.0,-0.38,-0.38,1283000000.0,,,6744000000.0,,1971000000.0,539000000.0,4474000000.0,1961000000.0,2029000000.0,,60000000.0,-66000000.0,,1695000000.0,762604000000.0,,196106000000.0,1193000000.0,-558000000.0,,7229000000.0,9266000000.0,,,,,9200000000.0,,59707000000.0,68143000000.0,3484000000.0,1464295984.0,1464295984.0
2011Q3,MS,-413000000.0,794939000000.0,27697000000.0,27697000000.0,,1927539703.0,66184000000.0,1.16,1.15,1476000000.0,,,6709000000.0,,3688000000.0,1415000000.0,4370000000.0,1753000000.0,1608000000.0,,59000000.0,145000000.0,,1031000000.0,724845000000.0,,189093000000.0,2199000000.0,2153000000.0,,6115000000.0,9658000000.0,,,,,9803000000.0,,61828000000.0,70094000000.0,4960000000.0,1868743943.0,1848246471.0
2011Q4,MS,-157000000.0,749898000000.0,30495000000.0,30480000000.0,,1927000000.0,65662000000.0,-0.15,-0.15,,17000000.0,,6686000000.0,,-456000000.0,-298000000.0,4285000000.0,,,,,270000000.0,,,679820000000.0,,184234000000.0,-250000000.0,-275000000.0,1270000000.0,6131000000.0,5405000000.0,,,,,5675000000.0,,62049000000.0,70078000000.0,,,
2012Q1,MS,-60000000.0,781030000000.0,32528000000.0,32514000000.0,,1978337922.0,66441000000.0,-0.06,-0.06,1177000000.0,26000000.0,,6700000000.0,,203000000.0,54000000.0,4170000000.0,1542000000.0,1601000000.0,,45000000.0,-59000000.0,,1063000000.0,710438000000.0,,176723000000.0,-94000000.0,-119000000.0,,6719000000.0,6981000000.0,,183000000.0,10000000.0,,6922000000.0,,62324000000.0,70592000000.0,2402000000.0,1876961836.0,1876961836.0
2012Q2,MS,-220000000.0,748517000000.0,31442000000.0,31437000000.0,,1977402742.0,68252000000.0,0.3,0.29,1040000000.0,77000000.0,,6610000000.0,,938000000.0,225000000.0,3987000000.0,1323000000.0,1483000000.0,,45000000.0,-161000000.0,,1104000000.0,676880000000.0,,167828000000.0,591000000.0,564000000.0,,6001000000.0,7100000000.0,,,44000000.0,,6939000000.0,,62841000000.0,71637000000.0,2469000000.0,1911709377.0,1885179182.0
2012Q3,MS,-146000000.0,764985000000.0,40498000000.0,40491000000.0,,1975040372.0,70757000000.0,-0.55,-0.55,988000000.0,101000000.0,,6622000000.0,,-1482000000.0,-525000000.0,3905000000.0,1379000000.0,1534000000.0,,46000000.0,-158000000.0,,1152000000.0,695513000000.0,,168444000000.0,-1023000000.0,-1047000000.0,,6760000000.0,5436000000.0,,,,,5278000000.0,,61799000000.0,65170000000.0,607000000.0,1889300631.0,1889300631.0
2012Q4,MS,-516000000.0,780960000000.0,39869000000.0,39861000000.0,,1944868751.0,83266000000.0,0.3,0.29,,106000000.0,,6650000000.0,,861000000.0,9000000.0,3783000000.0,,,,,173000000.0,,,711223000000.0,29046000000.0,169571000000.0,594000000.0,568000000.0,1037000000.0,6102000000.0,6790000000.0,23917000000.0,,,,6963000000.0,,62109000000.0,65428000000.0,,,
2013Q1,MS,-694000000.0,801383000000.0,41454000000.0,41446000000.0,,1960582868.0,80623000000.0,0.49,0.48,1167000000.0,129000000.0,,6633000000.0,,1600000000.0,350000000.0,3694000000.0,1388000000.0,1206000000.0,,41000000.0,182000000.0,2346000000.0,1224000000.0,730886000000.0,,165142000000.0,962000000.0,936000000.0,,6572000000.0,7990000000.0,30615000000.0,306000000.0,27000000.0,,8172000000.0,,62704000000.0,66072000000.0,2694000000.0,1940264085.0,1901204729.0
2013Q2,MS,-1169000000.0,802691000000.0,42858000000.0,42848000000.0,,1959326270.0,81514000000.0,0.42,0.41,1217000000.0,125000000.0,,6600000000.0,,1795000000.0,575000000.0,3602000000.0,1268000000.0,1064000000.0,,41000000.0,204000000.0,2404000000.0,1303000000.0,736577000000.0,,161098000000.0,980000000.0,803000000.0,,6725000000.0,8316000000.0,34571000000.0,,7000000.0,,8520000000.0,,63181000000.0,66114000000.0,2894000000.0,1951362736.0,1907737175.0
2013Q3,MS,-1014000000.0,832223000000.0,46866000000.0,46852000000.0,,1953350711.0,104807000000.0,0.46,0.45,1079000000.0,166000000.0,,6591000000.0,,1365000000.0,363000000.0,3514000000.0,1261000000.0,1151000000.0,,44000000.0,110000000.0,2389000000.0,1160000000.0,763982000000.0,,157805000000.0,906000000.0,880000000.0,,6591000000.0,7846000000.0,37734000000.0,,,,7956000000.0,,65128000000.0,68241000000.0,2259000000.0,1964812610.0,1909350788.0
2013Q4,MS,-1093000000.0,832702000000.0,53430000000.0,53417000000.0,,1944868751.0,112379000000.0,0.02,0.02,,156000000.0,,6595000000.0,,-202000000.0,-386000000.0,3286000000.0,,,,,282000000.0,,,763672000000.0,42874000000.0,153575000000.0,84000000.0,36000000.0,0.0,8047000000.0,7563000000.0,36545000000.0,,,,7845000000.0,,65921000000.0,69030000000.0,,,
2014Q1,MS,-968000000.0,831381000000.0,58886000000.0,58863000000.0,,1971686139.0,116648000000.0,0.75,0.74,1216000000.0,124000000.0,,6601000000.0,,2370000000.0,785000000.0,3210000000.0,1343000000.0,1035000000.0,,23000000.0,308000000.0,2549000000.0,1308000000.0,761113000000.0,46305000000.0,153374000000.0,1505000000.0,1449000000.0,,6626000000.0,8688000000.0,41575000000.0,,-29000000.0,,8996000000.0,8996000000.0,67071000000.0,70268000000.0,2962000000.0,1969652798.0,1924270160.0
2014Q2,MS,-733000000.0,826568000000.0,65474000000.0,65455000000.0,,1964503356.0,117695000000.0,0.94,0.92,1138000000.0,138000000.0,,6600000000.0,,1932000000.0,15000000.0,3137000000.0,1250000000.0,983000000.0,,17000000.0,267000000.0,2621000000.0,1633000000.0,754367000000.0,55260000000.0,149483000000.0,1899000000.0,1820000000.0,,6676000000.0,8341000000.0,48630000000.0,,,,8608000000.0,8608000000.0,70755000000.0,72201000000.0,2516000000.0,1969698239.0,1928250328.0
2014Q3,MS,-1115000000.0,814511000000.0,63547000000.0,63530000000.0,,1958386188.0,124382000000.0,0.85,0.83,1124000000.0,141000000.0,,6589000000.0,,2220000000.0,463000000.0,3054000000.0,1384000000.0,827000000.0,,12000000.0,557000000.0,2716000000.0,1551000000.0,740500000000.0,58209000000.0,152357000000.0,1693000000.0,1629000000.0,,6687000000.0,8350000000.0,51465000000.0,,,,8907000000.0,8907000000.0,72918000000.0,74011000000.0,2448000000.0,1970922473.0,1922995835.0
2014Q4,MS,-1248000000.0,801510000000.0,69216000000.0,69316000000.0,,1951000000.0,133544000000.0,-0.91,-0.91,,149000000.0,,6588000000.0,,-2931000000.0,-1353000000.0,3159000000.0,,,,,603000000.0,,,729406000000.0,66577000000.0,152772000000.0,-1630000000.0,-1749000000.0,0.0,10695000000.0,7161000000.0,57119000000.0,,,,7764000000.0,7764000000.0,70900000000.0,72104000000.0,,,
2015Q1,MS,-1266000000.0,829099000000.0,67830000000.0,,,1971443739.0,135815000000.0,1.2,1.18,1186000000.0,165000000.0,,6597000000.0,,2855000000.0,387000000.0,3064000000.0,1484000000.0,888000000.0,,18000000.0,596000000.0,2681000000.0,1357000000.0,753633000000.0,68703000000.0,155545000000.0,2394000000.0,2314000000.0,0.0,7052000000.0,9311000000.0,60446000000.0,,26000000.0,,9907000000.0,9907000000.0,74162000000.0,75466000000.0,3650000000.0,1962996441.0,1924122199.0
2015Q2,MS,-1447000000.0,825755000000.0,63709000000.0,,,0.0,139203000000.0,0.87,0.85,1158000000.0,169000000.0,,6594000000.0,,2727000000.0,894000000.0,3151000000.0,1386000000.0,688000000.0,,17000000.0,698000000.0,2742000000.0,1614000000.0,749688000000.0,75893000000.0,158089000000.0,1807000000.0,1665000000.0,,7016000000.0,9045000000.0,66424000000.0,,4000000.0,,9743000000.0,9743000000.0,75038000000.0,76067000000.0,2973000000.0,1960000000.0,1919000000.0
2015Q3,MS,-1419000000.0,834113000000.0,61159000000.0,,,1938069312.0,147226000000.0,0.49,0.48,1115000000.0,173000000.0,,6587000000.0,,1474000000.0,423000000.0,3069000000.0,1451000000.0,689000000.0,,17000000.0,762000000.0,2732000000.0,1313000000.0,757693000000.0,78209000000.0,160343000000.0,1018000000.0,939000000.0,,6293000000.0,7005000000.0,69010000000.0,,,,,7767000000.0,75287000000.0,76420000000.0,2026000000.0,1949000000.0,1904000000.0
2015Q4,MS,-1656000000.0,787465000000.0,66759000000.0,,,1920000000.0,156034000000.0,0.4,0.39,,225000000.0,,6584000000.0,,1439000000.0,496000000.0,2984000000.0,,,,,1037000000.0,,,711281000000.0,85759000000.0,153768000000.0,908000000.0,753000000.0,,6299000000.0,6701000000.0,72559000000.0,,,,,7738000000.0,75182000000.0,76184000000.0,,,
2016Q1,MS,-1238000000.0,807497000000.0,68167000000.0,,,1938294368.0,157591000000.0,0.56,0.55,1055000000.0,330000000.0,,6586000000.0,,1738000000.0,578000000.0,2909000000.0,1747000000.0,848000000.0,965000000.0,22000000.0,899000000.0,2620000000.0,1107000000.0,730322000000.0,88802000000.0,162804000000.0,1134000000.0,1055000000.0,,6054000000.0,6893000000.0,75566000000.0,,112000000.0,,,7792000000.0,76010000000.0,77175000000.0,2065000000.0,1915000000.0,1883000000.0
2016Q2,MS,-905000000.0,828873000000.0,67726000000.0,,,1917509492.0,152693000000.0,0.76,0.75,1020000000.0,323000000.0,,6581000000.0,,2483000000.0,833000000.0,2833000000.0,1667000000.0,754000000.0,851000000.0,15000000.0,913000000.0,2637000000.0,1224000000.0,750498000000.0,93165000000.0,163492000000.0,1582000000.0,1425000000.0,,6426000000.0,7996000000.0,77283000000.0,,16000000.0,,,8909000000.0,77116000000.0,78375000000.0,2746000000.0,1899000000.0,1866000000.0
2016Q3,MS,-1070000000.0,813891000000.0,65732000000.0,,,1876466446.0,151843000000.0,0.83,0.81,991000000.0,287000000.0,,6584000000.0,,2381000000.0,749000000.0,2747000000.0,1734000000.0,731000000.0,814000000.0,12000000.0,1003000000.0,2686000000.0,1225000000.0,735429000000.0,92508000000.0,163927000000.0,1597000000.0,1518000000.0,,6528000000.0,7906000000.0,80400000000.0,,1000000.0,,,8909000000.0,77149000000.0,78462000000.0,2609000000.0,1879000000.0,1838000000.0
2016Q4,MS,-2643000000.0,814949000000.0,63170000000.0,63164000000.0,,1852000000.0,155863000000.0,0.84,0.81,,274000000.0,,6577000000.0,16453000000.0,2246000000.0,566000000.0,2721000000.0,,,,,883000000.0,,,737772000000.0,94248000000.0,164775000000.0,1666000000.0,1510000000.0,,6775000000.0,8138000000.0,81704000000.0,,,,,9021000000.0,76050000000.0,77177000000.0,,,
2017Q1,MS,-2450000000.0,832391000000.0,61166000000.0,61159000000.0,,1851942590.0,152109000000.0,1.02,1.0,1033000000.0,297000000.0,,6588000000.0,19517000000.0,2808000000.0,815000000.0,2644000000.0,1965000000.0,1194000000.0,1022000000.0,11000000.0,771000000.0,2767000000.0,1545000000.0,753307000000.0,95953000000.0,172688000000.0,1930000000.0,1840000000.0,,6937000000.0,8974000000.0,83302000000.0,,22000000.0,,,9745000000.0,77924000000.0,79084000000.0,3235000000.0,1842000000.0,1801000000.0
2017Q2,MS,,841016000000.0,50488000000.0,50482000000.0,,1839578174.0,144913000000.0,0.89,0.87,1027000000.0,306000000.0,,6591000000.0,20697000000.0,2642000000.0,846000000.0,2567000000.0,2106000000.0,1355000000.0,1067000000.0,14000000.0,751000000.0,2902000000.0,1530000000.0,761049000000.0,97639000000.0,184112000000.0,1757000000.0,1587000000.0,,6861000000.0,8752000000.0,87007000000.0,,7000000.0,,,9503000000.0,78826000000.0,79967000000.0,2931000000.0,1830000000.0,1791000000.0
2017Q3,MS,,853693000000.0,54954000000.0,54950000000.0,937000000.0,1812472419.0,154639000000.0,0.95,0.93,937000000.0,245000000.0,,6590000000.0,23757000000.0,2482000000.0,697000000.0,2491000000.0,2340000000.0,1557000000.0,1109000000.0,63000000.0,783000000.0,3026000000.0,1380000000.0,773579000000.0,104431000000.0,191677000000.0,1781000000.0,1688000000.0,,6715000000.0,8414000000.0,91207000000.0,,13000000.0,,,9197000000.0,78978000000.0,80114000000.0,2704000000.0,1818000000.0,1776000000.0
2017Q4,MS,-3060000000.0,851733000000.0,55203000000.0,55198000000.0,,1788000000.0,159436000000.0,0.27,0.26,,224000000.0,,6597000000.0,23081000000.0,2471000000.0,1810000000.0,2448000000.0,,,,,995000000.0,,,773267000000.0,104126000000.0,191063000000.0,643000000.0,473000000.0,,7029000000.0,8505000000.0,92953000000.0,,,,,9500000000.0,77391000000.0,78466000000.0,,,
2018Q1,MS,,858495000000.0,56749000000.0,56749000000.0,1173000000.0,1773934393.0,160424000000.0,1.48,1.45,1173000000.0,243000000.0,,6706000000.0,22919000000.0,3420000000.0,714000000.0,2427000000.0,2860000000.0,1885000000.0,1138000000.0,159000000.0,975000000.0,3192000000.0,1634000000.0,779006000000.0,109135000000.0,193708000000.0,2668000000.0,2575000000.0,,7657000000.0,10102000000.0,95124000000.0,,19000000.0,5910000000.0,,11077000000.0,78034000000.0,79489000000.0,3770000000.0,1771000000.0,1740000000.0
2018Q2,MS,,875875000000.0,56704000000.0,56704000000.0,1039000000.0,1749653071.0,172802000000.0,1.32,1.3,1039000000.0,241000000.0,,6692000000.0,24175000000.0,3109000000.0,640000000.0,2332000000.0,3294000000.0,2388000000.0,1258000000.0,273000000.0,906000000.0,3189000000.0,1793000000.0,795369000000.0,112113000000.0,189915000000.0,2437000000.0,2267000000.0,,7501000000.0,9704000000.0,96366000000.0,,-53000000.0,,,10610000000.0,79109000000.0,80506000000.0,3293000000.0,1748000000.0,1720000000.0
2018Q3,MS,,865517000000.0,57232000000.0,,932000000.0,1725792278.0,175185000000.0,1.19,1.17,,231000000.0,,6680000000.0,24082000000.0,2851000000.0,696000000.0,2240000000.0,3627000000.0,2691000000.0,1287000000.0,377000000.0,936000000.0,,1567000000.0,785443000000.0,109983000000.0,189949000000.0,2112000000.0,2019000000.0,,7021000000.0,8936000000.0,98330000000.0,,1000000.0,,,9872000000.0,78703000000.0,80074000000.0,2752000000.0,1727000000.0,1697000000.0
2018Q4,MS,-2292000000.0,853531000000.0,61061000000.0,61061000000.0,,1700000000.0,187820000000.0,0.81,0.8,,238000000.0,,6688000000.0,29965000000.0,1857000000.0,300000000.0,2163000000.0,,,,,989000000.0,,,772125000000.0,115579000000.0,188117000000.0,1531000000.0,1361000000.0,,6691000000.0,7559000000.0,99815000000.0,,,,,8548000000.0,80246000000.0,81406000000.0,,,
2019Q1,MS,-2473000000.0,875964000000.0,61641000000.0,,966000000.0,1685996391.0,179731000000.0,1.41,1.39,,259000000.0,,6686000000.0,36024000000.0,2955000000.0,487000000.0,2084000000.0,4290000000.0,3276000000.0,1380000000.0,462000000.0,1014000000.0,,1242000000.0,794072000000.0,116197000000.0,189193000000.0,2429000000.0,2336000000.0,,7331000000.0,9272000000.0,101266000000.0,,27000000.0,,,10286000000.0,80724000000.0,81892000000.0,3441000000.0,1677000000.0,1658000000.0
2019Q2,MS,-2051000000.0,891959000000.0,,63038000000.0,979000000.0,1658805108.0,176593000000.0,1.24,1.23,,265000000.0,,7158000000.0,40519000000.0,2903000000.0,657000000.0,2276000000.0,4506000000.0,3477000000.0,1342000000.0,493000000.0,1029000000.0,,1590000000.0,809114000000.0,120901000000.0,196072000000.0,2201000000.0,2031000000.0,,7341000000.0,9215000000.0,105145000000.0,,7000000.0,,,10244000000.0,81724000000.0,82845000000.0,2732000000.0,1655000000.0,1634000000.0
2019Q3,MS,-1598000000.0,902604000000.0,,64714000000.0,990000000.0,1623587078.0,180738000000.0,1.28,1.27,,297000000.0,,7139000000.0,41991000000.0,2710000000.0,492000000.0,2211000000.0,4350000000.0,3132000000.0,1219000000.0,505000000.0,1218000000.0,,1635000000.0,819054000000.0,125522000000.0,192362000000.0,2173000000.0,2060000000.0,,7322000000.0,8814000000.0,110815000000.0,,34000000.0,,,10032000000.0,82382000000.0,83550000000.0,2608000000.0,1627000000.0,1604000000.0
2019Q4,MS,-2788000000.0,895429000000.0,,62223000000.0,,1594000000.0,190356000000.0,1.33,1.3,,349000000.0,,7143000000.0,44133000000.0,2733000000.0,428000000.0,2107000000.0,,,,,1433000000.0,,,812732000000.0,130637000000.0,190060000000.0,2239000000.0,2085000000.0,,8124000000.0,9424000000.0,118060000000.0,,,,,10857000000.0,81549000000.0,82697000000.0,,,
2020Q1,MS,2095000000.0,947795000000.0,,68871000000.0,1360000000.0,1575500507.0,235239000000.0,1.02,1.01,,617000000.0,,7125000000.0,50133000000.0,2146000000.0,366000000.0,2021000000.0,3503000000.0,2147000000.0,997000000.0,406000000.0,1356000000.0,,1271000000.0,860567000000.0,148697000000.0,192645000000.0,1698000000.0,1590000000.0,,7226000000.0,8423000000.0,131335000000.0,,292000000.0,,,9779000000.0,85860000000.0,87228000000.0,2801000000.0,1573000000.0,1555000000.0
2020Q2,MS,1000000.0,975363000000.0,,85577000000.0,1102000000.0,1576105281.0,236849000000.0,1.98,1.96,,866000000.0,,7329000000.0,49928000000.0,4355000000.0,1119000000.0,1958000000.0,2358000000.0,758000000.0,823000000.0,220000000.0,1600000000.0,,2142000000.0,887354000000.0,141973000000.0,202238000000.0,3196000000.0,3047000000.0,,9066000000.0,12060000000.0,127422000000.0,,,,,13660000000.0,86645000000.0,88009000000.0,4803000000.0,1557000000.0,1541000000.0
2020Q3,MS,-537000000.0,955940000000.0,,84536000000.0,1037000000.0,1576447988.0,239253000000.0,1.68,1.66,,913000000.0,,7348000000.0,48954000000.0,3487000000.0,736000000.0,1880000000.0,2056000000.0,570000000.0,714000000.0,178000000.0,1486000000.0,,1826000000.0,866122000000.0,146237000000.0,198891000000.0,2717000000.0,2597000000.0,,8123000000.0,10235000000.0,133156000000.0,,,,,11721000000.0,88394000000.0,89818000000.0,3150000000.0,1566000000.0,1542000000.0
2020Q4,MS,-1962000000.0,1115862000000.0,,110383000000.0,,1810000000.0,310782000000.0,1.84,1.81,,835000000.0,,11635000000.0,74420000000.0,4430000000.0,1018000000.0,4980000000.0,,,,,1871000000.0,,,1012713000000.0,,213388000000.0,3385000000.0,3266000000.0,,9210000000.0,11769000000.0,137784000000.0,,,,,13640000000.0,101781000000.0,103149000000.0,,,
2021Q1,MS,-2754000000.0,1158772000000.0,,105288000000.0,1626000000.0,1868925320.0,323138000000.0,2.22,2.19,,762000000.0,,16836000000.0,84099000000.0,5344000000.0,1176000000.0,8846000000.0,2437000000.0,409000000.0,714000000.0,120000000.0,2028000000.0,,2840000000.0,1051184000000.0,,208267000000.0,4120000000.0,3982000000.0,,10473000000.0,13691000000.0,143635000000.0,,,,,15719000000.0,106259000000.0,107588000000.0,4225000000.0,1818000000.0,1795000000.0
2021Q2,MS,-2523000000.0,1161805000000.0,,93222000000.0,1308000000.0,1834370291.0,320358000000.0,1.88,1.85,,687000000.0,,16838000000.0,82877000000.0,4566000000.0,1054000000.0,8690000000.0,2212000000.0,347000000.0,719000000.0,108000000.0,1865000000.0,,2560000000.0,1053643000000.0,,218604000000.0,3511000000.0,3408000000.0,,10120000000.0,12894000000.0,154346000000.0,,,,,14759000000.0,106870000000.0,108162000000.0,3330000000.0,1841000000.0,1814000000.0
2021Q3,MS,-2701000000.0,1190476000000.0,,101594000000.0,1280000000.0,1798908848.0,329041000000.0,2.01,1.98,,684000000.0,,16832000000.0,82088000000.0,4874000000.0,1150000000.0,8514000000.0,2351000000.0,288000000.0,597000000.0,102000000.0,2063000000.0,,3013000000.0,1083357000000.0,,224937000000.0,3707000000.0,3584000000.0,,9855000000.0,12690000000.0,160191000000.0,,,,,14753000000.0,105903000000.0,107119000000.0,2861000000.0,1812000000.0,1781000000.0
2021Q4,MS,-3102000000.0,1188140000000.0,,102830000000.0,,1772000000.0,347574000000.0,,,,654000000.0,174956000000.0,16833000000.0,79882000000.0,,,8360000000.0,,,,,,,,1081542000000.0,,227363000000.0,,,,,,174302000000.0,,,,,,105441000000.0,106598000000.0,,,
2022Q1,MS,-4902000000.0,1222233000000.0,,90354000000.0,1416000000.0,1756153374.0,360840000000.0,2.04,2.02,,,182926000000.0,16825000000.0,75776000000.0,4588000000.0,873000000.0,8244000000.0,2650000000.0,434000000.0,685000000.0,73000000.0,2216000000.0,,1758000000.0,1118158000000.0,,225671000000.0,3666000000.0,3542000000.0,,10156000000.0,12585000000.0,,,,,,14801000000.0,102901000000.0,104075000000.0,3983000000.0,1755000000.0,1733000000.0
2022Q2,MS,-5021000000.0,1173776000000.0,,85970000000.0,1220000000.0,1723083208.0,347148000000.0,1.4,1.39,,,194215000000.0,16757000000.0,71742000000.0,3319000000.0,783000000.0,8046000000.0,3612000000.0,1330000000.0,934000000.0,135000000.0,2282000000.0,,1150000000.0,1071114000000.0,,221979000000.0,2495000000.0,2391000000.0,,9712000000.0,10850000000.0,,,,,,13132000000.0,101596000000.0,102662000000.0,3597000000.0,1723000000.0,1704000000.0
2022Q3,MS,-5758000000.0,1160029000000.0,,,1133000000.0,1694051265.0,338123000000.0,1.49,1.47,,,198332000000.0,16721000000.0,66393000000.0,3388000000.0,726000000.0,7893000000.0,6101000000.0,3591000000.0,1370000000.0,476000000.0,2510000000.0,,1373000000.0,1057940000000.0,,216361000000.0,2632000000.0,2494000000.0,,9563000000.0,10476000000.0,,,,,,12986000000.0,101011000000.0,102089000000.0,3331000000.0,1697000000.0,1674000000.0
2022Q4,MS,-6253000000.0,1180231000000.0,,,,1675000000.0,356646000000.0,,,,,199836000000.0,16652000000.0,65006000000.0,,,7618000000.0,,,,,,,,1079000000000.0,,233867000000.0,,,,,,,,,,,,100141000000.0,101231000000.0,,,
2023Q1,MS,-5711000000.0,1199904000000.0,,,1239000000.0,1670318320.0,347523000000.0,1.72,1.7,,,200520000000.0,16657000000.0,64419000000.0,3760000000.0,727000000.0,7470000000.0,9980000000.0,7634000000.0,2506000000.0,1575000000.0,2346000000.0,,1330000000.0,1097950000000.0,,245595000000.0,2980000000.0,2836000000.0,,10523000000.0,12171000000.0,,,,,,14517000000.0,100826000000.0,101954000000.0,4477000000.0,1663000000.0,1645000000.0
2023Q2,MS,-6300000000.0,1164911000000.0,,,1090000000.0,1658733133.0,348511000000.0,1.25,1.24,,,201609000000.0,16652000000.0,61962000000.0,2812000000.0,591000000.0,7322000000.0,10913000000.0,10038000000.0,2770000000.0,1946000000.0,2010000000.0,,1155000000.0,1063550000000.0,,243820000000.0,2182000000.0,2049000000.0,,10484000000.0,11447000000.0,,,,,,13457000000.0,100386000000.0,101361000000.0,3802000000.0,1651000000.0,1635000000.0
2023Q3,MS,-7202000000.0,1169013000000.0,,,1098000000.0,1642250165.0,345458000000.0,1.39,1.38,,,203899000000.0,16699000000.0,58324000000.0,3145000000.0,710000000.0,7204000000.0,12126000000.0,11328000000.0,2992000000.0,2271000000.0,1977000000.0,,1048000000.0,1068855000000.0,,242843000000.0,2408000000.0,2262000000.0,,9994000000.0,11296000000.0,,,,,,13273000000.0,99211000000.0,100158000000.0,3679000000.0,1643000000.0,1624000000.0
2023Q4,MS,-6421000000.0,1193693000000.0,,,,1627000000.0,351804000000.0,,,,,204554000000.0,16707000000.0,57453000000.0,,,7055000000.0,,,,,,,,1093711000000.0,,260544000000.0,,,,,,,,,,,,99038000000.0,99982000000.0,,,
2024Q1,MS,-7057000000.0,1228503000000.0,,,1227000000.0,1626657461.0,352494000000.0,2.04,2.02,,,204935000000.0,16722000000.0,55283000000.0,4395000000.0,933000000.0,6914000000.0,12930000000.0,11134000000.0,3223000000.0,2476000000.0,1796000000.0,,1589000000.0,1128363000000.0,,266150000000.0,3412000000.0,3266000000.0,,10747000000.0,13340000000.0,,,,,,15136000000.0,99198000000.0,100140000000.0,4852000000.0,1616000000.0,1601000000.0
2024Q2,MS,-6760000000.0,1212447000000.0,,,1183000000.0,1619075147.0,348890000000.0,1.85,1.82,,,214139000000.0,16719000000.0,53960000000.0,4074000000.0,957000000.0,6763000000.0,13529000000.0,,3327000000.0,2551000000.0,2067000000.0,,1735000000.0,1110841000000.0,,269898000000.0,3076000000.0,2942000000.0,,10869000000.0,12952000000.0,,,,,,15019000000.0,100714000000.0,101606000000.0,4131000000.0,1611000000.0,1594000000.0
2024Q3,MS,-5986000000.0,1258027000000.0,,,1294000000.0,1612068430.0,363722000000.0,1.91,1.88,,,219116000000.0,16735000000.0,54894000000.0,4221000000.0,995000000.0,6620000000.0,14185000000.0,,3434000000.0,2751000000.0,2196000000.0,,1590000000.0,1153356000000.0,,291223000000.0,3188000000.0,3028000000.0,,11083000000.0,13187000000.0,,,,,,15383000000.0,103647000000.0,104671000000.0,4002000000.0,1609000000.0,1588000000.0
2024Q4,MS,-6814000000.0,1215071000000.0,,,,1606653706.0,376007000000.0,,,,,226900000000.0,16706000000.0,51203000000.0,,,6453000000.0,,,,,,,,1109643000000.0,,284307000000.0,,,,,,,,,,,,104511000000.0,105428000000.0,,,
2025Q1,MS,-5961000000.0,1300296000000.0,,,1481000000.0,1606806297.0,381563000000.0,2.62,2.6,,,233925000000.0,16714000000.0,50549000000.0,5544000000.0,1173000000.0,6305000000.0,13748000000.0,,3018000000.0,2522000000.0,2353000000.0,,1711000000.0,1192449000000.0,,296997000000.0,4315000000.0,4157000000.0,,12060000000.0,15386000000.0,,,,,,17739000000.0,106812000000.0,107847000000.0,5111000000.0,1600000000.0,1584000000.0
2025Q2,MS,-5913000000.0,1353870000000.0,,,1425000000.0,1598299431.0,389377000000.0,2.15,2.13,,,246925000000.0,16734000000.0,48032000000.0,4622000000.0,1047000000.0,6185000000.0,14905000000.0,,3199000000.0,2603000000.0,2347000000.0,,1644000000.0,1244600000000.0,,320128000000.0,3539000000.0,3392000000.0,,11974000000.0,14445000000.0,,,,,,16792000000.0,108184000000.0,109270000000.0,4745000000.0,1593000000.0,1577000000.0
2025Q3,MS,-6346000000.0,1364806000000.0,,,1473000000.0,1591091689.0,405480000000.0,2.83,2.8,,,257080000000.0,16725000000.0,47369000000.0,6028000000.0,1373000000.0,6097000000.0,15456000000.0,,3181000000.0,2823000000.0,2491000000.0,,2266000000.0,1253755000000.0,,324128000000.0,4610000000.0,4450000000.0,,12196000000.0,15733000000.0,,,,,,18224000000.0,109962000000.0,111051000000.0,5020000000.0,1590000000.0,1571000000.0
2025Q4,MS,-6285000000.0,1420270000000.0,,,,1582834137.0,415523000000.0,,,,,269852000000.0,16726000000.0,45615000000.0,,,6010000000.0,,,,,,,,1307618000000.0,,341681000000.0,,,,,,,,,,,,111632000000.0,112652000000.0,,,
2026Q1,MS,-5506000000.0,1581418000000.0,,,1690000000.0,1579629298.0,427971000000.0,3.47,3.43,,,277857000000.0,17105000000.0,42993000000.0,7011000000.0,1373000000.0,5960000000.0,15273000000.0,,3183000000.0,2557000000.0,2703000000.0,,2289000000.0,1466034000000.0,,363010000000.0,5567000000.0,5411000000.0,,13471000000.0,17877000000.0,,,,,,20580000000.0,114286000000.0,115384000000.0,6730000000.0,1576000000.0,1561000000.0
2026Q2,MS,-6329000000.0,1675057000000.0,,,1833000000.0,1571931108.0,446068000000.0,3.5,3.46,,,290566000000.0,17105000000.0,40238000000.0,7348000000.0,1695000000.0,5873000000.0,15902000000.0,,3410000000.0,2699000000.0,2780000000.0,,2651000000.0,1557617000000.0,,383156000000.0,5581000000.0,5436000000.0,,13902000000.0,18568000000.0,,,,,,21348000000.0,116329000000.0,117440000000.0,6723000000.0,1569000000.0,1554000000.0
