q,ticker,AccumulatedOtherComprehensiveIncomeLossNetOfTax,Assets,AssetsUnderManagementCarryingAmount,AvailableForSaleSecurities,AvailableForSaleSecuritiesDebtSecurities,BrokerageCommissionsRevenue,CommonStockSharesOutstanding,DebtSecuritiesHeldToMaturityAmortizedCostAfterAllowanceForCreditLoss,Deposits,EarningsPerShareBasic,EarningsPerShareDiluted,FeesAndCommissionsDepositorAccounts,FeesAndCommissionsMortgageBankingAndServicing,FinancingReceivableAllowanceForCreditLosses,FinancingReceivableExcludingAccruedInterestBeforeAllowanceForCreditLoss,Goodwill,HeldToMaturitySecurities,HeldToMaturitySecuritiesFairValue,IncomeLossFromContinuingOperationsBeforeIncomeTaxesExtraordinaryItemsNoncontrollingInterest,IncomeTaxExpenseBenefit,IntangibleAssetsNetExcludingGoodwill,InterestAndDividendIncomeOperating,InterestExpense,InterestExpenseDeposits,InterestIncomeExpenseAfterProvisionForLoanLoss,InterestIncomeExpenseNet,Liabilities,LoansAndLeasesReceivableNetReportedAmount,LongTermDebt,NetIncomeLoss,NetIncomeLossAvailableToCommonStockholdersBasic,NoninterestExpense,NoninterestIncome,NotesReceivableNet,PaymentsForRepurchaseOfCommonStock,ProvisionForLoanLeaseAndOtherLosses,RevenueFromContractWithCustomerExcludingAssessedTax,StockholdersEquity,StockholdersEquityIncludingPortionAttributableToNoncontrollingInterest,WeightedAverageNumberOfDilutedSharesOutstanding,WeightedAverageNumberOfSharesOutstandingBasic
2007Q4,ONB,,,,,,,,,,,,,,,,,,,,,,,,,,,,,,,,,,,,,,,652881000.0,,
2008Q4,ONB,,,,,,,,,,,,,,,,,,,,,,,,,,,,,,,,,,,,,,,730865000.0,,
2009Q2,ONB,-48667000.0,8012175000.0,,2249408000.0,,2250000.0,66433000.0,,5798508000.0,0.15,0.15,15675000.0,,,,167884000.0,314170000.0,311334000.0,,-1981000.0,36148000.0,89182000.0,28415000.0,17659000.0,48799000.0,60767000.0,7377586000.0,4081105000.0,810305000.0,9635000.0,9635000.0,86751000.0,45606000.0,,,,,,634589000.0,65999000.0,65950000.0
2009Q3,ONB,-14884000.0,7973492000.0,,2618451000.0,,2372000.0,87173000.0,,5694355000.0,0.06,0.06,15068000.0,,,,167884000.0,305902000.0,313272000.0,,-4760000.0,34487000.0,83422000.0,27011000.0,16643000.0,44220000.0,56411000.0,7108079000.0,3966115000.0,808611000.0,4017000.0,4017000.0,83966000.0,39003000.0,,,,,,865413000.0,66706000.0,66635000.0
2009Q4,ONB,-20366000.0,8005335000.0,,2486219000.0,,,87182000.0,,5903488000.0,,,,,,,167884000.0,396009000.0,399953000.0,,,32307000.0,,,,,,7161509000.0,3765938000.0,699059000.0,,,,,,,,,,843826000.0,,
2010Q1,ONB,-12777000.0,7818250000.0,,2520026000.0,,2053000.0,87161000.0,,5691492000.0,0.12,0.12,11946000.0,,,,167884000.0,450036000.0,458070000.0,,1699000.0,30686000.0,77342000.0,22225000.0,13936000.0,45836000.0,55117000.0,6962730000.0,3642845000.0,700383000.0,10069000.0,,77060000.0,42992000.0,,479000.0,,,,855520000.0,86797000.0,86752000.0
2010Q2,ONB,1160000.0,7701064000.0,,2264467000.0,,2235000.0,87171000.0,,5646974000.0,0.12,0.12,13150000.0,,,,167884000.0,582068000.0,596614000.0,,1734000.0,29181000.0,75596000.0,20442000.0,12607000.0,47154000.0,55154000.0,6826331000.0,3659240000.0,604356000.0,10523000.0,10523000.0,77871000.0,42974000.0,,,,,,874733000.0,86911000.0,86786000.0
2010Q3,ONB,15816000.0,7506114000.0,,2190804000.0,,2325000.0,87172000.0,,5439437000.0,0.13,0.13,12411000.0,,,,167884000.0,753835000.0,770688000.0,,1749000.0,27681000.0,72945000.0,18777000.0,11428000.0,47768000.0,54168000.0,6610430000.0,3630991000.0,578282000.0,11896000.0,11896000.0,76102000.0,41979000.0,,,,,,895684000.0,86931000.0,86795000.0
2010Q4,ONB,-1269000.0,7263892000.0,,1960222000.0,1960222000.0,,87183000.0,,5462925000.0,0.07,0.07,,,,,167884000.0,638210000.0,625643000.0,,84000.0,26178000.0,70965000.0,16988000.0,,,53977000.0,6385087000.0,3671142000.0,421911000.0,5726000.0,,83272000.0,42205000.0,,,,,,878805000.0,87005000.0,86804000.0
2011Q1,ONB,3470000.0,8085310000.0,,2051296000.0,,2594000.0,94734000.0,,6059929000.0,0.17,0.17,11550000.0,,,,236309000.0,607272000.0,599936000.0,,4518000.0,34738000.0,76317000.0,14950000.0,10003000.0,58055000.0,61367000.0,7101295000.0,4118007000.0,439566000.0,16433000.0,16433000.0,79925000.0,42821000.0,,331000.0,,,,984015000.0,94670000.0,94433000.0
2011Q2,ONB,16402000.0,8018848000.0,,2202855000.0,,2933000.0,94752000.0,,6015087000.0,0.18,0.18,12464000.0,,,,236313000.0,567708000.0,574174000.0,,5927000.0,34114000.0,76872000.0,14553000.0,9585000.0,59112000.0,62319000.0,7010574000.0,4047152000.0,440470000.0,17016000.0,17016000.0,79758000.0,43589000.0,,,,,,1008274000.0,94701000.0,94479000.0
2011Q3,ONB,24571000.0,8932700000.0,,2253089000.0,2253089000.0,2977000.0,94752000.0,,6867263000.0,0.18,0.18,14048000.0,,,,265985000.0,493282000.0,517427000.0,,8045000.0,36298000.0,87169000.0,14577000.0,9401000.0,72674000.0,72592000.0,7905005000.0,4785804000.0,443884000.0,16797000.0,16797000.0,95158000.0,47326000.0,,,,,,1027695000.0,94785000.0,94492000.0
2011Q4,ONB,15004000.0,8609683000.0,,2071276000.0,2071276000.0,,94654000.0,,6611563000.0,0.23,0.23,,,58060000.0,,253177000.0,484590000.0,507699000.0,,8812000.0,33624000.0,86235000.0,9640000.0,,,76595000.0,7576127000.0,4709143000.0,290774000.0,22214000.0,,93680000.0,49147000.0,,,,,,1033556000.0,94866000.0,94463000.0
2012Q1,ONB,18727000.0,8581058000.0,,2252182000.0,2252182000.0,2931000.0,94674000.0,,6667777000.0,0.23,0.23,12862000.0,,55916000.0,,253177000.0,472377000.0,496356000.0,,8340000.0,31603000.0,84263000.0,9990000.0,7682000.0,72217000.0,74273000.0,7530647000.0,4607321000.0,289477000.0,21723000.0,21723000.0,91287000.0,49133000.0,,686000.0,,,,1050411000.0,94833000.0,94445000.0
2012Q2,ONB,22342000.0,8689556000.0,,2208262000.0,2208262000.0,3163000.0,94687000.0,,6670273000.0,0.29,0.29,12904000.0,,54760000.0,,253177000.0,463935000.0,493704000.0,,10889000.0,30205000.0,85264000.0,9291000.0,7044000.0,75580000.0,75973000.0,7615829000.0,4660870000.0,273714000.0,27206000.0,27206000.0,86027000.0,48542000.0,,,,,,1073727000.0,94871000.0,94514000.0
2012Q3,ONB,34280000.0,9383044000.0,4400000000.0,2312789000.0,2312789000.0,3359000.0,101403000.0,,7221377000.0,0.2,0.2,12816000.0,,54762000.0,,339883000.0,410521000.0,440014000.0,,5861000.0,31273000.0,82772000.0,8622000.0,6419000.0,73750000.0,74150000.0,8196280000.0,5188404000.0,288502000.0,19737000.0,19737000.0,89019000.0,40867000.0,,,,,,1186764000.0,96125000.0,95690000.0
2012Q4,ONB,29801000.0,9543623000.0,,2500784000.0,2500784000.0,,101179000.0,,7278953000.0,0.23,0.23,,,,,338820000.0,402828000.0,433201000.0,,11020000.0,29220000.0,92400000.0,8039000.0,,,84361000.0,8349058000.0,5141831000.0,237493000.0,23009000.0,,99425000.0,51274000.0,,,,,1194565000.0,1194565000.0,101550000.0,101069000.0
2013Q1,ONB,20818000.0,9673691000.0,,2848410000.0,2848410000.0,3583000.0,101367000.0,,7066319000.0,0.24,0.24,11098000.0,,,,338820000.0,392379000.0,423325000.0,,10392000.0,26695000.0,86102000.0,7052000.0,5268000.0,78205000.0,79050000.0,8474026000.0,5058561000.0,536798000.0,23945000.0,23945000.0,90183000.0,46315000.0,,1175000.0,,,,1199665000.0,101547000.0,101081000.0
2013Q2,ONB,-25021000.0,9641071000.0,,,2659084000.0,4074000.0,100881000.0,,6840093000.0,0.28,0.28,11766000.0,,,,339382000.0,401066000.0,419326000.0,,13734000.0,,85682000.0,6491000.0,5016000.0,82884000.0,79191000.0,8474093000.0,5126904000.0,884347000.0,28478000.0,,86916000.0,46244000.0,,,,,,1166978000.0,101352000.0,100981000.0
2013Q3,ONB,-44930000.0,9652079000.0,,,2374297000.0,4474000.0,100693000.0,,7208407000.0,0.24,0.23,13929000.0,,,,352729000.0,758194000.0,778552000.0,,6869000.0,,83894000.0,5898000.0,4390000.0,79720000.0,77996000.0,8492823000.0,5025158000.0,633875000.0,23948000.0,,96658000.0,47755000.0,,,,,,1159256000.0,101131000.0,100645000.0
2013Q4,ONB,-44466000.0,9581744000.0,,1200000.0,2372201000.0,,99859000.0,,7210903000.0,0.24,0.25,,,47145000.0,,352729000.0,762734000.0,780758000.0,,10602000.0,,86132000.0,4945000.0,,,81187000.0,8419104000.0,5035819000.0,556388000.0,24549000.0,,88227000.0,44444000.0,,,,,1162640000.0,1162640000.0,100718000.0,100153000.0
2014Q1,ONB,-37930000.0,9544780000.0,,,2347766000.0,3868000.0,100084000.0,,7258162000.0,0.27,0.26,11134000.0,,47553000.0,,352729000.0,779294000.0,812914000.0,,9242000.0,,88265000.0,4787000.0,3283000.0,83441000.0,83478000.0,8359543000.0,5024728000.0,506782000.0,26510000.0,,88252000.0,40563000.0,,1576000.0,,,,1185237000.0,100325000.0,99797000.0
2014Q2,ONB,-33341000.0,10387933000.0,,,2513117000.0,4117000.0,105851000.0,,7555003000.0,0.18,0.18,11821000.0,,46152000.0,,408474000.0,852904000.0,899007000.0,,7658000.0,,89528000.0,5046000.0,3342000.0,84882000.0,84482000.0,9110602000.0,5492716000.0,902015000.0,18773000.0,,98104000.0,39653000.0,,,,,,1277331000.0,104361000.0,103904000.0
2014Q3,ONB,-30617000.0,11179752000.0,,,2485586000.0,4684000.0,113984000.0,,8207302000.0,0.26,0.26,12481000.0,,48279000.0,,491407000.0,848033000.0,901717000.0,,11095000.0,,114618000.0,6251000.0,3321000.0,105776000.0,108367000.0,9772572000.0,6194156000.0,871716000.0,29134000.0,,99965000.0,34418000.0,,,,,,1407180000.0,111947000.0,111428000.0
2014Q4,ONB,-31555000.0,11646051000.0,,,2627831000.0,,116847000.0,,8490664000.0,0.25,0.25,,,47849000.0,,530845000.0,844054000.0,903935000.0,,10302000.0,,97318000.0,7275000.0,,,90043000.0,10180287000.0,6270352000.0,920102000.0,29250000.0,,100117000.0,50495000.0,47370000.0,,,,1465764000.0,1465764000.0,116592000.0,115924000.0
2015Q1,ONB,-24242000.0,11949850000.0,,,2545470000.0,4403000.0,116983000.0,,8927520000.0,0.18,0.18,11045000.0,,48878000.0,,587904000.0,836038000.0,899653000.0,30131000.0,9225000.0,,98594000.0,7601000.0,3563000.0,90992000.0,90993000.0,10466579000.0,6603661000.0,870580000.0,20906000.0,,116156000.0,55295000.0,,48203000.0,,,1483271000.0,1483271000.0,119076000.0,118540000.0
2015Q2,ONB,-38062000.0,12074404000.0,,,2572521000.0,4719000.0,115205000.0,,8809570000.0,0.22,0.22,11278000.0,,50191000.0,,588464000.0,823255000.0,867345000.0,35115000.0,8959000.0,,99964000.0,7867000.0,3531000.0,89826000.0,92097000.0,10617681000.0,6715871000.0,1069409000.0,26156000.0,,109690000.0,54979000.0,,,,,1456723000.0,1456723000.0,116223000.0,115732000.0
2015Q3,ONB,-34380000.0,11913786000.0,,,2519893000.0,4427000.0,114523000.0,,8621325000.0,0.33,0.33,11010000.0,,51226000.0,,584634000.0,851051000.0,902176000.0,54064000.0,16395000.0,,105671000.0,8567000.0,3474000.0,96937000.0,97104000.0,10437784000.0,6796672000.0,1120326000.0,37669000.0,,102617000.0,59744000.0,35996000.0,,,,1476002000.0,1476002000.0,115153000.0,114590000.0
2015Q4,ONB,-34797000.0,11991527000.0,,,2418221000.0,,114297000.0,,8400860000.0,0.28,0.27,,,52233000.0,,584634000.0,872111000.0,929417000.0,43583000.0,11598000.0,,94960000.0,9038000.0,,,85922000.0,10500357000.0,6896172000.0,1291747000.0,31985000.0,,102469000.0,60614000.0,81081000.0,,,,1491170000.0,,114716000.0,114103000.0
2016Q1,ONB,-29585000.0,11932326000.0,,,2348443000.0,3905000.0,114352000.0,,8588895000.0,0.24,0.24,9639000.0,,50700000.0,,584634000.0,869012000.0,932590000.0,36648000.0,9671000.0,,95329000.0,9686000.0,3493000.0,85552000.0,85643000.0,10423683000.0,6956374000.0,1167811000.0,26977000.0,,98355000.0,49451000.0,28755000.0,492000.0,,,1508643000.0,,114563000.0,113998000.0
2016Q2,ONB,-23617000.0,14420262000.0,,,2648901000.0,4724000.0,135005000.0,,10451602000.0,0.31,0.31,10437000.0,,51804000.0,,655523000.0,865957000.0,939855000.0,69934000.0,30812000.0,,110243000.0,10903000.0,4254000.0,98021000.0,99340000.0,12609145000.0,8778354000.0,1367896000.0,39122000.0,,121472000.0,93385000.0,80073000.0,,,,1811117000.0,,127973000.0,127508000.0
2016Q3,ONB,-18829000.0,14703071000.0,,,2758678000.0,5038000.0,134985000.0,,10646708000.0,0.25,0.25,11054000.0,,51547000.0,,655210000.0,850803000.0,922311000.0,45678000.0,10969000.0,,119713000.0,11910000.0,4819000.0,106497000.0,107803000.0,12868614000.0,8853438000.0,1600175000.0,34709000.0,,108062000.0,47243000.0,72412000.0,,,,1834457000.0,,135011000.0,134492000.0
2016Q4,ONB,-59372000.0,14860237000.0,,,2797174000.0,,135159000.0,,10743253000.0,0.25,0.25,,,49808000.0,,655018000.0,745090000.0,784172000.0,48166000.0,14710000.0,,121849000.0,11932000.0,,,109917000.0,13045820000.0,8960704000.0,218939000.0,33456000.0,,126258000.0,62751000.0,55419000.0,,,,1814417000.0,,135383000.0,134670000.0
2017Q1,ONB,-48565000.0,14869645000.0,,,2816943000.0,4989000.0,135435000.0,,10821352000.0,0.27,0.27,9843000.0,,49834000.0,,655018000.0,741448000.0,784906000.0,46483000.0,10491000.0,,118468000.0,12667000.0,4383000.0,105454000.0,105801000.0,13023286000.0,9081939000.0,219021000.0,35992000.0,,101891000.0,42920000.0,46852000.0,1267000.0,,,1846359000.0,,135431000.0,134912000.0
2017Q2,ONB,-31120000.0,14957281000.0,,,2814338000.0,5004000.0,135516000.0,,10683714000.0,0.28,0.28,10040000.0,,50986000.0,,655018000.0,695139000.0,749363000.0,49438000.0,10584000.0,,118209000.0,13876000.0,4724000.0,102978000.0,104333000.0,13070687000.0,9181054000.0,219167000.0,38854000.0,,102811000.0,49271000.0,42032000.0,,,,1886594000.0,,135697000.0,135085000.0
2017Q3,ONB,-34197000.0,15065800000.0,,,2775837000.0,5193000.0,135523000.0,,10606784000.0,0.3,0.29,10535000.0,5104000.0,50169000.0,,655018000.0,688951000.0,740564000.0,50831000.0,11459000.0,,123525000.0,15047000.0,5125000.0,108167000.0,108478000.0,13158977000.0,9347955000.0,219314000.0,39372000.0,,103702000.0,46366000.0,38180000.0,,,,1906823000.0,,135796000.0,135120000.0
2017Q4,ONB,-50272000.0,17518292000.0,,,3196207000.0,,152040000.0,,12605764000.0,-0.13,-0.13,,,50381000.0,,828051000.0,684063000.0,727703000.0,21912000.0,40405000.0,,135134000.0,16578000.0,,,118556000.0,15363895000.0,11067740000.0,248782000.0,-18493000.0,,140432000.0,44825000.0,43526000.0,,,,2154397000.0,,146875000.0,146073000.0
2018Q1,ONB,-61526000.0,17496287000.0,,,3219863000.0,5031000.0,152172000.0,,12788600000.0,0.32,0.31,10759000.0,4192000.0,50381000.0,,828804000.0,535153000.0,536143000.0,52940000.0,4957000.0,,147706000.0,19134000.0,7255000.0,128192000.0,128572000.0,15317169000.0,11188301000.0,,47983000.0,,117157000.0,41905000.0,41247000.0,1115000.0,,30965000.0,2179118000.0,,152370000.0,151721000.0
2018Q2,ONB,-66703000.0,17482990000.0,,,3181665000.0,5066000.0,152351000.0,,12596376000.0,0.29,0.29,,5189000.0,53660000.0,,828804000.0,525718000.0,524597000.0,48346000.0,4345000.0,,153736000.0,21773000.0,9139000.0,129517000.0,131963000.0,15282775000.0,11241969000.0,,44001000.0,,130460000.0,49289000.0,39477000.0,,,32323000.0,2200215000.0,,152568000.0,151878000.0
2018Q3,ONB,-79930000.0,17567759000.0,,,3272456000.0,5073000.0,152352000.0,,12598200000.0,0.34,0.34,,4348000.0,52713000.0,,828804000.0,512207000.0,505566000.0,56673000.0,5325000.0,,155369000.0,24527000.0,11189000.0,130092000.0,130842000.0,15347079000.0,11239946000.0,,51348000.0,,119376000.0,45957000.0,,,,31172000.0,2220680000.0,,152784000.0,151930000.0
2018Q4,ONB,-44950000.0,19728435000.0,,,4123416000.0,,175141000.0,,14349949000.0,0.28,0.28,,,55461000.0,,1036258000.0,506334000.0,506103000.0,50721000.0,3223000.0,,175234000.0,29009000.0,,,146225000.0,17038865000.0,12188431000.0,,47498000.0,,150268000.0,58154000.0,,,,,2689570000.0,,167992000.0,167044000.0
2019Q1,ONB,2620000.0,20084420000.0,,,4569772000.0,5271000.0,173979000.0,,14429270000.0,0.32,0.32,,5011000.0,55559000.0,,1036258000.0,484834000.0,493877000.0,69380000.0,13104000.0,,178918000.0,31870000.0,16444000.0,146005000.0,147048000.0,17332548000.0,12013418000.0,,56276000.0,,123041000.0,46416000.0,,27297000.0,,31493000.0,2751872000.0,,175368000.0,174734000.0
2019Q2,ONB,42037000.0,20145285000.0,,,4667226000.0,5591000.0,172231000.0,,14363101000.0,0.37,0.36,,7135000.0,56292000.0,,1036258000.0,470868000.0,486728000.0,77323000.0,14359000.0,,189063000.0,33833000.0,18519000.0,154227000.0,155230000.0,17342146000.0,11990286000.0,,62964000.0,,128118000.0,51214000.0,,,,33813000.0,2803139000.0,,173675000.0,172985000.0
2019Q3,ONB,58514000.0,20438788000.0,,,4916979000.0,5244000.0,170031000.0,,14448352000.0,0.41,0.41,,8850000.0,56910000.0,,1036994000.0,407281000.0,425588000.0,83035000.0,13254000.0,,185853000.0,32757000.0,18707000.0,151659000.0,153096000.0,17606258000.0,11960738000.0,,69781000.0,,122585000.0,53961000.0,,,,32899000.0,2832530000.0,,171551000.0,170746000.0
2019Q4,ONB,56207000.0,20411667000.0,,,5385091000.0,,169616000.0,,14553397000.0,0.29,0.29,,,54619000.0,,1036994000.0,,0.0,60618000.0,11433000.0,,176553000.0,27654000.0,,,148899000.0,17559214000.0,12062905000.0,,49185000.0,,134743000.0,47726000.0,12062905000.0,,,,2852453000.0,,170186000.0,169235000.0
2020Q1,ONB,138157000.0,20741141000.0,,,5360025000.0,5874000.0,165109000.0,,14305362000.0,0.13,0.13,,11119000.0,106380000.0,,1036994000.0,,,25579000.0,2939000.0,,167999000.0,24228000.0,12298000.0,126821000.0,143771000.0,17917706000.0,12278232000.0,,22640000.0,,158744000.0,57502000.0,12278232000.0,81822000.0,,31007000.0,2823435000.0,,168404000.0,167748000.0
2020Q2,ONB,149043000.0,22102188000.0,,,5447271000.0,4845000.0,165093000.0,,16319446000.0,0.32,0.32,,17313000.0,128394000.0,,1036994000.0,,,61466000.0,9761000.0,,161974000.0,16303000.0,6798000.0,123126000.0,145671000.0,19237933000.0,,,51705000.0,51705000.0,120121000.0,58461000.0,13487307000.0,,,27828000.0,2864255000.0,,165302000.0,164732000.0
2020Q3,ONB,149284000.0,22460476000.0,,,5601534000.0,5351000.0,165333000.0,,16506494000.0,0.47,0.47,,18110000.0,131388000.0,,1036994000.0,,,90098000.0,12154000.0,,160086000.0,14513000.0,5297000.0,145573000.0,145573000.0,19539327000.0,,,77944000.0,77944000.0,120234000.0,64759000.0,13761121000.0,,,29960000.0,2921149000.0,,165419000.0,164773000.0
2020Q4,ONB,147771000.0,22960622000.0,,,5970115000.0,,165367000.0,,17037453000.0,0.45,0.44,,,131388000.0,13786479000.0,1036994000.0,,,78413000.0,4293000.0,,173249000.0,12170000.0,,,161079000.0,19987966000.0,,,74120000.0,,142318000.0,58552000.0,13655091000.0,,,,2972656000.0,,165631000.0,164799000.0
2021Q1,ONB,91909000.0,23744451000.0,,,6724530000.0,5864000.0,165676000.0,,17849755000.0,0.53,0.52,,16525000.0,114037000.0,,1036994000.0,,,104448000.0,17630000.0,,159237000.0,11117000.0,3159000.0,165476000.0,148120000.0,20765004000.0,,,86818000.0,86818000.0,117740000.0,56712000.0,13811224000.0,2856000.0,0.0,30158000.0,2979447000.0,,165707000.0,164997000.0
2021Q2,ONB,62262000.0,23675666000.0,,,,6042000.0,165732000.0,,17868911000.0,0.38,0.38,,7827000.0,,13784677000.0,1036994000.0,,,76746000.0,13960000.0,,160458000.0,10531000.0,2732000.0,154856000.0,149927000.0,20684548000.0,,,62786000.0,62786000.0,129618000.0,51508000.0,,,0.0,32184000.0,2991118000.0,,165934000.0,165175000.0
2021Q3,ONB,56810000.0,24018733000.0,,,,6475000.0,165814000.0,,18196149000.0,0.43,0.43,,10870000.0,,13584828000.0,1036994000.0,,,89426000.0,17680000.0,,162026000.0,10454000.0,2578000.0,156185000.0,151572000.0,20982841000.0,,,71746000.0,71746000.0,121274000.0,54515000.0,,,0.0,31785000.0,3035892000.0,,165939000.0,165258000.0
2021Q4,ONB,-2375000.0,24453564000.0,,,7382066000.0,,165838000.0,0.0,18569195000.0,,,,,,13601846000.0,1036994000.0,0.0,0.0,,,,,,,,,21441546000.0,,,,,,,,,,,3012018000.0,,,
2022Q1,ONB,-338199000.0,45834648000.0,,,,7322000.0,292959000.0,2082242000.0,35607390000.0,-0.13,-0.13,,7245000.0,,28336244000.0,1997157000.0,2082242000.0,1955596000.0,-36300000.0,-8714000.0,,235505000.0,12720000.0,3194000.0,114049000.0,222785000.0,40602534000.0,,,-27586000.0,-29603000.0,215589000.0,65240000.0,,70078000.0,78531000.0,,5232114000.0,,227002000.0,227002000.0
2022Q2,ONB,-569133000.0,45748355000.0,,,,8568000.0,292893000.0,3084186000.0,35538975000.0,0.38,0.38,,6522000.0,,29553648000.0,1991534000.0,3084186000.0,2779290000.0,139949000.0,24964000.0,,354358000.0,16886000.0,5187000.0,328307000.0,337472000.0,40669572000.0,,,114985000.0,110952000.0,277475000.0,89117000.0,,,0.0,,5078783000.0,,291881000.0,290862000.0
2022Q3,ONB,-808450000.0,46215526000.0,,,,8042000.0,292880000.0,,36053663000.0,0.47,0.47,,5360000.0,,30528933000.0,2002599000.0,,2600440000.0,179040000.0,38887000.0,,406518000.0,29929000.0,10820000.0,361099000.0,376589000.0,41272143000.0,,,140153000.0,136119000.0,262444000.0,80385000.0,,,10558000.0,,4943383000.0,,292483000.0,290961000.0
2022Q4,ONB,-786422000.0,46763372000.0,,,,,292903000.0,,35000830000.0,,,,,,31123641000.0,1998716000.0,,2643682000.0,,,,,,,,,41634777000.0,,,,,,,,,,,5128595000.0,,,
2023Q1,ONB,-708358000.0,47842644000.0,,,,8160000.0,291922000.0,,34917792000.0,0.49,0.49,,3400000.0,,31822374000.0,1998716000.0,,2663374000.0,188021000.0,41421000.0,,495649000.0,114161000.0,62593000.0,368051000.0,381488000.0,42565218000.0,,,146600000.0,142566000.0,250711000.0,70681000.0,,43710000.0,0.0,,5277426000.0,,292756000.0,291088000.0
2023Q2,ONB,-808633000.0,48496755000.0,,,,,292597000.0,,36231315000.0,0.52,0.52,,4165000.0,,32432473000.0,1998716000.0,,2603058000.0,202429000.0,47393000.0,,544902000.0,162731000.0,100974000.0,367384000.0,382171000.0,43204660000.0,,,155036000.0,151003000.0,246584000.0,81629000.0,,,0.0,,5292095000.0,,291266000.0,290559000.0
2023Q3,ONB,-968815000.0,49059448000.0,,,,,292586000.0,,37252676000.0,0.49,0.49,,5063000.0,,32577834000.0,1998716000.0,,2393621000.0,192180000.0,44304000.0,,576519000.0,201433000.0,147428000.0,356018000.0,375086000.0,43819911000.0,,,147876000.0,143842000.0,244776000.0,80938000.0,,,0.0,,5239537000.0,,291717000.0,290648000.0
2023Q4,ONB,-738809000.0,49089836000.0,,,,,292655000.0,,37235180000.0,,,,,,32991927000.0,1998716000.0,,2601188000.0,,,,,,,,,43526936000.0,,,,,,,,,,,5562900000.0,,,
2024Q1,ONB,-779628000.0,49534918000.0,,,,,293330000.0,,37699418000.0,0.4,0.4,,4478000.0,,33623319000.0,1998716000.0,,2547576000.0,152772000.0,32488000.0,,595981000.0,239523000.0,185439000.0,337567000.0,356458000.0,43939510000.0,,,120284000.0,116250000.0,262317000.0,77522000.0,,7182000.0,,,5595408000.0,,292207000.0,290980000.0
2024Q2,ONB,-791408000.0,53119645000.0,,,,,318969000.0,,39999228000.0,0.37,0.37,,7064000.0,,36150513000.0,2170709000.0,,2512502000.0,156479000.0,35250000.0,,663663000.0,,215806000.0,352207000.0,388421000.0,47044573000.0,,,121229000.0,117196000.0,282999000.0,87271000.0,,,23922000.0,,6075072000.0,,316461000.0,315585000.0
2024Q3,ONB,-603756000.0,53602293000.0,,,,,318955000.0,,40845746000.0,0.44,0.44,,7669000.0,,36400643000.0,2176999000.0,,2604055000.0,185082000.0,41280000.0,,679925000.0,,229727000.0,363227000.0,391724000.0,47234995000.0,,,143802000.0,139768000.0,272283000.0,94138000.0,,,2803000.0,,6367298000.0,,317331000.0,315622000.0
2024Q4,ONB,-746043000.0,53552272000.0,,,,,318980000.0,,40823560000.0,,,,,,36285887000.0,2175251000.0,,2471138000.0,,,,,,,,,47211922000.0,,,,,,,,,,,6340350000.0,,,
2025Q1,ONB,-648509000.0,53877944000.0,,,,,319236000.0,,41034572000.0,0.45,0.44,,6879000.0,,36413944000.0,2175251000.0,,2485533000.0,181563000.0,36904000.0,,630399000.0,,190495000.0,356240000.0,387643000.0,47343290000.0,,,144659000.0,140625000.0,268471000.0,93794000.0,,13538000.0,,,6534654000.0,,321016000.0,315925000.0
2025Q2,ONB,-599608000.0,70979805000.0,,,,,391818000.0,,54357683000.0,0.34,0.34,,10032000.0,,47902819000.0,2409886000.0,,2470347000.0,155706000.0,30298000.0,,824961000.0,,240088000.0,407955000.0,514790000.0,62853418000.0,,,125408000.0,121375000.0,384766000.0,132517000.0,,,,,8126387000.0,,361436000.0,360155000.0
2025Q3,ONB,-524391000.0,71210162000.0,,,,,390768000.0,,55006184000.0,0.46,0.46,,10442000.0,,47967915000.0,2418658000.0,,2518672000.0,232598000.0,50031000.0,,917192000.0,,272601000.0,547871000.0,574609000.0,62900891000.0,,,182567000.0,178533000.0,445734000.0,130461000.0,,,,,8309271000.0,,390496000.0,389038000.0
2025Q4,ONB,-478671000.0,72151967000.0,,,,,389662000.0,,55088195000.0,,,,,,48764162000.0,2425700000.0,,2540238000.0,,,,,,,,,63657179000.0,,,,,,,,,,,8494788000.0,,,
2026Q1,ONB,-543254000.0,73002651000.0,,,,,386315000.0,,55672472000.0,0.6,0.59,,9554000.0,,49731844000.0,2429756000.0,,2467941000.0,295269000.0,61597000.0,,877391000.0,,233331000.0,537627000.0,572573000.0,64491998000.0,,,233672000.0,229638000.0,364704000.0,122346000.0,,104072000.0,,,8510653000.0,,388054000.0,385849000.0
