q,ticker,Assets,CommonStockSharesOutstanding,EarningsPerShareBasic,EarningsPerShareDiluted,IncomeLossFromContinuingOperationsBeforeIncomeTaxesExtraordinaryItemsNoncontrollingInterest,IncomeTaxExpenseBenefit,InterestExpense,InterestIncomeExpenseNet,Liabilities,LongTermDebt,NetIncomeLoss,PaymentsForRepurchaseOfCommonStock,RevenueFromContractWithCustomerExcludingAssessedTax,Revenues,RevenuesNetOfInterestExpense,StockholdersEquity,StockholdersEquityIncludingPortionAttributableToNoncontrollingInterest,WeightedAverageNumberOfDilutedSharesOutstanding,WeightedAverageNumberOfSharesOutstandingBasic
2015Q4,PFSI,,,,,,,,,,,,,,,,,1062350000.0,,
2016Q4,PFSI,,,,,,,,,,,,,,,,,1399356000.0,,
2017Q1,PFSI,5251377000.0,,0.48,0.47,62032000.0,7646000.0,,,3793782000.0,690476000.0,10879000.0,,,204473000.0,,,1457595000.0,,
2017Q2,PFSI,6404738000.0,,0.45,0.44,57960000.0,7214000.0,,,4893486000.0,671789000.0,10479000.0,,,201721000.0,,,1511252000.0,,
2017Q3,PFSI,6388369000.0,,0.73,0.71,94144000.0,11652000.0,42492000.0,1950000.0,4798078000.0,1151545000.0,17081000.0,,487000.0,250635000.0,,,1590291000.0,78416000.0,23426000.0
2017Q4,PFSI,7368093000.0,,2.67,2.44,121773000.0,-2125000.0,,,5648419000.0,1135401000.0,62318000.0,,,298634000.0,,469411000.0,1719674000.0,,
2018Q1,PFSI,6902891000.0,,0.7,0.67,72996000.0,6070000.0,36745000.0,5870000.0,5108692000.0,1380358000.0,16619000.0,,1872000.0,238201000.0,238201000.0,,1794199000.0,79461000.0,23832000.0
2018Q2,PFSI,6841706000.0,,0.71,0.7,74698000.0,6293000.0,32616000.0,22488000.0,4979762000.0,1473188000.0,17837000.0,,2571000.0,244298000.0,244298000.0,,1861944000.0,78825000.0,24959000.0
2018Q3,PFSI,6992530000.0,,0.58,0.57,61697000.0,5545000.0,38775000.0,22189000.0,5075820000.0,1566672000.0,14489000.0,,2605000.0,250929000.0,250929000.0,540846000.0,1916710000.0,78913000.0,25125000.0
2018Q4,PFSI,7478573000.0,,0.65,0.63,58306000.0,5346000.0,,,5824782000.0,1648973000.0,38749000.0,,,251201000.0,251201000.0,1653791000.0,1653791000.0,,
2019Q1,PFSI,7819000000.0,,0.59,0.58,60291000.0,14156000.0,37543000.0,20790000.0,6117808000.0,1752817000.0,46135000.0,,2350000.0,247705000.0,247705000.0,,1701192000.0,79286000.0,77653000.0
2019Q2,PFSI,8398376000.0,,0.93,0.92,99590000.0,26894000.0,52924000.0,17976000.0,6619379000.0,1515631000.0,72696000.0,,2126000.0,,302977000.0,,1778997000.0,79318000.0,78335000.0
2019Q3,PFSI,9303199000.0,,1.55,1.51,166197000.0,44724000.0,56380000.0,27072000.0,7391586000.0,1500647000.0,121473000.0,,2379000.0,,436347000.0,,1911613000.0,80382000.0,78361000.0
2019Q4,PFSI,10204017000.0,,1.95,1.88,203366000.0,50705000.0,,,8142510000.0,1493466000.0,152661000.0,,,,490375000.0,,2061507000.0,,
2020Q1,PFSI,10891133000.0,,3.89,3.73,414730000.0,108487000.0,61512000.0,11052000.0,8527004000.0,,306243000.0,4121000.0,1681000.0,,721825000.0,,2364129000.0,82008000.0,78689000.0
2020Q2,PFSI,23226475000.0,,4.53,4.39,480362000.0,127685000.0,53207000.0,-5889000.0,20747282000.0,,352677000.0,,2123000.0,,821634000.0,,2479193000.0,80424000.0,77790000.0
2020Q3,PFSI,31180865000.0,,7.39,7.03,728291000.0,193131000.0,63179000.0,-10227000.0,28163788000.0,,535160000.0,,2298000.0,,1119992000.0,,3017077000.0,76138000.0,72439000.0
2020Q4,PFSI,31597795000.0,,,,,,,,28208407000.0,,,,,,,,3389388000.0,,
2021Q1,PFSI,31297980000.0,,5.45,5.15,506008000.0,129140000.0,107713000.0,-25632000.0,27830566000.0,2610468000.0,376868000.0,288519000.0,1755000.0,,944686000.0,,3467414000.0,73117000.0,69113000.0
2021Q2,PFSI,23880138000.0,,3.1,2.94,279515000.0,75286000.0,102431000.0,-21634000.0,20366309000.0,2607677000.0,204229000.0,,2459000.0,,742252000.0,,3513829000.0,69399000.0,65890000.0
2021Q3,PFSI,19745138000.0,,4.02,3.8,339549000.0,90239000.0,90711000.0,-22399000.0,16240836000.0,3105583000.0,249310000.0,,1293000.0,,786612000.0,,3504302000.0,65652000.0,62085000.0
2021Q4,PFSI,18776612000.0,,,,,,,,15358287000.0,3103489000.0,,,,,,,3418325000.0,,
2022Q1,PFSI,14617902000.0,,3.11,2.94,234520000.0,60927000.0,77307000.0,-23425000.0,11176299000.0,3101396000.0,173593000.0,141412000.0,2887000.0,,657504000.0,,3441603000.0,59129000.0,55831000.0
2022Q2,PFSI,14272255000.0,,2.38,2.28,177526000.0,48363000.0,71127000.0,-21263000.0,10810870000.0,3600000000.0,129163000.0,,2647000.0,,511515000.0,,3461385000.0,56642000.0,54167000.0
2022Q3,PFSI,16361811000.0,,2.59,2.46,185472000.0,50338000.0,82965000.0,29000.0,12879721000.0,3600000000.0,135134000.0,,3241000.0,,476290000.0,,3482090000.0,54968000.0,52170000.0
2022Q4,PFSI,16822584000.0,,,,,,,,13351535000.0,3750000000.0,,,,,,,3471049000.0,,
2023Q1,PFSI,20103185000.0,,0.61,0.57,38147000.0,7769000.0,131771000.0,-3293000.0,16650995000.0,4280000000.0,30378000.0,45361000.0,2195000.0,,302862000.0,,3452190000.0,53352000.0,50154000.0
2023Q2,PFSI,17984468000.0,,1.17,1.11,72917000.0,14667000.0,178642000.0,-5690000.0,14505708000.0,4280000000.0,58250000.0,,2938000.0,,336547000.0,,3478760000.0,52264000.0,49874000.0
2023Q3,PFSI,18949314000.0,,1.86,1.77,126797000.0,33927000.0,156863000.0,9689000.0,15376441000.0,4480000000.0,92870000.0,,2878000.0,,400308000.0,,3572873000.0,52561000.0,49902000.0
2023Q4,PFSI,18844563000.0,50178963.0,,,,,,,15305960000.0,4430000000.0,,,,,,,3538603000.0,,
2024Q1,PFSI,19801741000.0,50907865.0,0.78,0.74,43883000.0,4575000.0,165769000.0,-9343000.0,16231358000.0,4530000000.0,39308000.0,,3617000.0,,305660000.0,,3570383000.0,53100000.0,50547000.0
2024Q2,PFSI,21577565000.0,51017418.0,1.93,1.85,133854000.0,35596000.0,207871000.0,-7060000.0,17916447000.0,4930000000.0,98258000.0,,15731000.0,,406127000.0,,3661118000.0,53204000.0,50955000.0
2024Q3,PFSI,22871538000.0,51257630.0,1.36,1.3,93925000.0,24557000.0,,7873000.0,19132360000.0,4930000000.0,69368000.0,,3438000.0,,411834000.0,,3739178000.0,53495000.0,51180000.0
2024Q4,PFSI,26086887000.0,51376616.0,,,,,,,22257236000.0,5255000000.0,,,,,,,3829651000.0,,
2025Q1,PFSI,23872876000.0,51658984.0,1.48,1.42,104196000.0,27916000.0,,-18211000.0,19969120000.0,5780000000.0,76280000.0,,4918000.0,,430903000.0,,3903756000.0,53624000.0,51506000.0
2025Q2,PFSI,24221904000.0,51671905.0,2.64,2.54,76442000.0,-60021000.0,,-17648000.0,20189404000.0,5580000000.0,136463000.0,,4516000.0,,444730000.0,,4032500000.0,53635000.0,51667000.0
2025Q3,PFSI,25401120000.0,51875223.0,3.51,3.37,236374000.0,54871000.0,,-1147000.0,21193234000.0,6230000000.0,181503000.0,,4578000.0,,632898000.0,,4207886000.0,53879000.0,51730000.0
2025Q4,PFSI,29388689000.0,52061346.0,,,,,,,25079713000.0,6230000000.0,,,,,,,4308976000.0,,
2026Q1,PFSI,31943998000.0,51923059.0,1.58,1.53,104691000.0,22369000.0,,-41543000.0,27618239000.0,6230000000.0,82322000.0,50011000.0,6120000.0,,544984000.0,,4325759000.0,53859000.0,52132000.0
2026Q2,PFSI,29859451000.0,51943691.0,0.42,0.41,31525000.0,9799000.0,,-28258000.0,25522565000.0,6330000000.0,21726000.0,,19496000.0,,496965000.0,,4336886000.0,53251000.0,51932000.0
