q,ticker,AccumulatedOtherComprehensiveIncomeLossNetOfTax,Assets,AvailableForSaleSecurities,AvailableForSaleSecuritiesDebtSecurities,BrokerageCommissionsRevenue,CommonStockSharesOutstanding,Deposits,EarningsPerShareBasic,EarningsPerShareDiluted,FeesAndCommissionsDepositorAccounts,FinancingReceivableAllowanceForCreditLosses,FinancingReceivableExcludingAccruedInterestBeforeAllowanceForCreditLoss,Goodwill,HeldToMaturitySecurities,HeldToMaturitySecuritiesFairValue,IncomeLossFromContinuingOperationsBeforeIncomeTaxesExtraordinaryItemsNoncontrollingInterest,IncomeTaxExpenseBenefit,IntangibleAssetsNetExcludingGoodwill,InterestAndDividendIncomeOperating,InterestBearingDepositLiabilities,InterestExpense,InterestExpenseBorrowings,InterestExpenseDeposits,InterestIncomeExpenseNet,InvestmentAdvisoryManagementAndAdministrativeFees,InvestmentBankingRevenue,Liabilities,LoansAndLeasesReceivableNetReportedAmount,LongTermDebt,NetIncomeLoss,NetIncomeLossAvailableToCommonStockholdersBasic,NoninterestBearingDepositLiabilities,NoninterestExpense,NoninterestIncome,NotesReceivableNet,PaymentsForRepurchaseOfCommonStock,ProvisionForLoanLeaseAndOtherLosses,RevenueFromContractWithCustomerExcludingAssessedTax,Revenues,StockholdersEquity,StockholdersEquityIncludingPortionAttributableToNoncontrollingInterest,WeightedAverageNumberOfDilutedSharesOutstanding,WeightedAverageNumberOfSharesOutstandingBasic
2006Q4,PNC,,,,,,,,,,,,,,,,,,,,,,,,,,,,,,,,,,,,,,,,,11673000000.0,,
2007Q4,PNC,,,,,,,,,,,,,,,,,,,,,,,,,,,,,,,,,,,,,,,,,16508000000.0,,
2008Q2,PNC,,,,,,,,1.46,1.45,92000000.0,,,,,,,233000000.0,,1577000000.0,,600000000.0,238000000.0,362000000.0,977000000.0,,,,,,505000000.0,,,1103000000.0,1062000000.0,,,186000000.0,,2039000000.0,,,346000000.0,344000000.0
2008Q3,PNC,,,,,,,,0.72,0.7,97000000.0,,,,,,,74000000.0,,1574000000.0,,574000000.0,234000000.0,340000000.0,1000000000.0,,,,,,248000000.0,,,1131000000.0,654000000.0,,,190000000.0,,1654000000.0,,,347000000.0,345000000.0
2008Q4,PNC,-3949000000.0,291081000000.0,40142000000.0,,,,192865000000.0,,,,,,8868000000.0,3331000000.0,3264000000.0,,,2820000000.0,,155717000000.0,,,,,,,263433000000.0,171572000000.0,,,,37148000000.0,,,,,,,,25422000000.0,27648000000.0,,
2009Q1,PNC,,,,,,,,1.04,1.03,224000000.0,,,,,,,128000000.0,,3259000000.0,,939000000.0,393000000.0,546000000.0,2320000000.0,,,,,,,460000000.0,,2158000000.0,1366000000.0,,35000000.0,880000000.0,,3686000000.0,,,444000000.0,443000000.0
2009Q2,PNC,-3101000000.0,279754000000.0,,,,,190439000000.0,0.14,0.14,242000000.0,,,9206000000.0,,,,29000000.0,3684000000.0,3000000000.0,148633000000.0,807000000.0,333000000.0,474000000.0,2193000000.0,,,250287000000.0,160440000000.0,,65000000.0,64000000.0,41806000000.0,2492000000.0,1610000000.0,,,1087000000.0,,3803000000.0,27294000000.0,,453000000.0,451000000.0
2009Q3,PNC,-1947000000.0,271407000000.0,,,,,183809000000.0,1.01,1.0,248000000.0,,,9286000000.0,,,,185000000.0,3448000000.0,2888000000.0,140784000000.0,664000000.0,277000000.0,387000000.0,2224000000.0,,,239744000000.0,155798000000.0,,467000000.0,465000000.0,43025000000.0,2214000000.0,1629000000.0,,,914000000.0,,3853000000.0,28928000000.0,31663000000.0,461000000.0,460000000.0
2009Q4,PNC,-1962000000.0,269863000000.0,50798000000.0,,,,186922000000.0,,,,,,9505000000.0,5229000000.0,5521000000.0,,,3404000000.0,,142538000000.0,,,,,,,237296000000.0,152471000000.0,,,,44384000000.0,,,,,,,,29942000000.0,32567000000.0,,
2010Q1,PNC,-1288000000.0,265396000000.0,,,,,182523000000.0,0.67,0.66,200000000.0,,,9425000000.0,,,,251000000.0,3289000000.0,2905000000.0,139401000000.0,526000000.0,245000000.0,281000000.0,2379000000.0,,,235962000000.0,151947000000.0,,,332000000.0,43122000000.0,2113000000.0,1384000000.0,,67000000.0,751000000.0,,3763000000.0,26818000000.0,29434000000.0,500000000.0,498000000.0
2010Q2,PNC,-442000000.0,261695000000.0,,,,,178799000000.0,1.49,1.47,209000000.0,,,9410000000.0,,,,306000000.0,2728000000.0,2873000000.0,134487000000.0,438000000.0,194000000.0,244000000.0,2435000000.0,,,230705000000.0,149006000000.0,,,783000000.0,44312000000.0,2002000000.0,1477000000.0,,,823000000.0,,3912000000.0,28377000000.0,30990000000.0,527000000.0,524000000.0
2010Q3,PNC,146000000.0,260133000000.0,,,,,179183000000.0,2.08,2.07,164000000.0,,,8166000000.0,,,,179000000.0,2352000000.0,2701000000.0,133118000000.0,486000000.0,253000000.0,233000000.0,2215000000.0,,,227467000000.0,144896000000.0,,,1090000000.0,46065000000.0,2158000000.0,1383000000.0,,,486000000.0,,3598000000.0,30042000000.0,32666000000.0,526000000.0,523000000.0
2010Q4,PNC,-431000000.0,264284000000.0,57310000000.0,56932000000.0,,,183390000000.0,,,,,,8149000000.0,6952000000.0,7177000000.0,,,2604000000.0,,133371000000.0,,,,,,,231446000000.0,145708000000.0,,,,50019000000.0,,,,,,,,30242000000.0,32838000000.0,,
2011Q1,PNC,-309000000.0,259378000000.0,54527000000.0,,,,181990000000.0,1.59,1.57,123000000.0,,,8146000000.0,6465000000.0,6640000000.0,1140000000.0,308000000.0,2618000000.0,2583000000.0,133283000000.0,407000000.0,225000000.0,182000000.0,2176000000.0,,,225661000000.0,144628000000.0,,,831000000.0,48707000000.0,2070000000.0,1455000000.0,,33000000.0,421000000.0,,3631000000.0,31132000000.0,33717000000.0,526000000.0,524000000.0
2011Q2,PNC,69000000.0,263117000000.0,49667000000.0,,,,181891000000.0,1.69,1.67,131000000.0,,,8182000000.0,9747000000.0,9910000000.0,1146000000.0,234000000.0,2412000000.0,2547000000.0,129208000000.0,397000000.0,217000000.0,180000000.0,2150000000.0,,,228244000000.0,145692000000.0,,,884000000.0,52683000000.0,2176000000.0,1452000000.0,,,280000000.0,,3602000000.0,32235000000.0,34873000000.0,527000000.0,524000000.0
2011Q3,PNC,397000000.0,269470000000.0,49715000000.0,49363000000.0,,,187732000000.0,1.57,1.55,140000000.0,,,8207000000.0,12390000000.0,12724000000.0,1143000000.0,309000000.0,1949000000.0,2530000000.0,132552000000.0,355000000.0,188000000.0,167000000.0,2175000000.0,,,232228000000.0,150036000000.0,,,822000000.0,55180000000.0,2140000000.0,1369000000.0,,,261000000.0,,3544000000.0,34219000000.0,37242000000.0,526000000.0,524000000.0
2011Q4,PNC,-105000000.0,271205000000.0,48568000000.0,48200000000.0,,,187966000000.0,,,,,,8285000000.0,12066000000.0,12450000000.0,,,1859000000.0,,128918000000.0,,,,,,,233959000000.0,154667000000.0,,,,59048000000.0,,,,,,,,34053000000.0,37246000000.0,,
2012Q1,PNC,281000000.0,295883000000.0,53358000000.0,53060000000.0,,,206127000000.0,1.45,1.44,127000000.0,,,9169000000.0,11196000000.0,11581000000.0,1092000000.0,281000000.0,2019000000.0,2597000000.0,143664000000.0,306000000.0,203000000.0,103000000.0,2291000000.0,,,257647000000.0,172018000000.0,,,762000000.0,62463000000.0,2455000000.0,1441000000.0,,25000000.0,185000000.0,,3732000000.0,35045000000.0,38236000000.0,529000000.0,526000000.0
2012Q2,PNC,402000000.0,299575000000.0,51251000000.0,50896000000.0,,,206923000000.0,1.0,0.98,144000000.0,,,9158000000.0,10686000000.0,11146000000.0,719000000.0,173000000.0,1804000000.0,2796000000.0,142447000000.0,270000000.0,187000000.0,83000000.0,2526000000.0,,,259361000000.0,176269000000.0,,,525000000.0,64476000000.0,2648000000.0,1097000000.0,,,256000000.0,,3623000000.0,37005000000.0,40214000000.0,530000000.0,527000000.0
2012Q3,PNC,991000000.0,300803000000.0,52133000000.0,51812000000.0,,,206263000000.0,1.66,1.64,152000000.0,,,9163000000.0,,,1210000000.0,285000000.0,1778000000.0,2670000000.0,141779000000.0,271000000.0,168000000.0,103000000.0,2399000000.0,,,259001000000.0,177825000000.0,,,871000000.0,64484000000.0,2650000000.0,1689000000.0,,,228000000.0,,4088000000.0,38683000000.0,41802000000.0,529000000.0,526000000.0
2012Q4,PNC,834000000.0,305107000000.0,51052000000.0,,,,213142000000.0,,,,,,9072000000.0,10354000000.0,10860000000.0,,,1797000000.0,,143162000000.0,,,,,,,263342000000.0,181820000000.0,,,,69980000000.0,,,,,,,,39003000000.0,41720000000.0,,
2013Q1,PNC,767000000.0,300812000000.0,49536000000.0,,,,211620000000.0,1.76,1.74,136000000.0,,,9075000000.0,,,1351000000.0,356000000.0,1921000000.0,2611000000.0,146968000000.0,222000000.0,129000000.0,93000000.0,2389000000.0,308000000.0,,258734000000.0,182676000000.0,,928000000.0,924000000.0,64652000000.0,2368000000.0,1566000000.0,,22000000.0,236000000.0,,3955000000.0,39663000000.0,42024000000.0,528000000.0,526000000.0
2013Q2,PNC,45000000.0,304415000000.0,47899000000.0,,,,212279000000.0,2.0,1.98,147000000.0,,,9075000000.0,,,1502000000.0,387000000.0,2153000000.0,2469000000.0,145571000000.0,211000000.0,125000000.0,86000000.0,2258000000.0,340000000.0,,262474000000.0,186003000000.0,,,1053000000.0,66708000000.0,2405000000.0,1806000000.0,,,157000000.0,,4064000000.0,40286000000.0,41877000000.0,531000000.0,528000000.0
2013Q3,PNC,47000000.0,308597000000.0,45762000000.0,,,,216074000000.0,1.8,1.77,156000000.0,,,9074000000.0,,,1389000000.0,361000000.0,2194000000.0,2448000000.0,147327000000.0,214000000.0,130000000.0,84000000.0,2234000000.0,330000000.0,,265777000000.0,189165000000.0,,,951000000.0,68747000000.0,2394000000.0,1686000000.0,,,137000000.0,,3920000000.0,41130000000.0,42747000000.0,534000000.0,529000000.0
2013Q4,PNC,436000000.0,320192000000.0,48607000000.0,,,,220931000000.0,,,,,,9074000000.0,11687000000.0,11765000000.0,,,2216000000.0,,150625000000.0,,,,,,,276155000000.0,192004000000.0,,,,70306000000.0,,,,,,,,42334000000.0,44039000000.0,,
2014Q1,PNC,656000000.0,323423000000.0,47483000000.0,,,,222382000000.0,1.86,1.82,147000000.0,,,9074000000.0,,,1419000000.0,359000000.0,2115000000.0,2410000000.0,152319000000.0,215000000.0,137000000.0,78000000.0,2195000000.0,364000000.0,,278505000000.0,194712000000.0,,992000000.0,989000000.0,70063000000.0,2264000000.0,1582000000.0,,41000000.0,94000000.0,,3777000000.0,43321000000.0,44918000000.0,539000000.0,532000000.0
2014Q2,PNC,881000000.0,327064000000.0,44519000000.0,,,,222554000000.0,1.88,1.85,156000000.0,,,9074000000.0,,,1410000000.0,358000000.0,1997000000.0,2356000000.0,151553000000.0,227000000.0,147000000.0,80000000.0,2129000000.0,362000000.0,,281271000000.0,197531000000.0,,,998000000.0,71001000000.0,2328000000.0,1681000000.0,,,72000000.0,,3810000000.0,44205000000.0,45793000000.0,539000000.0,532000000.0
2014Q3,PNC,727000000.0,334424000000.0,43620000000.0,,,,226304000000.0,1.82,1.79,179000000.0,,,9074000000.0,,,1429000000.0,391000000.0,1994000000.0,2328000000.0,153341000000.0,224000000.0,143000000.0,81000000.0,2104000000.0,411000000.0,,288429000000.0,197466000000.0,,,963000000.0,72963000000.0,2357000000.0,1737000000.0,,,55000000.0,,3841000000.0,44481000000.0,45995000000.0,537000000.0,529000000.0
2014Q4,PNC,503000000.0,345072000000.0,44235000000.0,,,523000000.0,232234000000.0,,,,,,9103000000.0,,,,,493000000.0,,158755000000.0,,,,,,,298998000000.0,201486000000.0,,,,73479000000.0,,,,,,,,44551000000.0,46074000000.0,,
2015Q1,PNC,703000000.0,350960000000.0,47579000000.0,,,,236503000000.0,1.79,1.75,153000000.0,,,9103000000.0,,,1328000000.0,324000000.0,463000000.0,2319000000.0,161559000000.0,247000000.0,155000000.0,92000000.0,2072000000.0,376000000.0,,304522000000.0,201416000000.0,,,931000000.0,74944000000.0,2349000000.0,1659000000.0,,463000000.0,54000000.0,,3731000000.0,45025000000.0,46438000000.0,529000000.0,521000000.0
2015Q2,PNC,379000000.0,353945000000.0,47679000000.0,,,,239704000000.0,1.92,1.88,156000000.0,,,9103000000.0,,,1454000000.0,410000000.0,435000000.0,2305000000.0,162335000000.0,253000000.0,155000000.0,98000000.0,2052000000.0,416000000.0,,308033000000.0,201881000000.0,,,992000000.0,77369000000.0,2366000000.0,1814000000.0,,,46000000.0,,3866000000.0,44515000000.0,45912000000.0,525000000.0,517000000.0
2015Q3,PNC,615000000.0,362125000000.0,53663000000.0,,,,244979000000.0,1.93,1.9,172000000.0,,,9103000000.0,,,1342000000.0,269000000.0,407000000.0,2341000000.0,166740000000.0,279000000.0,172000000.0,107000000.0,2062000000.0,376000000.0,,315847000000.0,201746000000.0,,,991000000.0,78239000000.0,2352000000.0,1713000000.0,,,81000000.0,,3775000000.0,44948000000.0,46278000000.0,520000000.0,512000000.0
2015Q4,PNC,130000000.0,358493000000.0,55760000000.0,,,,249002000000.0,,,,,,9103000000.0,14768000000.0,,,,379000000.0,,169567000000.0,,,,,,,312513000000.0,203969000000.0,,,,79435000000.0,,,,,,,,44710000000.0,45980000000.0,,
2016Q1,PNC,532000000.0,360985000000.0,57415000000.0,,,,250359000000.0,1.7,1.68,158000000.0,,,9103000000.0,,,1232000000.0,289000000.0,353000000.0,2407000000.0,172208000000.0,309000000.0,204000000.0,105000000.0,2098000000.0,341000000.0,,314657000000.0,204774000000.0,,,853000000.0,78151000000.0,2281000000.0,1567000000.0,,551000000.0,152000000.0,,3665000000.0,45130000000.0,46328000000.0,507000000.0,501000000.0
2016Q2,PNC,736000000.0,361335000000.0,56884000000.0,,,,249778000000.0,1.84,1.82,163000000.0,,,9103000000.0,,,1307000000.0,318000000.0,329000000.0,2384000000.0,171912000000.0,316000000.0,212000000.0,104000000.0,2068000000.0,377000000.0,,314636000000.0,206371000000.0,,,917000000.0,77866000000.0,2360000000.0,1726000000.0,,,127000000.0,,3794000000.0,45558000000.0,46699000000.0,503000000.0,497000000.0
2016Q3,PNC,646000000.0,369348000000.0,61941000000.0,,,,259895000000.0,1.87,1.84,174000000.0,,,9103000000.0,,,1348000000.0,342000000.0,304000000.0,2408000000.0,177736000000.0,313000000.0,206000000.0,107000000.0,2095000000.0,404000000.0,,322503000000.0,207827000000.0,,,917000000.0,82159000000.0,2394000000.0,1734000000.0,,,87000000.0,,3829000000.0,45707000000.0,46845000000.0,496000000.0,490000000.0
2016Q4,PNC,-265000000.0,366380000000.0,60104000000.0,,,,257164000000.0,,,,,,9103000000.0,15843000000.0,,,,,,176934000000.0,,,,,,,319526000000.0,208244000000.0,,,,80230000000.0,,,,,,,,45699000000.0,46854000000.0,,
2017Q1,PNC,-279000000.0,370944000000.0,59339000000.0,,,,260710000000.0,1.99,1.96,161000000.0,,,9103000000.0,17093000000.0,,1394000000.0,320000000.0,,2520000000.0,181464000000.0,360000000.0,240000000.0,120000000.0,2160000000.0,403000000.0,,325041000000.0,210265000000.0,,,967000000.0,79246000000.0,2402000000.0,1724000000.0,,688000000.0,88000000.0,,3884000000.0,45754000000.0,45903000000.0,492000000.0,487000000.0
2017Q2,PNC,-98000000.0,372190000000.0,58878000000.0,,,,259176000000.0,2.12,2.1,170000000.0,,,9163000000.0,17553000000.0,,1483000000.0,386000000.0,,2674000000.0,179626000000.0,416000000.0,273000000.0,143000000.0,2258000000.0,398000000.0,,326005000000.0,215473000000.0,,,1026000000.0,79550000000.0,2479000000.0,1802000000.0,,,98000000.0,,4060000000.0,46084000000.0,46185000000.0,488000000.0,484000000.0
2017Q3,PNC,-22000000.0,375191000000.0,57254000000.0,,,,260735000000.0,2.18,2.16,181000000.0,,,9163000000.0,17740000000.0,,1539000000.0,413000000.0,,2795000000.0,180768000000.0,450000000.0,280000000.0,170000000.0,2345000000.0,421000000.0,,328739000000.0,218504000000.0,,,1045000000.0,79967000000.0,2456000000.0,1780000000.0,,,130000000.0,,4125000000.0,46388000000.0,46452000000.0,483000000.0,479000000.0
2017Q4,PNC,-148000000.0,380768000000.0,57618000000.0,57033000000.0,,,265053000000.0,,,,2611000000.0,,9173000000.0,18513000000.0,18565000000.0,,,,,185189000000.0,,,,,,,333183000000.0,217847000000.0,,,,79864000000.0,,,,,,,,47513000000.0,47585000000.0,,
2018Q1,PNC,-699000000.0,379161000000.0,56018000000.0,,,,264704000000.0,2.45,2.43,167000000.0,,,9218000000.0,18544000000.0,,1492000000.0,253000000.0,,2918000000.0,186401000000.0,557000000.0,344000000.0,213000000.0,2361000000.0,455000000.0,,332126000000.0,219010000000.0,,,1160000000.0,78303000000.0,2527000000.0,1750000000.0,,840000000.0,92000000.0,,4111000000.0,46969000000.0,47035000000.0,476000000.0,473000000.0
2018Q2,PNC,-940000000.0,380711000000.0,60275000000.0,,,,264885000000.0,2.74,2.72,169000000.0,,,9218000000.0,19850000000.0,,1660000000.0,304000000.0,,3082000000.0,185838000000.0,669000000.0,408000000.0,261000000.0,2413000000.0,456000000.0,,333736000000.0,220274000000.0,,,1285000000.0,79047000000.0,2584000000.0,1911000000.0,,,80000000.0,,4324000000.0,46904000000.0,46975000000.0,472000000.0,469000000.0
2018Q3,PNC,-1260000000.0,380080000000.0,61211000000.0,,,,264884000000.0,2.84,2.82,186000000.0,,,9218000000.0,19593000000.0,,1661000000.0,261000000.0,,3223000000.0,190148000000.0,757000000.0,421000000.0,336000000.0,2466000000.0,486000000.0,,332978000000.0,220469000000.0,,,1319000000.0,74736000000.0,2608000000.0,1891000000.0,,,88000000.0,,4357000000.0,47058000000.0,47102000000.0,467000000.0,465000000.0
2018Q4,PNC,-725000000.0,382315000000.0,63389000000.0,63389000000.0,,,267839000000.0,,,,2629000000.0,,9218000000.0,19312000000.0,19019000000.0,,,,,193879000000.0,,,,,,,334545000000.0,223616000000.0,,,,73960000000.0,,,,,,,,47728000000.0,47770000000.0,,
2019Q1,PNC,-5000000.0,392837000000.0,65051000000.0,65051000000.0,,,271221000000.0,2.62,2.61,,2692000000.0,,9218000000.0,18818000000.0,18808000000.0,1519000000.0,248000000.0,,3428000000.0,199615000000.0,953000000.0,481000000.0,472000000.0,2475000000.0,,,344262000000.0,229601000000.0,,,1192000000.0,71606000000.0,2578000000.0,1811000000.0,,826000000.0,189000000.0,4286000000.0,4286000000.0,48536000000.0,48575000000.0,456000000.0,455000000.0
2019Q2,PNC,631000000.0,405761000000.0,69355000000.0,69355000000.0,,,273260000000.0,2.89,2.88,,2721000000.0,,9221000000.0,18948000000.0,19199000000.0,1424000000.0,239000000.0,,3497000000.0,203393000000.0,999000000.0,484000000.0,515000000.0,2498000000.0,,,356380000000.0,234494000000.0,,,1113000000.0,69867000000.0,2611000000.0,1717000000.0,,,180000000.0,4215000000.0,4439000000.0,49340000000.0,49381000000.0,452000000.0,451000000.0
2019Q3,PNC,837000000.0,408916000000.0,,69057000000.0,,,285583000000.0,2.95,2.94,,2738000000.0,,9233000000.0,18826000000.0,19210000000.0,1436000000.0,255000000.0,,3503000000.0,211506000000.0,999000000.0,468000000.0,531000000.0,2504000000.0,,,359461000000.0,234639000000.0,,,1099000000.0,74077000000.0,2623000000.0,1738000000.0,,,183000000.0,4242000000.0,4493000000.0,49420000000.0,49455000000.0,445000000.0,444000000.0
2019Q4,PNC,799000000.0,410295000000.0,,69163000000.0,,,288540000000.0,,,,2742000000.0,239843000000.0,9233000000.0,17661000000.0,18044000000.0,,,,,215761000000.0,,,,,,,360952000000.0,237101000000.0,,,,72779000000.0,,,,,,,,49314000000.0,49343000000.0,,
2020Q1,PNC,2518000000.0,445493000000.0,,89077000000.0,,,305204000000.0,1.96,1.95,,3944000000.0,,9233000000.0,1469000000.0,1621000000.0,879000000.0,120000000.0,,3200000000.0,223590000000.0,689000000.0,314000000.0,375000000.0,2511000000.0,,,396203000000.0,,,,685000000.0,81614000000.0,2543000000.0,1825000000.0,,1522000000.0,,4336000000.0,4336000000.0,49263000000.0,49290000000.0,430000000.0,429000000.0
2020Q2,PNC,3069000000.0,458978000000.0,,97052000000.0,,,345997000000.0,8.4,8.4,,5928000000.0,,9233000000.0,1441000000.0,1615000000.0,-902000000.0,-158000000.0,,2855000000.0,246539000000.0,328000000.0,187000000.0,141000000.0,2527000000.0,,,406030000000.0,,,,-808000000.0,99458000000.0,2515000000.0,1549000000.0,,,,4076000000.0,4076000000.0,52923000000.0,52948000000.0,426000000.0,426000000.0
2020Q3,PNC,2997000000.0,461817000000.0,,89747000000.0,,,355079000000.0,3.4,3.39,,5751000000.0,,9233000000.0,1438000000.0,1614000000.0,1698000000.0,166000000.0,,2676000000.0,247798000000.0,192000000.0,118000000.0,74000000.0,2484000000.0,,,408507000000.0,,,,1447000000.0,107281000000.0,2531000000.0,1797000000.0,,,,4281000000.0,4281000000.0,53276000000.0,53310000000.0,426000000.0,426000000.0
2020Q4,PNC,2770000000.0,466679000000.0,,87358000000.0,,,365345000000.0,,,,5361000000.0,241928000000.0,9233000000.0,1441000000.0,1605000000.0,,,,,252708000000.0,,,,,,,412638000000.0,,,,,112637000000.0,,,236567000000.0,,,,,54010000000.0,54041000000.0,,
2021Q1,PNC,1290000000.0,474414000000.0,,96799000000.0,,,375067000000.0,4.11,4.1,,4714000000.0,,9317000000.0,1456000000.0,1559000000.0,2197000000.0,371000000.0,,2483000000.0,254426000000.0,135000000.0,95000000.0,40000000.0,2348000000.0,,,420535000000.0,,,,1750000000.0,120641000000.0,2574000000.0,1872000000.0,,66000000.0,,4220000000.0,4220000000.0,53849000000.0,53879000000.0,426000000.0,426000000.0
2021Q2,PNC,1463000000.0,554212000000.0,,125058000000.0,,,452883000000.0,2.43,2.43,,5730000000.0,,10958000000.0,1485000000.0,1598000000.0,1315000000.0,212000000.0,,2701000000.0,298693000000.0,120000000.0,90000000.0,30000000.0,2581000000.0,,,499527000000.0,,,,1037000000.0,154190000000.0,3050000000.0,2086000000.0,,,,4667000000.0,4667000000.0,54627000000.0,54685000000.0,427000000.0,427000000.0
2021Q3,PNC,1079000000.0,553515000000.0,,124127000000.0,,,448902000000.0,3.31,3.3,,5355000000.0,,10885000000.0,1479000000.0,1583000000.0,1813000000.0,323000000.0,,2975000000.0,292597000000.0,119000000.0,90000000.0,29000000.0,2856000000.0,,,497218000000.0,,,,1408000000.0,156305000000.0,3587000000.0,2341000000.0,284875000000.0,,,5197000000.0,5197000000.0,56259000000.0,56297000000.0,426000000.0,426000000.0
2021Q4,PNC,409000000.0,557191000000.0,,,,,457278000000.0,,,,4868000000.0,288372000000.0,10916000000.0,1426000000.0,1522000000.0,,,,,302103000000.0,,,,,,,501465000000.0,,,,,155175000000.0,,,,,,,,55695000000.0,55726000000.0,,
2022Q1,PNC,-5731000000.0,541246000000.0,,,,,450197000000.0,3.23,3.23,,4558000000.0,294457000000.0,10916000000.0,20098000000.0,20115000000.0,1728000000.0,299000000.0,,2914000000.0,299399000000.0,110000000.0,83000000.0,27000000.0,2804000000.0,,,492030000000.0,,,,1355000000.0,150798000000.0,3172000000.0,1888000000.0,,1279000000.0,,4692000000.0,4692000000.0,49181000000.0,49216000000.0,420000000.0,420000000.0
2022Q2,PNC,-8358000000.0,540786000000.0,,,,,440811000000.0,3.39,3.39,,,310800000000.0,10916000000.0,79748000000.0,78414000000.0,1836000000.0,340000000.0,,3281000000.0,294373000000.0,230000000.0,142000000.0,88000000.0,3051000000.0,,,493098000000.0,,,,1402000000.0,146438000000.0,3244000000.0,2065000000.0,,,,5116000000.0,5116000000.0,47652000000.0,47688000000.0,414000000.0,414000000.0
2022Q3,PNC,-10486000000.0,559477000000.0,,,,,438194000000.0,3.78,3.78,,,315400000000.0,10987000000.0,90653000000.0,85188000000.0,2028000000.0,388000000.0,,4132000000.0,299771000000.0,657000000.0,317000000.0,340000000.0,3475000000.0,,,512754000000.0,,,,1550000000.0,138423000000.0,3280000000.0,2074000000.0,,,,5549000000.0,5549000000.0,46688000000.0,46723000000.0,410000000.0,410000000.0
2022Q4,PNC,-10172000000.0,557263000000.0,,,,,436282000000.0,,,,,326025000000.0,10987000000.0,,90279000000.0,,,,,311796000000.0,,,,,,,511451000000.0,,58726000000.0,,,124486000000.0,,,,,,,,45774000000.0,45812000000.0,,
2023Q1,PNC,-9108000000.0,561777000000.0,,,,,436833000000.0,3.98,3.98,,,326475000000.0,10987000000.0,,91425000000.0,2047000000.0,353000000.0,,5659000000.0,318819000000.0,2074000000.0,783000000.0,1291000000.0,3585000000.0,,,512703000000.0,,60833000000.0,,1599000000.0,118014000000.0,3321000000.0,2018000000.0,,459000000.0,,5603000000.0,5603000000.0,49044000000.0,49074000000.0,402000000.0,401000000.0
2023Q2,PNC,-9525000000.0,558207000000.0,,,348000000.0,,427489000000.0,3.36,3.36,,,321761000000.0,10987000000.0,,88896000000.0,1775000000.0,275000000.0,,5944000000.0,316962000000.0,2434000000.0,903000000.0,1531000000.0,3510000000.0,,213000000.0,508861000000.0,,65384000000.0,,1347000000.0,110527000000.0,3372000000.0,1783000000.0,,,,5293000000.0,5293000000.0,49320000000.0,49346000000.0,401000000.0,401000000.0
2023Q3,PNC,-10261000000.0,557334000000.0,,,348000000.0,,423609000000.0,3.6,3.6,,,318416000000.0,10987000000.0,,84447000000.0,1859000000.0,289000000.0,,6203000000.0,317937000000.0,2785000000.0,993000000.0,1792000000.0,3418000000.0,,168000000.0,507853000000.0,,66167000000.0,,1440000000.0,105672000000.0,3245000000.0,1815000000.0,,,,5233000000.0,5233000000.0,49454000000.0,49481000000.0,400000000.0,400000000.0
2023Q4,PNC,-7712000000.0,561580000000.0,,,,,421418000000.0,,,,,321508000000.0,10932000000.0,,86948000000.0,,,,,320133000000.0,,,,,,,510439000000.0,,72737000000.0,,,101285000000.0,,,,,,,,51105000000.0,51141000000.0,,
2024Q1,PNC,-8042000000.0,566162000000.0,,,364000000.0,,425624000000.0,3.1,3.1,,,319781000000.0,10932000000.0,,83301000000.0,1656000000.0,312000000.0,,6500000000.0,327563000000.0,3236000000.0,1159000000.0,2077000000.0,3264000000.0,,259000000.0,514788000000.0,,72707000000.0,,1240000000.0,98061000000.0,3334000000.0,1881000000.0,,223000000.0,,5145000000.0,5145000000.0,51340000000.0,51374000000.0,400000000.0,400000000.0
2024Q2,PNC,-7446000000.0,556519000000.0,,,364000000.0,,416391000000.0,3.39,3.39,,,321429000000.0,10932000000.0,,82255000000.0,1819000000.0,342000000.0,,6568000000.0,321849000000.0,,1182000000.0,2084000000.0,3302000000.0,,272000000.0,503838000000.0,,71391000000.0,,1355000000.0,94542000000.0,3357000000.0,2109000000.0,,,,,5411000000.0,52642000000.0,52681000000.0,400000000.0,400000000.0
2024Q3,PNC,-5090000000.0,564881000000.0,,,383000000.0,,423966000000.0,3.5,3.49,,,321381000000.0,10932000000.0,,81398000000.0,1862000000.0,357000000.0,,6822000000.0,329378000000.0,,1182000000.0,2230000000.0,3410000000.0,,371000000.0,509152000000.0,,68069000000.0,,1396000000.0,94588000000.0,3327000000.0,2022000000.0,,,,,5432000000.0,55689000000.0,55729000000.0,400000000.0,399000000.0
2024Q4,PNC,-6565000000.0,560038000000.0,,,,,426738000000.0,,,,,316467000000.0,10932000000.0,,73058000000.0,,,,,334097000000.0,,,,,,,505569000000.0,,61673000000.0,,,92641000000.0,,,,,,,,54425000000.0,54469000000.0,,
2025Q1,PNC,-5237000000.0,554722000000.0,,,391000000.0,,422915000000.0,3.52,3.51,,,318850000000.0,10932000000.0,,70926000000.0,1846000000.0,347000000.0,,6130000000.0,330546000000.0,,846000000.0,1808000000.0,3476000000.0,,306000000.0,498271000000.0,,60722000000.0,,1399000000.0,92369000000.0,3387000000.0,1976000000.0,,262000000.0,,,5452000000.0,56405000000.0,56451000000.0,398000000.0,398000000.0
2025Q2,PNC,-4682000000.0,559107000000.0,,,391000000.0,,426696000000.0,3.86,3.85,,,326340000000.0,10932000000.0,,71920000000.0,2024000000.0,381000000.0,,6270000000.0,333443000000.0,,870000000.0,1845000000.0,3555000000.0,,321000000.0,501452000000.0,,60424000000.0,1627000000.0,1532000000.0,93253000000.0,3383000000.0,2106000000.0,,,,,5661000000.0,57607000000.0,57655000000.0,397000000.0,397000000.0
2025Q3,PNC,-4077000000.0,568767000000.0,,,404000000.0,,432749000000.0,4.36,4.35,,,326616000000.0,10962000000.0,,70678000000.0,2287000000.0,465000000.0,,6527000000.0,341542000000.0,,899000000.0,1980000000.0,3648000000.0,,432000000.0,509729000000.0,,62344000000.0,,1723000000.0,91207000000.0,3461000000.0,2267000000.0,,,,,5915000000.0,58990000000.0,59038000000.0,396000000.0,396000000.0
2025Q4,PNC,-3408000000.0,573572000000.0,,,,,440866000000.0,,,,,331481000000.0,10959000000.0,,67979000000.0,,,,,349118000000.0,,,,,,,512936000000.0,,57101000000.0,,,91748000000.0,,,,,,,,60585000000.0,60636000000.0,,
2026Q1,PNC,-3773000000.0,603028000000.0,,,420000000.0,,457648000000.0,4.13,4.13,,,360923000000.0,13282000000.0,,69468000000.0,2187000000.0,415000000.0,,6444000000.0,358351000000.0,,748000000.0,1735000000.0,3961000000.0,,463000000.0,539352000000.0,,66666000000.0,,1675000000.0,99297000000.0,3768000000.0,2204000000.0,,796000000.0,,,6165000000.0,63627000000.0,63676000000.0,405000000.0,405000000.0
2026Q2,PNC,-4120000000.0,616034000000.0,,,440000000.0,,449792000000.0,4.82,4.81,,,367953000000.0,13317000000.0,,75522000000.0,2586000000.0,531000000.0,,6694000000.0,350436000000.0,,905000000.0,1682000000.0,4107000000.0,,577000000.0,551973000000.0,,85723000000.0,2040000000.0,1941000000.0,99356000000.0,4098000000.0,2768000000.0,,,,,6875000000.0,64008000000.0,64061000000.0,403000000.0,403000000.0
