q,ticker,AccumulatedOtherComprehensiveIncomeLossNetOfTax,Assets,AvailableForSaleSecuritiesDebtSecurities,EarningsPerShareBasic,EarningsPerShareDiluted,Goodwill,IncomeLossFromContinuingOperationsBeforeIncomeTaxesExtraordinaryItemsNoncontrollingInterest,IncomeTaxExpenseBenefit,IntangibleAssetsNetExcludingGoodwill,InterestExpense,InterestIncomeExpenseNet,Liabilities,LongTermDebt,NetIncomeLoss,NetIncomeLossAvailableToCommonStockholdersBasic,PaymentsForRepurchaseOfCommonStock,RevenuesNetOfInterestExpense,StockholdersEquityIncludingPortionAttributableToNoncontrollingInterest,WeightedAverageNumberOfDilutedSharesOutstanding,WeightedAverageNumberOfSharesOutstandingBasic
2017Q4,RKT,,,,,,,,,,,,,,,,,,2842435000.0,,
2018Q4,RKT,,,,,,,,,,,,,,,,,,2788786000.0,,
2019Q1,RKT,,,,,,,,,,,,,,0.0,,,632012000.0,2285935000.0,,
2019Q2,RKT,,,,,,,-54259000.0,-283000.0,,,29155000.0,,,0.0,,,936762000.0,2242039000.0,,
2019Q3,RKT,,,,,,,499747000.0,5117000.0,,,29226000.0,,,0.0,,,1620425000.0,2753390000.0,,
2019Q4,RKT,-151000.0,20122846000.0,,,,,,,,,,16607291000.0,,0.0,,,1928121000.0,3515555000.0,,
2020Q1,RKT,,,,,,,,1232000.0,,,34583000.0,,,0.0,,,1366309000.0,3663819000.0,,
2020Q2,RKT,5929000.0,28856457000.0,,,,,3481880000.0,21448000.0,,,24282000.0,23320280000.0,,0.0,,,5035813000.0,5553447000.0,,
2020Q3,RKT,288000.0,37752829000.0,,0.54,0.54,,3057066000.0,61683000.0,,,10526000.0,31392093000.0,,57903000.0,57903000.0,,4616195000.0,6360736000.0,106265422.0,106265422.0
2020Q4,RKT,317000.0,37534602000.0,,1.21,1.09,17950000.0,,,,,,29652446000.0,,140048000.0,,,4698942000.0,7882156000.0,,
2021Q1,RKT,365000.0,34732277000.0,,1.07,1.07,,2843170000.0,65832000.0,,,27401000.0,26426448000.0,,123702000.0,123782000.0,0.0,4538871000.0,8305829000.0,122011916.0,115673524.0
2021Q2,RKT,431000.0,35619354000.0,,0.45,0.4,,1060697000.0,24047000.0,,,22267000.0,27433546000.0,,61120000.0,61150000.0,,2668099000.0,8185808000.0,1991267972.0,136139400.0
2021Q3,RKT,124000.0,35809025000.0,,0.55,0.54,,1425689000.0,32830000.0,,,57185000.0,26623213000.0,,75337000.0,75376000.0,,3114730000.0,9185812000.0,1990828351.0,137664471.0
2021Q4,RKT,81000.0,32774895000.0,,,,1148935000.0,,,147991000.0,,,23015363000.0,,,,,,9759532000.0,,
2022Q1,RKT,22000.0,25248020000.0,,0.44,0.4,,1062457000.0,25849000.0,,,48844000.0,16546724000.0,,53712000.0,53744000.0,100162000.0,2670596000.0,8701296000.0,1975379132.0,122691728.0
2022Q2,RKT,-26000.0,25076876000.0,,0.03,0.02,,78517000.0,18761000.0,,,36490000.0,16304673000.0,,3415000.0,3417000.0,,1392419000.0,8772203000.0,1971741764.0,118801530.0
2022Q3,RKT,58000.0,22600602000.0,,0.06,0.04,,106355000.0,10131000.0,,,49580000.0,13689342000.0,,6910000.0,6913000.0,,1294686000.0,8911260000.0,1970665767.0,119020520.0
2022Q4,RKT,69000.0,20082212000.0,,,,1100000000.0,,,122636000.0,,,11606663000.0,,,,,,8475000000.0,,
2023Q1,RKT,-32000.0,21202279000.0,38201000.0,-0.15,-0.16,,-415987000.0,-4504000.0,,,31632000.0,13092934000.0,,-18523000.0,-18523000.0,0.0,666068000.0,8109345000.0,1974629808.0,124732722.0
2023Q2,RKT,60000.0,20855677000.0,,0.06,0.05,,138370000.0,-782000.0,,,21245000.0,12490823000.0,,7438000.0,7438000.0,,1236227000.0,8364854000.0,1979450651.0,126740748.0
2023Q3,RKT,68000.0,20648739000.0,,0.05,0.04,,117625000.0,2680000.0,,,26809000.0,12142366000.0,,6206000.0,6206000.0,,1203168000.0,8506373000.0,1983992350.0,129390501.0
2023Q4,RKT,52000.0,19231740000.0,,,,1100000000.0,,,100473000.0,,,10930030000.0,,,,,,8302000000.0,,
2024Q1,RKT,72000.0,22219175000.0,,0.12,0.11,,298370000.0,7656000.0,,,37537000.0,13609724000.0,,16215000.0,16215000.0,,1383716000.0,8609451000.0,1991982680.0,136991743.0
2024Q2,RKT,85000.0,23648714000.0,,0.01,0.01,,192042000.0,14117000.0,,,31122000.0,14834793000.0,,1295000.0,1295000.0,,1300722000.0,8813921000.0,139647845.0,139647845.0
2024Q3,RKT,60000.0,25118134000.0,,-0.16,-0.19,,-497319000.0,-15895000.0,,,6746000.0,16765750000.0,,-22011000.0,-22011000.0,,646948000.0,8352384000.0,2003296515.0,141763221.0
2024Q4,RKT,-48000.0,24510000000.0,,,,1136000000.0,,,91000000.0,,,15467000000.0,,,,,,9043000000.0,,
2025Q1,RKT,-54000.0,25250877000.0,,-0.07,-0.08,,-223000000.0,-11000000.0,,109000000.0,201000000.0,16667240000.0,,-10000000.0,-10000000.0,,1101000000.0,8584000000.0,2001936379.0,147717296.0
2025Q2,RKT,-1212000.0,30360222000.0,,-0.01,-0.01,,24000000.0,-10000000.0,,155000000.0,237000000.0,22911294000.0,,-2000000.0,-1785000.0,,1451000000.0,7449000000.0,171438105.0,171438105.0
2025Q3,RKT,-1719000.0,33576128000.0,,-0.06,-0.06,,-184196000.0,-60342000.0,,,35681000.0,24724665000.0,,-123854000.0,-123854000.0,,1605284000.0,8851463000.0,2106227188.0,2106227188.0
2025Q4,RKT,,60685000000.0,,,,10611000000.0,,,2224000000.0,,,37787000000.0,10423000000.0,,,,,22898000000.0,,
2026Q1,RKT,,59439000000.0,,0.11,0.1,10611000000.0,400000000.0,103000000.0,2109000000.0,349000000.0,507000000.0,36209000000.0,10430000000.0,297000000.0,297000000.0,,2941000000.0,23230000000.0,2846974742.0,2828455368.0
2026Q2,RKT,,60977000000.0,,0.08,0.08,10611000000.0,281000000.0,52000000.0,1995000000.0,374000000.0,583000000.0,37431000000.0,10772000000.0,230000000.0,,,2784000000.0,23546000000.0,2843538118.0,2836345108.0
