q,ticker,AccumulatedOtherComprehensiveIncomeLossNetOfTax,Assets,AvailableForSaleSecurities,AvailableForSaleSecuritiesDebtSecurities,Deposits,EarningsPerShareBasic,EarningsPerShareDiluted,FeesAndCommissions,FinancingReceivableAllowanceForCreditLosses,FinancingReceivableExcludingAccruedInterestBeforeAllowanceForCreditLoss,Goodwill,HeldToMaturitySecurities,HeldToMaturitySecuritiesFairValue,IncomeLossFromContinuingOperationsBeforeIncomeTaxesExtraordinaryItemsNoncontrollingInterest,IncomeTaxExpenseBenefit,IntangibleAssetsNetExcludingGoodwill,InterestBearingDepositLiabilities,InterestExpense,InterestExpenseDeposits,InterestIncomeExpenseNet,Liabilities,LoansAndLeasesReceivableNetReportedAmount,LongTermDebt,NetIncomeLoss,NetIncomeLossAvailableToCommonStockholdersBasic,NoninterestBearingDepositLiabilities,NoninterestExpense,NotesReceivableNet,PaymentsForRepurchaseOfCommonStock,ProvisionForLoanLeaseAndOtherLosses,Revenues,StockholdersEquity,TradingGainsLosses,WeightedAverageNumberOfDilutedSharesOutstanding,WeightedAverageNumberOfSharesOutstandingBasic
2006Q4,SCHW,,,,,,,,,,,,,,,,,,,,,,,,,,,,,,,,5008000000.0,,,
2007Q4,SCHW,-17000000.0,,,,,,,,,,,,,,,,,,,,,,,,,,,,,,,3732000000.0,,,
2008Q2,SCHW,,,,,,0.26,0.26,618000000.0,,,,,,,201000000.0,,,51000000.0,,427000000.0,,,,295000000.0,,,794000000.0,,,,1308000000.0,,230000000.0,1154000000.0,
2008Q3,SCHW,,,,,,0.26,0.26,596000000.0,,,,,,,195000000.0,,,50000000.0,,447000000.0,,,,304000000.0,,,752000000.0,,,,1251000000.0,,252000000.0,1158000000.0,
2008Q4,SCHW,-553000000.0,51675000000.0,14446000000.0,,23841000000.0,,,,,,528000000.0,243000000.0,244000000.0,,,,,,,,47614000000.0,6044000000.0,883000000.0,,,,,,,,,4061000000.0,,,
2009Q1,SCHW,,,,,,0.19,0.19,502000000.0,,,,,,,137000000.0,,,40000000.0,,306000000.0,,,,218000000.0,,,756000000.0,,,,1111000000.0,,259000000.0,1156000000.0,
2009Q2,SCHW,-362000000.0,62261000000.0,17249000000.0,,31705000000.0,0.18,0.18,486000000.0,,,528000000.0,2680000000.0,2721000000.0,,130000000.0,,,59000000.0,,302000000.0,57647000000.0,6539000000.0,1560000000.0,205000000.0,,,750000000.0,,,,1085000000.0,4614000000.0,272000000.0,1160000000.0,1156000000.0
2009Q3,SCHW,-246000000.0,67984000000.0,21300000000.0,,35500000000.0,0.17,0.17,451000000.0,,,528000000.0,2979000000.0,3049000000.0,,120000000.0,,,62000000.0,,294000000.0,63081000000.0,6913000000.0,1516000000.0,200000000.0,,,691000000.0,,,,1011000000.0,4903000000.0,241000000.0,1163000000.0,1157000000.0
2009Q4,SCHW,-191000000.0,75431000000.0,22120000000.0,,38820000000.0,0.14,0.14,,,,528000000.0,6839000000.0,6880000000.0,,,,38820000000.0,,,,70358000000.0,7348000000.0,1512000000.0,164000000.0,,,720000000.0,,,,986000000.0,5073000000.0,,1163000000.0,
2010Q1,SCHW,-111000000.0,78337000000.0,23429000000.0,,42055000000.0,,,420000000.0,,,528000000.0,8763000000.0,8852000000.0,,7000000.0,,,51000000.0,,340000000.0,72666000000.0,7601000000.0,1309000000.0,6000000.0,6000000.0,,965000000.0,,,14000000.0,978000000.0,5671000000.0,209000000.0,1188000000.0,1183000000.0
2010Q2,SCHW,-65000000.0,82295000000.0,23703000000.0,,45887000000.0,0.17,0.17,437000000.0,,,528000000.0,9470000000.0,9738000000.0,,133000000.0,,,45000000.0,,383000000.0,76416000000.0,7825000000.0,1308000000.0,205000000.0,205000000.0,,742000000.0,,,1000000.0,1080000000.0,5879000000.0,233000000.0,1195000000.0,1191000000.0
2010Q3,SCHW,3000000.0,87298000000.0,26017000000.0,,48836000000.0,0.1,0.1,468000000.0,,,528000000.0,14390000000.0,14826000000.0,,75000000.0,,,55000000.0,,387000000.0,81263000000.0,8178000000.0,2008000000.0,124000000.0,124000000.0,,864000000.0,,,3000000.0,1063000000.0,6035000000.0,182000000.0,1194000000.0,1192000000.0
2010Q4,SCHW,16000000.0,92568000000.0,23993000000.0,,50590000000.0,0.1,0.1,,,,631000000.0,17762000000.0,17848000000.0,,,54000000.0,50111000000.0,,,,86342000000.0,8725000000.0,2006000000.0,119000000.0,,479000000.0,898000000.0,,,,1127000000.0,6226000000.0,,1200000000.0,
2011Q1,SCHW,34000000.0,94883000000.0,26046000000.0,,51259000000.0,0.2,0.2,502000000.0,,,631000000.0,16646000000.0,16681000000.0,,151000000.0,,,45000000.0,,436000000.0,88396000000.0,9130000000.0,2005000000.0,243000000.0,243000000.0,,813000000.0,,,4000000.0,1207000000.0,6487000000.0,241000000.0,1207000000.0,1203000000.0
2011Q2,SCHW,45000000.0,97572000000.0,27208000000.0,,52339000000.0,0.2,0.2,502000000.0,,,631000000.0,15799000000.0,16071000000.0,,148000000.0,,,45000000.0,,451000000.0,90838000000.0,9471000000.0,2004000000.0,238000000.0,238000000.0,,804000000.0,,,1000000.0,1190000000.0,6734000000.0,205000000.0,1210000000.0,1207000000.0
2011Q3,SCHW,56000000.0,102906000000.0,28962000000.0,,54078000000.0,0.18,0.18,466000000.0,,,1138000000.0,15775000000.0,16298000000.0,,140000000.0,332000000.0,,44000000.0,,443000000.0,95251000000.0,9700000000.0,2002000000.0,220000000.0,220000000.0,,821000000.0,,,8000000.0,1181000000.0,7655000000.0,248000000.0,1229000000.0,1228000000.0
2011Q4,SCHW,8000000.0,108553000000.0,33965000000.0,,60854000000.0,0.13,0.13,,,,1161000000.0,15108000000.0,15539000000.0,,,326000000.0,60379000000.0,,,,100839000000.0,9812000000.0,2001000000.0,163000000.0,163000000.0,475000000.0,861000000.0,,,,1113000000.0,7714000000.0,,1271000000.0,
2012Q1,SCHW,76000000.0,111482000000.0,37818000000.0,,62259000000.0,0.15,0.15,484000000.0,,,1164000000.0,14955000000.0,15327000000.0,,118000000.0,316000000.0,,38000000.0,,434000000.0,103145000000.0,9760000000.0,2000000000.0,195000000.0,195000000.0,,876000000.0,,,,1189000000.0,8337000000.0,243000000.0,1273000000.0,1272000000.0
2012Q2,SCHW,154000000.0,111816000000.0,40049000000.0,,66257000000.0,0.2,0.2,496000000.0,,,1165000000.0,15506000000.0,16009000000.0,,157000000.0,304000000.0,,39000000.0,,458000000.0,102706000000.0,9837000000.0,1999000000.0,275000000.0,261000000.0,,851000000.0,,,4000000.0,1283000000.0,9110000000.0,219000000.0,1274000000.0,1273000000.0
2012Q3,SCHW,312000000.0,117658000000.0,42448000000.0,,68756000000.0,0.19,0.19,524000000.0,,,1159000000.0,15612000000.0,16229000000.0,,114000000.0,292000000.0,,39000000.0,,439000000.0,108193000000.0,10102000000.0,1776000000.0,247000000.0,238000000.0,,835000000.0,,,10000000.0,1196000000.0,9465000000.0,204000000.0,1275000000.0,1274000000.0
2012Q4,SCHW,298000000.0,133637000000.0,46123000000.0,46123000000.0,79377000000.0,0.15,0.15,,,,1228000000.0,18194000000.0,18732000000.0,,,319000000.0,78950000000.0,,,,124048000000.0,10726000000.0,1632000000.0,211000000.0,189000000.0,427000000.0,871000000.0,,,,1215000000.0,9589000000.0,,1278000000.0,
2013Q1,SCHW,300000000.0,133324000000.0,48809000000.0,,82424000000.0,0.15,0.15,552000000.0,,,1231000000.0,22920000000.0,23316000000.0,,125000000.0,302000000.0,,28000000.0,,469000000.0,123548000000.0,11300000000.0,1631000000.0,206000000.0,198000000.0,,959000000.0,,,6000000.0,1290000000.0,9776000000.0,223000000.0,1282000000.0,1279000000.0
2013Q2,SCHW,3000000.0,135907000000.0,48414000000.0,,84345000000.0,0.18,0.18,572000000.0,,,1231000000.0,25818000000.0,25288000000.0,,156000000.0,290000000.0,,26000000.0,,473000000.0,126187000000.0,11732000000.0,1630000000.0,256000000.0,233000000.0,,925000000.0,,,-1000000.0,1337000000.0,9720000000.0,235000000.0,1288000000.0,1282000000.0
2013Q3,SCHW,46000000.0,140211000000.0,,51865000000.0,91187000000.0,0.22,0.22,583000000.0,,,1227000000.0,28219000000.0,27717000000.0,,174000000.0,278000000.0,,25000000.0,,506000000.0,130158000000.0,12115000000.0,,290000000.0,282000000.0,,909000000.0,,,-4000000.0,1373000000.0,10053000000.0,224000000.0,1296000000.0,1287000000.0
2013Q4,SCHW,9000000.0,143642000000.0,,51618000000.0,92972000000.0,0.23,0.23,,,,1227000000.0,30318000000.0,29490000000.0,,,266000000.0,92451000000.0,,,,133261000000.0,12419000000.0,,319000000.0,297000000.0,521000000.0,937000000.0,,,,1435000000.0,10381000000.0,,1304000000.0,
2014Q1,SCHW,108000000.0,144066000000.0,,53080000000.0,95591000000.0,0.24,0.24,611000000.0,,,1227000000.0,32123000000.0,31669000000.0,,196000000.0,255000000.0,,26000000.0,,553000000.0,133251000000.0,12591000000.0,,326000000.0,318000000.0,,956000000.0,,,1000000.0,1478000000.0,10815000000.0,247000000.0,1311000000.0,1299000000.0
2014Q2,SCHW,186000000.0,143401000000.0,,53203000000.0,95688000000.0,0.23,0.23,632000000.0,,,1227000000.0,32495000000.0,32647000000.0,,197000000.0,244000000.0,,26000000.0,,562000000.0,132231000000.0,12869000000.0,,324000000.0,302000000.0,,957000000.0,,,-7000000.0,1478000000.0,11170000000.0,212000000.0,1313000000.0,1302000000.0
2014Q3,SCHW,163000000.0,147444000000.0,,52201000000.0,97345000000.0,0.24,0.24,649000000.0,,,1227000000.0,34007000000.0,33939000000.0,518000000.0,197000000.0,233000000.0,,27000000.0,,573000000.0,135971000000.0,13080000000.0,,321000000.0,312000000.0,,1033000000.0,,,,1551000000.0,11473000000.0,209000000.0,1316000000.0,1304000000.0
2014Q4,SCHW,165000000.0,154642000000.0,,54783000000.0,102815000000.0,0.25,0.25,,,,1227000000.0,34389000000.0,34743000000.0,,,227000000.0,102251000000.0,,,,142839000000.0,13399000000.0,,350000000.0,329000000.0,564000000.0,997000000.0,,,,1551000000.0,11803000000.0,,1320000000.0,1309000000.0
2015Q1,SCHW,231000000.0,160169000000.0,,61366000000.0,109503000000.0,0.22,0.22,644000000.0,,,1227000000.0,36321000000.0,37110000000.0,484000000.0,182000000.0,216000000.0,,29000000.0,,588000000.0,148011000000.0,13603000000.0,,302000000.0,291000000.0,,1042000000.0,,,,1526000000.0,12158000000.0,227000000.0,1323000000.0,1312000000.0
2015Q2,SCHW,174000000.0,163627000000.0,,63415000000.0,112911000000.0,0.25,0.25,670000000.0,,,1227000000.0,37747000000.0,37979000000.0,567000000.0,214000000.0,204000000.0,,33000000.0,,612000000.0,151204000000.0,14014000000.0,,353000000.0,330000000.0,,999000000.0,,,,1566000000.0,12423000000.0,,1326000000.0,1314000000.0
2015Q3,SCHW,19000000.0,170402000000.0,,66354000000.0,119017000000.0,0.28,0.28,663000000.0,,,1227000000.0,40534000000.0,41297000000.0,583000000.0,207000000.0,192000000.0,,34000000.0,,635000000.0,157206000000.0,14252000000.0,,376000000.0,365000000.0,,1014000000.0,,,,1597000000.0,13196000000.0,,1328000000.0,1316000000.0
2015Q4,SCHW,-134000000.0,183705000000.0,,65646000000.0,129502000000.0,0.29,0.28,,,,1227000000.0,50007000000.0,50088000000.0,,,181000000.0,128855000000.0,,,,170303000000.0,14334000000.0,,416000000.0,378000000.0,647000000.0,1046000000.0,,,,1691000000.0,13402000000.0,,1330000000.0,1319000000.0
2016Q1,SCHW,-120000000.0,190998000000.0,,71516000000.0,135689000000.0,0.3,0.29,699000000.0,,,1227000000.0,53054000000.0,54358000000.0,655000000.0,243000000.0,172000000.0,135079000000.0,38000000.0,,772000000.0,176485000000.0,14417000000.0,,412000000.0,392000000.0,610000000.0,1109000000.0,,,,1764000000.0,14513000000.0,,1330000000.0,1321000000.0
2016Q2,SCHW,-17000000.0,198052000000.0,,74228000000.0,137295000000.0,0.31,0.3,757000000.0,,,1227000000.0,55307000000.0,57195000000.0,720000000.0,268000000.0,163000000.0,136761000000.0,42000000.0,,798000000.0,183062000000.0,14670000000.0,,452000000.0,406000000.0,534000000.0,1108000000.0,,,,1828000000.0,14990000000.0,,1333000000.0,1322000000.0
2016Q3,SCHW,31000000.0,209337000000.0,,75791000000.0,149630000000.0,0.36,0.35,798000000.0,,,1227000000.0,66056000000.0,67843000000.0,794000000.0,291000000.0,154000000.0,149052000000.0,46000000.0,,845000000.0,193867000000.0,14858000000.0,,503000000.0,470000000.0,578000000.0,1120000000.0,,,,1914000000.0,15470000000.0,,1334000000.0,1324000000.0
2016Q4,SCHW,-163000000.0,223383000000.0,,77365000000.0,163454000000.0,0.36,0.36,,,,1227000000.0,75203000000.0,74444000000.0,,,144000000.0,162780000000.0,,,,206962000000.0,15403000000.0,,522000000.0,478000000.0,674000000.0,1148000000.0,,,,1972000000.0,16421000000.0,,1341000000.0,1329000000.0
2017Q1,SCHW,-132000000.0,227061000000.0,,50588000000.0,166889000000.0,0.39,0.39,823000000.0,,,1227000000.0,107971000000.0,107382000000.0,843000000.0,279000000.0,135000000.0,166187000000.0,55000000.0,,1000000000.0,210079000000.0,15548000000.0,,564000000.0,525000000.0,702000000.0,1238000000.0,,,,2081000000.0,16982000000.0,,1351000000.0,1336000000.0
2017Q2,SCHW,-112000000.0,220601000000.0,,45634000000.0,162300000000.0,0.4,0.39,845000000.0,,,1227000000.0,107610000000.0,107446000000.0,909000000.0,334000000.0,125000000.0,161724000000.0,74000000.0,,1053000000.0,203112000000.0,15817000000.0,,575000000.0,530000000.0,576000000.0,1221000000.0,,,,2130000000.0,17489000000.0,,1351000000.0,1338000000.0
2017Q3,SCHW,-106000000.0,230714000000.0,,48062000000.0,165263000000.0,0.43,0.42,861000000.0,,,1227000000.0,114376000000.0,114332000000.0,945000000.0,327000000.0,115000000.0,164677000000.0,94000000.0,,1082000000.0,212687000000.0,16232000000.0,,618000000.0,575000000.0,586000000.0,1220000000.0,,,,2165000000.0,18027000000.0,,1353000000.0,1339000000.0
2017Q4,SCHW,-152000000.0,243274000000.0,,49995000000.0,169656000000.0,0.41,0.41,,26000000.0,,1227000000.0,120926000000.0,120373000000.0,,,108000000.0,168864000000.0,,,,224749000000.0,16478000000.0,,597000000.0,550000000.0,792000000.0,1289000000.0,,,,2242000000.0,18525000000.0,,1358000000.0,1343000000.0
2018Q1,SCHW,-260000000.0,248320000000.0,,51827000000.0,190184000000.0,0.55,0.55,851000000.0,,,1227000000.0,125683000000.0,123463000000.0,1002000000.0,219000000.0,101000000.0,189309000000.0,158000000.0,,1263000000.0,228990000000.0,16389000000.0,,783000000.0,746000000.0,875000000.0,1396000000.0,,,,2398000000.0,19330000000.0,,1362000000.0,1347000000.0
2018Q2,SCHW,-278000000.0,261882000000.0,,55522000000.0,199922000000.0,0.6,0.6,814000000.0,,,1227000000.0,136792000000.0,133992000000.0,1131000000.0,265000000.0,93000000.0,199300000000.0,183000000.0,,1407000000.0,241785000000.0,16569000000.0,,866000000.0,813000000.0,622000000.0,1355000000.0,,,,2486000000.0,20097000000.0,,1364000000.0,1350000000.0
2018Q3,SCHW,-304000000.0,272102000000.0,,57558000000.0,213408000000.0,0.66,0.65,809000000.0,,,1227000000.0,138952000000.0,135521000000.0,1219000000.0,296000000.0,,212720000000.0,228000000.0,,1527000000.0,251268000000.0,16564000000.0,,923000000.0,885000000.0,688000000.0,1360000000.0,,,,2579000000.0,20834000000.0,,1364000000.0,1351000000.0
2018Q4,SCHW,-252000000.0,296482000000.0,,66578000000.0,231423000000.0,0.66,0.65,,21000000.0,,1227000000.0,144009000000.0,142038000000.0,,,152000000.0,230661000000.0,,,,275812000000.0,16609000000.0,,935000000.0,885000000.0,762000000.0,1459000000.0,,,,2669000000.0,20670000000.0,,1354000000.0,1343000000.0
2019Q1,SCHW,-71000000.0,282815000000.0,,60005000000.0,219454000000.0,0.69,0.69,,21000000.0,,1227000000.0,132420000000.0,131920000000.0,1264000000.0,300000000.0,,218575000000.0,317000000.0,,1681000000.0,261190000000.0,16510000000.0,,964000000.0,925000000.0,879000000.0,1459000000.0,,,,2723000000.0,21625000000.0,,1344000000.0,1333000000.0
2019Q2,SCHW,99000000.0,276321000000.0,,54648000000.0,208375000000.0,0.67,0.66,,19000000.0,,1227000000.0,138326000000.0,139494000000.0,1236000000.0,299000000.0,,207651000000.0,318000000.0,,1609000000.0,255001000000.0,16639000000.0,,937000000.0,887000000.0,724000000.0,1445000000.0,,,,2681000000.0,21320000000.0,,1337000000.0,1328000000.0
2019Q3,SCHW,144000000.0,278987000000.0,,56483000000.0,209327000000.0,0.7,0.7,,17000000.0,,1227000000.0,140194000000.0,142163000000.0,1236000000.0,285000000.0,,208622000000.0,261000000.0,,1631000000.0,257633000000.0,16895000000.0,,951000000.0,913000000.0,705000000.0,1475000000.0,,,,2711000000.0,21354000000.0,,1308000000.0,1300000000.0
2019Q4,SCHW,88000000.0,294000000000.0,,61422000000.0,220094000000.0,0.62,0.62,,18000000.0,,1227000000.0,134706000000.0,136099000000.0,,,128000000.0,219349000000.0,,,,272260000000.0,18212000000.0,7430000000.0,852000000.0,801000000.0,745000000.0,1494000000.0,18212000000.0,,,2606000000.0,21745000000.0,,1293000000.0,1284000000.0
2020Q1,SCHW,3995000000.0,370779000000.0,,221232000000.0,277477000000.0,0.59,0.58,,29000000.0,,1227000000.0,0.0,,1047000000.0,252000000.0,,276777000000.0,136000000.0,,1572000000.0,344509000000.0,19521000000.0,,795000000.0,757000000.0,700000000.0,1570000000.0,19521000000.0,,,2617000000.0,26270000000.0,,1294000000.0,1287000000.0
2020Q2,SCHW,5611000000.0,400484000000.0,,281216000000.0,301566000000.0,0.48,0.48,,30000000.0,,1733000000.0,0.0,,888000000.0,217000000.0,,300818000000.0,97000000.0,,1389000000.0,369669000000.0,,,671000000.0,621000000.0,748000000.0,1562000000.0,20871000000.0,,,2450000000.0,30815000000.0,,1294000000.0,1288000000.0
2020Q3,SCHW,5686000000.0,419355000000.0,,303758000000.0,320717000000.0,0.48,0.48,,30000000.0,,1737000000.0,0.0,,889000000.0,191000000.0,,319983000000.0,89000000.0,,1343000000.0,388024000000.0,,,698000000.0,615000000.0,734000000.0,1559000000.0,22286000000.0,,,2448000000.0,31331000000.0,,1294000000.0,1289000000.0
2020Q4,SCHW,5394000000.0,549009000000.0,,337400000000.0,358022000000.0,0.57,0.57,,30000000.0,23843000000.0,11952000000.0,0.0,,,,9991000000.0,357037000000.0,,,,492949000000.0,,13632000000.0,1135000000.0,1050000000.0,985000000.0,2700000000.0,23813000000.0,,,4176000000.0,56060000000.0,,1855000000.0,1848000000.0
2021Q1,SCHW,878000000.0,563457000000.0,,342006000000.0,369898000000.0,0.74,0.73,,18000000.0,,11952000000.0,,,1960000000.0,476000000.0,,368878000000.0,104000000.0,13000000.0,1911000000.0,507863000000.0,,17698000000.0,1484000000.0,1388000000.0,1020000000.0,2755000000.0,25421000000.0,,,4715000000.0,55594000000.0,,1892000000.0,1882000000.0
2021Q2,SCHW,2408000000.0,574532000000.0,,,368638000000.0,0.59,0.59,,,28908000000.0,11952000000.0,,,1719000000.0,454000000.0,,367801000000.0,121000000.0,13000000.0,1947000000.0,517082000000.0,,18708000000.0,1265000000.0,1117000000.0,837000000.0,2808000000.0,,,,4527000000.0,57450000000.0,,1896000000.0,1886000000.0
2021Q3,SCHW,1253000000.0,607548000000.0,,,395275000000.0,0.74,0.74,,,31583000000.0,11952000000.0,,,2011000000.0,485000000.0,,394334000000.0,123000000.0,14000000.0,2030000000.0,550106000000.0,,19530000000.0,1526000000.0,1406000000.0,941000000.0,2559000000.0,,,,4570000000.0,57442000000.0,,1898000000.0,1888000000.0
2021Q4,SCHW,-1109000000.0,667270000000.0,,,443778000000.0,,,,,34654000000.0,11952000000.0,,,,,9379000000.0,442307000000.0,,,,611009000000.0,,18914000000.0,,,1471000000.0,,,,,,56261000000.0,,,
2022Q1,SCHW,-11045000000.0,680950000000.0,,,465827000000.0,0.67,0.67,,,37235000000.0,11952000000.0,105286000000.0,99149000000.0,1839000000.0,437000000.0,9227000000.0,464698000000.0,136000000.0,16000000.0,2183000000.0,632852000000.0,,,1402000000.0,1278000000.0,1129000000.0,2833000000.0,,0.0,,4672000000.0,48098000000.0,,1905000000.0,1894000000.0
2022Q2,SCHW,-16022000000.0,637557000000.0,,,442003000000.0,0.87,0.87,,,39601000000.0,11951000000.0,100117000000.0,89913000000.0,2274000000.0,481000000.0,9075000000.0,440904000000.0,166000000.0,28000000.0,2544000000.0,593044000000.0,,,1793000000.0,1652000000.0,1099000000.0,2819000000.0,,,,5093000000.0,44513000000.0,,1904000000.0,1896000000.0
2022Q3,SCHW,-23152000000.0,577563000000.0,,,395715000000.0,1.0,0.99,,,40428000000.0,11951000000.0,96323000000.0,81158000000.0,2677000000.0,657000000.0,8923000000.0,394807000000.0,431000000.0,241000000.0,2926000000.0,540522000000.0,,,2020000000.0,1884000000.0,908000000.0,2823000000.0,,,,5500000000.0,37041000000.0,,1895000000.0,1887000000.0
2022Q4,SCHW,-22621000000.0,551772000000.0,,,366724000000.0,,,,,40578000000.0,11951000000.0,,158936000000.0,,,8789000000.0,365618000000.0,,,,515164000000.0,,,,,1106000000.0,,,,,,36608000000.0,,,
2023Q1,SCHW,-20690000000.0,535552000000.0,,,325745000000.0,0.84,0.83,,,,11951000000.0,,158866000000.0,2110000000.0,507000000.0,8659000000.0,324637000000.0,1246000000.0,618000000.0,2770000000.0,499205000000.0,,,1603000000.0,1533000000.0,1108000000.0,3006000000.0,,2842000000.0,,5116000000.0,36347000000.0,,1842000000.0,1834000000.0
2023Q2,SCHW,-20730000000.0,511505000000.0,,,304414000000.0,0.64,0.64,,,,11951000000.0,,151597000000.0,1691000000.0,397000000.0,8524000000.0,303345000000.0,1814000000.0,863000000.0,2290000000.0,474358000000.0,,,1294000000.0,1173000000.0,1069000000.0,2965000000.0,,,,4656000000.0,37147000000.0,,1825000000.0,1820000000.0
2023Q3,SCHW,-20752000000.0,475204000000.0,,,284408000000.0,0.56,0.56,,,,11951000000.0,,143003000000.0,1383000000.0,258000000.0,8390000000.0,283167000000.0,1791000000.0,911000000.0,2237000000.0,437420000000.0,,,1125000000.0,1017000000.0,1241000000.0,3223000000.0,,,,4606000000.0,37784000000.0,,1827000000.0,1821000000.0
2023Q4,SCHW,-18131000000.0,493178000000.0,,,289953000000.0,,,,,40477000000.0,11951000000.0,,147091000000.0,,,8260000000.0,288723000000.0,,,,452220000000.0,,,,,1230000000.0,,,,,,40958000000.0,,,
2024Q1,SCHW,-17576000000.0,468784000000.0,,,269460000000.0,0.69,0.68,,,,11951000000.0,,142340000000.0,1798000000.0,436000000.0,8131000000.0,267941000000.0,1708000000.0,921000000.0,2233000000.0,426372000000.0,,,1362000000.0,1251000000.0,1519000000.0,2942000000.0,,0.0,,4740000000.0,42412000000.0,,1831000000.0,1825000000.0
2024Q2,SCHW,-16936000000.0,449675000000.0,,,252420000000.0,0.66,0.66,,,,11951000000.0,,138770000000.0,1747000000.0,415000000.0,8003000000.0,251166000000.0,1659000000.0,840000000.0,2158000000.0,405722000000.0,,,1332000000.0,1211000000.0,1254000000.0,2943000000.0,,,,4690000000.0,43953000000.0,,1834000000.0,1828000000.0
2024Q3,SCHW,-14618000000.0,466055000000.0,,,246462000000.0,0.71,0.71,,,,11951000000.0,,140997000000.0,1842000000.0,434000000.0,7873000000.0,245291000000.0,1706000000.0,841000000.0,2222000000.0,418840000000.0,,,1408000000.0,1299000000.0,1171000000.0,3005000000.0,,,,4847000000.0,47215000000.0,,1834000000.0,1829000000.0
2024Q4,SCHW,-14848000000.0,479843000000.0,,,259121000000.0,,,,,45236000000.0,11951000000.0,,132605000000.0,,,7743000000.0,257884000000.0,,,,431468000000.0,,,,,1237000000.0,,,,,,48375000000.0,,,
2025Q1,SCHW,-13621000000.0,462903000000.0,,,246160000000.0,0.99,0.99,,,,11951000000.0,,133076000000.0,2455000000.0,546000000.0,7615000000.0,244772000000.0,,436000000.0,2706000000.0,413392000000.0,,,1909000000.0,1796000000.0,1388000000.0,3144000000.0,,1500000000.0,,5599000000.0,49511000000.0,,1822000000.0,1817000000.0
2025Q2,SCHW,-12591000000.0,458936000000.0,,,233058000000.0,1.09,1.08,,,,11951000000.0,,130001000000.0,2803000000.0,677000000.0,7487000000.0,231768000000.0,,326000000.0,2822000000.0,409485000000.0,,,2126000000.0,1977000000.0,1290000000.0,3048000000.0,,,,5851000000.0,49451000000.0,,1822000000.0,1817000000.0
2025Q3,SCHW,-11798000000.0,465255000000.0,,,239057000000.0,1.26,1.26,,,,11951000000.0,,128259000000.0,3021000000.0,663000000.0,7360000000.0,237834000000.0,,248000000.0,3050000000.0,415871000000.0,,,2358000000.0,2277000000.0,1223000000.0,3114000000.0,,,,6135000000.0,49384000000.0,,1811000000.0,1806000000.0
2025Q4,SCHW,-10983000000.0,490995000000.0,,,255747000000.0,,,,,57991000000.0,11951000000.0,,126055000000.0,,,7233000000.0,254520000000.0,,,,441570000000.0,,,,,1227000000.0,,,,,,49425000000.0,,,
2026Q1,SCHW,-10757000000.0,493319000000.0,,,253041000000.0,1.37,1.37,,,,12298000000.0,,123051000000.0,3188000000.0,709000000.0,7413000000.0,251584000000.0,,118000000.0,3144000000.0,444085000000.0,,,2479000000.0,2397000000.0,1457000000.0,3294000000.0,,2378000000.0,,6482000000.0,49234000000.0,,1752000000.0,1746000000.0
2026Q2,SCHW,-10575000000.0,517266000000.0,,,249682000000.0,1.55,1.54,,,,12290000000.0,,121206000000.0,3669000000.0,869000000.0,7283000000.0,248183000000.0,,114000000.0,3357000000.0,467119000000.0,,,2800000000.0,2681000000.0,1499000000.0,3403000000.0,,,,7072000000.0,50147000000.0,,1739000000.0,1735000000.0
