q,ticker,AccumulatedOtherComprehensiveIncomeLossNetOfTax,Assets,AvailableForSaleSecurities,AvailableForSaleSecuritiesDebtSecurities,CommonStockSharesOutstanding,Deposits,EarningsPerShareBasic,EarningsPerShareDiluted,FeesAndCommissions,FinancingReceivableAllowanceForCreditLosses,FinancingReceivableExcludingAccruedInterestBeforeAllowanceForCreditLoss,Goodwill,HeldToMaturitySecurities,HeldToMaturitySecuritiesFairValue,IncomeLossFromContinuingOperationsBeforeIncomeTaxesExtraordinaryItemsNoncontrollingInterest,IncomeTaxExpenseBenefit,IntangibleAssetsNetExcludingGoodwill,InterestAndDividendIncomeOperating,InterestExpense,InterestExpenseDeposits,InterestIncomeExpenseNet,InvestmentAdvisoryManagementAndAdministrativeFees,InvestmentBankingAdvisoryBrokerageAndUnderwritingFeesAndCommissions,Liabilities,LoansAndLeasesReceivableNetReportedAmount,LongTermDebt,NetIncomeLoss,NetIncomeLossAvailableToCommonStockholdersBasic,NoninterestBearingDepositLiabilities,NoninterestExpense,NoninterestIncome,NotesReceivableNet,PaymentsForRepurchaseOfCommonStock,ProvisionForLoanLeaseAndOtherLosses,Revenues,StockholdersEquity,StockholdersEquityIncludingPortionAttributableToNoncontrollingInterest,WeightedAverageNumberOfDilutedSharesOutstanding,WeightedAverageNumberOfSharesOutstandingBasic
2006Q4,STT,,,,,,,,,,,,,,,,,,,,,,,,,,,,,,,,,,,,7252000000.0,,,
2007Q4,STT,,,,,,,,,,,,,,,,,,,,,,,,,,,,,,,,,,,,11299000000.0,,,
2008Q2,STT,,,,,,,1.36,1.35,2006000000.0,,,,,,,283000000.0,,,480000000.0,,657000000.0,,352000000.0,,,,548000000.0,548000000.0,,1841000000.0,,,,,2672000000.0,14039000000.0,,406964000.0,402482000.0
2008Q3,STT,,,,,,,1.1,1.09,1899000000.0,,,,,,,369000000.0,,,502000000.0,,525000000.0,,246000000.0,,,,477000000.0,477000000.0,,1925000000.0,,,,,2771000000.0,13064000000.0,,435030000.0,430872000.0
2008Q4,STT,-5650000000.0,173631000000.0,54163000000.0,,,112225000000.0,,,,,,4527000000.0,15767000000.0,14311000000.0,,,1851000000.0,,,,,,,160857000000.0,9113000000.0,4419000000.0,,,32785000000.0,,,,,,,12774000000.0,,,
2009Q1,STT,,,,,,,1.03,1.02,1422000000.0,,,,,,,138000000.0,,,174000000.0,,564000000.0,,181000000.0,,,,476000000.0,445000000.0,,1304000000.0,,,,,2002000000.0,13858000000.0,,435299000.0,432179000.0
2009Q2,STT,-3828000000.0,153421000000.0,58308000000.0,,,85577000000.0,-7.16,-7.12,1516000000.0,,,4547000000.0,22093000000.0,20636000000.0,,242000000.0,1790000000.0,,193000000.0,54000000.0,580000000.0,,201000000.0,141318000000.0,12554000000.0,8980000000.0,-3182000000.0,-3314000000.0,14539000000.0,1364000000.0,,,,,2122000000.0,12103000000.0,,465814000.0,463196000.0
2009Q3,STT,-2776000000.0,163277000000.0,71675000000.0,,,91768000000.0,0.66,0.66,1471000000.0,,,4554000000.0,21267000000.0,21038000000.0,,160000000.0,1845000000.0,,175000000.0,36000000.0,723000000.0,,105000000.0,149837000000.0,11406000000.0,8845000000.0,327000000.0,327000000.0,13572000000.0,1733000000.0,,,,,2236000000.0,13440000000.0,,498290000.0,493453000.0
2009Q4,STT,-2238000000.0,157946000000.0,72699000000.0,,,90062000000.0,,,,79000000.0,,4550000000.0,20877000000.0,20928000000.0,,,1810000000.0,,,,,,,143455000000.0,10729000000.0,8838000000.0,,,11969000000.0,,,,,,,14491000000.0,,,
2010Q1,STT,-1885000000.0,153971000000.0,72956000000.0,,,90336000000.0,0.99,0.99,1540000000.0,,,4515000000.0,19831000000.0,20333000000.0,,207000000.0,1768000000.0,,217000000.0,33000000.0,661000000.0,,72000000.0,138561000000.0,12245000000.0,8815000000.0,495000000.0,492000000.0,13550000000.0,1579000000.0,,,,,2296000000.0,15410000000.0,,498056000.0,494588000.0
2010Q2,STT,-1707000000.0,162075000000.0,79936000000.0,,,95743000000.0,0.87,0.87,1696000000.0,,,5380000000.0,18166000000.0,18692000000.0,,-82000000.0,2731000000.0,,188000000.0,46000000.0,658000000.0,,109000000.0,146016000000.0,11687000000.0,8546000000.0,432000000.0,427000000.0,11704000000.0,1944000000.0,,,,,2304000000.0,16059000000.0,,498886000.0,495606000.0
2010Q3,STT,-782000000.0,172964000000.0,80719000000.0,,,105034000000.0,1.09,1.08,1569000000.0,,,5521000000.0,17577000000.0,18424000000.0,,236000000.0,2812000000.0,,180000000.0,62000000.0,724000000.0,,68000000.0,155395000000.0,13665000000.0,8573000000.0,546000000.0,540000000.0,17313000000.0,1527000000.0,,,,,2310000000.0,17569000000.0,,498159000.0,495729000.0
2010Q4,STT,-689000000.0,160505000000.0,81881000000.0,,,98345000000.0,,,,100000000.0,,5597000000.0,12249000000.0,12576000000.0,,,2593000000.0,,,,,,,142718000000.0,11857000000.0,8550000000.0,,,17464000000.0,,,,,,,17787000000.0,,,
2011Q1,STT,-659000000.0,171796000000.0,90691000000.0,,,107414000000.0,0.94,0.93,1791000000.0,80000000.0,,5720000000.0,12253000000.0,12655000000.0,,189000000.0,2644000000.0,,157000000.0,58000000.0,577000000.0,,66000000.0,152616000000.0,12646000000.0,9531000000.0,471000000.0,466000000.0,23667000000.0,1702000000.0,,,,,2361000000.0,19180000000.0,,500980000.0,497471000.0
2011Q2,STT,160000000.0,190455000000.0,94783000000.0,,,125409000000.0,1.01,1.0,1892000000.0,54000000.0,,5748000000.0,11131000000.0,11473000000.0,,202000000.0,2616000000.0,,147000000.0,44000000.0,572000000.0,,137000000.0,170621000000.0,12878000000.0,9544000000.0,513000000.0,502000000.0,28065000000.0,1774000000.0,,,,2000000.0,2491000000.0,19834000000.0,,501044000.0,496806000.0
2011Q3,STT,-315000000.0,208795000000.0,96595000000.0,,,134998000000.0,1.11,1.1,1844000000.0,22000000.0,,5639000000.0,10018000000.0,10102000000.0,,74000000.0,2486000000.0,,150000000.0,52000000.0,578000000.0,,85000000.0,189144000000.0,11718000000.0,8112000000.0,555000000.0,543000000.0,36435000000.0,1798000000.0,,,,0.0,2427000000.0,19651000000.0,,494780000.0,490840000.0
2011Q4,STT,-659000000.0,216827000000.0,99832000000.0,,,157287000000.0,,,,22000000.0,,5645000000.0,9321000000.0,9362000000.0,,,2459000000.0,,,,,,,197429000000.0,10031000000.0,8131000000.0,,,59229000000.0,,,,,,,19398000000.0,,,
2012Q1,STT,-299000000.0,187956000000.0,104704000000.0,,,130180000000.0,0.86,0.85,1785000000.0,22000000.0,,5700000000.0,8668000000.0,8842000000.0,,159000000.0,2443000000.0,,140000000.0,53000000.0,625000000.0,,97000000.0,167797000000.0,12253000000.0,8117000000.0,427000000.0,417000000.0,37201000000.0,1835000000.0,,,0.0,0.0,2421000000.0,20159000000.0,,490454000.0,484942000.0
2012Q2,STT,-537000000.0,200777000000.0,106378000000.0,,,143771000000.0,1.0,0.98,1778000000.0,22000000.0,,5611000000.0,7807000000.0,7934000000.0,,162000000.0,2334000000.0,,114000000.0,37000000.0,672000000.0,,143000000.0,180880000000.0,12338000000.0,6392000000.0,490000000.0,480000000.0,41194000000.0,1772000000.0,,,,-1000000.0,2423000000.0,19897000000.0,,488518000.0,481404000.0
2012Q3,STT,186000000.0,204522000000.0,107129000000.0,,,146289000000.0,1.39,1.36,1719000000.0,22000000.0,,5650000000.0,8360000000.0,8622000000.0,,267000000.0,2311000000.0,,111000000.0,37000000.0,619000000.0,,91000000.0,183773000000.0,14024000000.0,6418000000.0,674000000.0,654000000.0,40963000000.0,1415000000.0,,,,0.0,2356000000.0,20749000000.0,,480010000.0,472355000.0
2012Q4,STT,360000000.0,222582000000.0,109682000000.0,,,164181000000.0,,,,22000000.0,,5977000000.0,11379000000.0,11661000000.0,,,2539000000.0,,,,,,,201713000000.0,12285000000.0,7429000000.0,,,44445000000.0,,,,,,,20825000000.0,,,
2013Q1,STT,251000000.0,218189000000.0,103836000000.0,,,154775000000.0,1.0,0.98,1857000000.0,22000000.0,,5912000000.0,13593000000.0,13869000000.0,,145000000.0,2452000000.0,,111000000.0,34000000.0,576000000.0,263000000.0,78000000.0,197320000000.0,13963000000.0,7440000000.0,464000000.0,455000000.0,40704000000.0,1826000000.0,,,360000000.0,0.0,2435000000.0,20869000000.0,,462751000.0,454315000.0
2013Q2,STT,-523000000.0,227300000000.0,100180000000.0,,,166520000000.0,1.26,1.24,1971000000.0,22000000.0,,5924000000.0,15468000000.0,15382000000.0,,183000000.0,,,104000000.0,27000000.0,596000000.0,277000000.0,131000000.0,207219000000.0,16409000000.0,8841000000.0,579000000.0,571000000.0,49922000000.0,1798000000.0,,,,0.0,2560000000.0,20081000000.0,,461040000.0,452176000.0
2013Q3,STT,-114000000.0,217180000000.0,99982000000.0,,,154199000000.0,1.2,1.17,1883000000.0,22000000.0,,6006000000.0,16698000000.0,16543000000.0,,163000000.0,,,97000000.0,17000000.0,546000000.0,276000000.0,74000000.0,196750000000.0,15556000000.0,8748000000.0,540000000.0,531000000.0,45679000000.0,1722000000.0,,,,0.0,2425000000.0,20430000000.0,,452154000.0,442860000.0
2013Q4,STT,-95000000.0,243291000000.0,99174000000.0,,,182268000000.0,,,,28000000.0,,6036000000.0,17740000000.0,17560000000.0,,,,,,,,,,222913000000.0,13458000000.0,9699000000.0,,,65614000000.0,,,,,,,20248000000.0,,,
2014Q1,STT,188000000.0,256663000000.0,99162000000.0,,,194648000000.0,0.83,0.81,1924000000.0,30000000.0,,6038000000.0,18342000000.0,18326000000.0,,92000000.0,,,100000000.0,15000000.0,555000000.0,292000000.0,85000000.0,235390000000.0,16084000000.0,9503000000.0,363000000.0,356000000.0,72800000000.0,2028000000.0,,,420000000.0,2000000.0,2485000000.0,21273000000.0,,438815000.0,430621000.0
2014Q2,STT,489000000.0,282324000000.0,98546000000.0,,,218834000000.0,1.41,1.38,2039000000.0,32000000.0,,6037000000.0,18757000000.0,18864000000.0,,124000000.0,,,89000000.0,18000000.0,561000000.0,300000000.0,147000000.0,260624000000.0,16767000000.0,9037000000.0,622000000.0,602000000.0,73109000000.0,1850000000.0,,,,2000000.0,2598000000.0,21700000000.0,,435320000.0,427824000.0
2014Q3,STT,-107000000.0,274805000000.0,96552000000.0,,,207968000000.0,1.28,1.26,2012000000.0,34000000.0,,5899000000.0,18767000000.0,18865000000.0,,128000000.0,,,101000000.0,33000000.0,570000000.0,316000000.0,99000000.0,253649000000.0,18364000000.0,9016000000.0,560000000.0,542000000.0,66134000000.0,1892000000.0,,,,2000000.0,2582000000.0,21156000000.0,,429736000.0,421974000.0
2014Q4,STT,-507000000.0,274119000000.0,94913000000.0,,,209040000000.0,,,,38000000.0,,5826000000.0,17723000000.0,17842000000.0,,,,,,,,,,252791000000.0,18161000000.0,10042000000.0,,,70490000000.0,,,,,,,21328000000.0,21328000000.0,,
2015Q1,STT,-1006000000.0,279476000000.0,96612000000.0,,,211352000000.0,0.9,0.89,2055000000.0,41000000.0,,5663000000.0,16245000000.0,16417000000.0,,94000000.0,,,96000000.0,26000000.0,546000000.0,301000000.0,101000000.0,258657000000.0,18278000000.0,9174000000.0,405000000.0,373000000.0,72704000000.0,2097000000.0,,,470000000.0,4000000.0,2600000000.0,20670000000.0,,418750000.0,412225000.0
2015Q2,STT,-1011000000.0,294571000000.0,85308000000.0,,,230591000000.0,0.95,0.93,2076000000.0,43000000.0,,5729000000.0,16155000000.0,16198000000.0,,54000000.0,,,94000000.0,14000000.0,535000000.0,304000000.0,155000000.0,273071000000.0,18547000000.0,9085000000.0,418000000.0,389000000.0,83120000000.0,2134000000.0,,,,,2608000000.0,21347000000.0,,416712000.0,410674000.0
2015Q3,STT,-1101000000.0,247274000000.0,80097000000.0,,,186367000000.0,1.33,1.31,2103000000.0,48000000.0,,5716000000.0,17463000000.0,17536000000.0,,67000000.0,,,101000000.0,28000000.0,513000000.0,287000000.0,113000000.0,225742000000.0,19019000000.0,12025000000.0,581000000.0,539000000.0,58426000000.0,1962000000.0,,,,,2614000000.0,21343000000.0,21532000000.0,412167000.0,406612000.0
2015Q4,STT,-1442000000.0,245155000000.0,70070000000.0,69467000000.0,,191627000000.0,,,,46000000.0,,5671000000.0,29952000000.0,29798000000.0,,,,,,,,,,224020000000.0,18753000000.0,11497000000.0,,,65800000000.0,,,,,,,21082000000.0,21135000000.0,,
2016Q1,STT,-964000000.0,243685000000.0,71086000000.0,70552000000.0,,185516000000.0,0.8,0.79,1970000000.0,47000000.0,,5733000000.0,31212000000.0,31555000000.0,,62000000.0,,,117000000.0,38000000.0,512000000.0,270000000.0,134000000.0,222157000000.0,19140000000.0,10323000000.0,368000000.0,319000000.0,54248000000.0,2050000000.0,,,268000000.0,,2484000000.0,21496000000.0,21528000000.0,403615000.0,399421000.0
2016Q2,STT,-997000000.0,255386000000.0,72735000000.0,72269000000.0,,193130000000.0,1.48,1.47,2053000000.0,51000000.0,,5671000000.0,30386000000.0,30895000000.0,,92000000.0,,,99000000.0,16000000.0,521000000.0,293000000.0,156000000.0,233282000000.0,19788000000.0,11924000000.0,619000000.0,585000000.0,57268000000.0,1860000000.0,,,,,2573000000.0,22073000000.0,22104000000.0,398847000.0,394160000.0
2016Q3,STT,-993000000.0,256140000000.0,71520000000.0,71099000000.0,,198766000000.0,1.31,1.29,2079000000.0,51000000.0,,5911000000.0,28368000000.0,28780000000.0,,72000000.0,,,110000000.0,20000000.0,537000000.0,368000000.0,136000000.0,233959000000.0,21451000000.0,11834000000.0,563000000.0,507000000.0,60545000000.0,1984000000.0,,,,,2620000000.0,22150000000.0,22181000000.0,393212000.0,388358000.0
2016Q4,STT,-2040000000.0,242698000000.0,61998000000.0,61528000000.0,,187163000000.0,,,,53000000.0,,5814000000.0,35169000000.0,34994000000.0,,,,,,,,,,221479000000.0,19704000000.0,,,,59397000000.0,,,,,,,21193000000.0,21219000000.0,,
2017Q1,STT,-1805000000.0,236802000000.0,58810000000.0,58324000000.0,,183465000000.0,1.17,1.15,2198000000.0,51000000.0,,5855000000.0,35829000000.0,35694000000.0,,82000000.0,,,140000000.0,44000000.0,510000000.0,382000000.0,133000000.0,215508000000.0,22486000000.0,,502000000.0,446000000.0,56786000000.0,2086000000.0,2198000000.0,,354000000.0,,2668000000.0,21294000000.0,21294000000.0,386417000.0,381224000.0
2017Q2,STT,-1270000000.0,238274000000.0,59025000000.0,58902000000.0,,181416000000.0,1.56,1.53,2235000000.0,54000000.0,,5945000000.0,36230000000.0,36169000000.0,,156000000.0,,,125000000.0,14000000.0,575000000.0,397000000.0,179000000.0,216206000000.0,24307000000.0,,620000000.0,584000000.0,50957000000.0,2031000000.0,2235000000.0,,,,2810000000.0,22068000000.0,22068000000.0,380915000.0,375395000.0
2017Q3,STT,-984000000.0,235986000000.0,56238000000.0,55798000000.0,,179263000000.0,1.69,1.66,2242000000.0,57000000.0,,5997000000.0,36850000000.0,36836000000.0,,137000000.0,,,158000000.0,39000000.0,603000000.0,419000000.0,147000000.0,213489000000.0,23581000000.0,,685000000.0,629000000.0,49850000000.0,2021000000.0,2242000000.0,,,,2846000000.0,22497000000.0,22497000000.0,378518000.0,372765000.0
2017Q4,STT,-1009000000.0,238392000000.0,57121000000.0,57121000000.0,367649858.0,184896000000.0,,,,54000000.0,,6022000000.0,40458000000.0,40255000000.0,,,,,,,,,,216122000000.0,23240000000.0,,,,47175000000.0,,,,,,,22270000000.0,22270000000.0,,
2018Q1,STT,-1074000000.0,250286000000.0,44304000000.0,44304000000.0,,191517000000.0,1.64,1.62,,54000000.0,,6068000000.0,41158000000.0,40483000000.0,,129000000.0,,857000000.0,214000000.0,63000000.0,643000000.0,472000000.0,141000000.0,227887000000.0,29528000000.0,,659000000.0,603000000.0,57025000000.0,2268000000.0,2415000000.0,,350000000.0,,3056000000.0,22350000000.0,22399000000.0,372619000.0,367439000.0
2018Q2,STT,-1488000000.0,248308000000.0,47348000000.0,47348000000.0,,186663000000.0,1.91,1.88,,55000000.0,,5973000000.0,39594000000.0,38805000000.0,,158000000.0,,907000000.0,248000000.0,89000000.0,659000000.0,465000000.0,154000000.0,225737000000.0,24069000000.0,,733000000.0,697000000.0,52316000000.0,2170000000.0,2395000000.0,,,,3063000000.0,22521000000.0,22571000000.0,370410000.0,365619000.0
2018Q3,STT,-1711000000.0,234007000000.0,46102000000.0,46102000000.0,,168198000000.0,1.89,1.87,,60000000.0,,6016000000.0,40567000000.0,39591000000.0,,129000000.0,,916000000.0,244000000.0,84000000.0,672000000.0,474000000.0,128000000.0,209454000000.0,23312000000.0,,764000000.0,708000000.0,41893000000.0,2091000000.0,2318000000.0,,,,2989000000.0,24502000000.0,24553000000.0,379383000.0,374963000.0
2018Q4,STT,-1356000000.0,244596000000.0,,45148000000.0,379946724.0,180360000000.0,,,,67000000.0,,7446000000.0,41914000000.0,41351000000.0,,,,,,,,,,219859000000.0,25722000000.0,,,,44804000000.0,,,25722000000.0,,,,24737000000.0,24737000000.0,,
2019Q1,STT,-1180000000.0,228332000000.0,,49002000000.0,376720715.0,162471000000.0,1.2,1.18,,70000000.0,,7549000000.0,41145000000.0,40971000000.0,,127000000.0,,1027000000.0,354000000.0,171000000.0,673000000.0,,,203294000000.0,23311000000.0,,508000000.0,452000000.0,35295000000.0,2293000000.0,-1000000.0,,300000000.0,,2932000000.0,25038000000.0,25038000000.0,381703000.0,377915000.0
2019Q2,STT,-874000000.0,241540000000.0,,53242000000.0,372572622.0,170594000000.0,1.44,1.42,,72000000.0,,7565000000.0,39236000000.0,39473000000.0,,131000000.0,,1007000000.0,394000000.0,209000000.0,613000000.0,,,216086000000.0,25349000000.0,,587000000.0,537000000.0,34278000000.0,2154000000.0,0.0,,,,2873000000.0,25454000000.0,25454000000.0,377577000.0,373773000.0
2019Q3,STT,-985000000.0,244606000000.0,,54757000000.0,363623285.0,170886000000.0,1.44,1.42,,71000000.0,,7500000000.0,39119000000.0,39535000000.0,,138000000.0,,1001000000.0,357000000.0,173000000.0,644000000.0,,,219397000000.0,26938000000.0,,583000000.0,528000000.0,33719000000.0,2180000000.0,0.0,,,,2903000000.0,25209000000.0,25209000000.0,370595000.0,366732000.0
2019Q4,STT,-876000000.0,245610000000.0,,53815000000.0,357389416.0,181872000000.0,,,,74000000.0,,7556000000.0,41782000000.0,42157000000.0,,,,,,,,,,221179000000.0,,,,,34031000000.0,,,26235000000.0,,,,24431000000.0,24431000000.0,,
2020Q1,STT,-920000000.0,362527000000.0,,55843000000.0,351943858.0,257104000000.0,1.64,1.62,,97000000.0,,7506000000.0,41150000000.0,42201000000.0,,140000000.0,,868000000.0,204000000.0,68000000.0,664000000.0,,,338666000000.0,,,634000000.0,580000000.0,69404000000.0,2255000000.0,2399000000.0,32282000000.0,515000000.0,36000000.0,3065000000.0,23861000000.0,23861000000.0,357993000.0,353746000.0
2020Q2,STT,-430000000.0,280242000000.0,,56231000000.0,352383250.0,200462000000.0,1.88,1.86,,141000000.0,,7538000000.0,41848000000.0,43037000000.0,,109000000.0,,674000000.0,115000000.0,-54000000.0,559000000.0,,,255369000000.0,,,694000000.0,662000000.0,42132000000.0,2082000000.0,2378000000.0,26719000000.0,,,2937000000.0,24873000000.0,24873000000.0,356413000.0,352157000.0
2020Q3,STT,-111000000.0,272075000000.0,,61780000000.0,352797695.0,197513000000.0,1.47,1.45,,134000000.0,,7607000000.0,45394000000.0,46510000000.0,681000000.0,126000000.0,,520000000.0,42000000.0,-61000000.0,478000000.0,,,246517000000.0,,,555000000.0,517000000.0,41183000000.0,2103000000.0,2306000000.0,26901000000.0,,,2784000000.0,25558000000.0,25558000000.0,357168000.0,352586000.0
2020Q4,STT,187000000.0,314706000000.0,,59048000000.0,353156279.0,239798000000.0,,,,122000000.0,,7683000000.0,48929000000.0,50003000000.0,,,,,,,,,,288506000000.0,,,,,49439000000.0,,,27803000000.0,,,,26200000000.0,26200000000.0,,
2021Q1,STT,-418000000.0,316885000000.0,,60512000000.0,348032982.0,244893000000.0,1.39,1.37,,118000000.0,,7629000000.0,46261000000.0,46752000000.0,627000000.0,108000000.0,,471000000.0,4000000.0,-69000000.0,467000000.0,,,291880000000.0,,,519000000.0,489000000.0,57079000000.0,2332000000.0,2483000000.0,31467000000.0,475000000.0,-9000000.0,2950000000.0,25005000000.0,25005000000.0,355690000.0,350743000.0
2021Q2,STT,-422000000.0,326528000000.0,,67497000000.0,343503114.0,263969000000.0,2.11,2.07,,100000000.0,,7629000000.0,45182000000.0,45685000000.0,938000000.0,175000000.0,,467000000.0,0.0,-65000000.0,467000000.0,,,301361000000.0,,,763000000.0,728000000.0,61742000000.0,2111000000.0,2514000000.0,30604000000.0,,,3034000000.0,25167000000.0,25167000000.0,351582000.0,345889000.0
2021Q3,STT,-682000000.0,323139000000.0,,70279000000.0,365629173.0,259373000000.0,1.99,1.96,,95000000.0,,7650000000.0,43346000000.0,43728000000.0,876000000.0,162000000.0,,487000000.0,0.0,-62000000.0,487000000.0,,,295825000000.0,,,714000000.0,693000000.0,64885000000.0,2116000000.0,2504000000.0,32702000000.0,,,2990000000.0,27314000000.0,27314000000.0,353494000.0,347718000.0
2021Q4,STT,-1133000000.0,314624000000.0,,73399000000.0,365982820.0,255035000000.0,,,,87000000.0,32532000000.0,7621000000.0,42430000000.0,42271000000.0,,,,,,,,,,287261000000.0,,,,,56461000000.0,,,32445000000.0,,,,27363000000.0,27363000000.0,,
2022Q1,STT,-2698000000.0,322350000000.0,,,367114788.0,251043000000.0,1.59,1.57,,,35141000000.0,7582000000.0,,42834000000.0,754000000.0,150000000.0,,521000000.0,12000000.0,-63000000.0,509000000.0,,,296126000000.0,,,604000000.0,583000000.0,61797000000.0,2327000000.0,2573000000.0,,0.0,0.0,3081000000.0,26224000000.0,26224000000.0,372037000.0,366542000.0
2022Q2,STT,-3687000000.0,300223000000.0,,,367619353.0,241913000000.0,1.94,1.91,,,33565000000.0,7465000000.0,,60103000000.0,835000000.0,88000000.0,,704000000.0,120000000.0,23000000.0,584000000.0,,,274456000000.0,,,747000000.0,712000000.0,55062000000.0,2108000000.0,2370000000.0,,,,2953000000.0,25767000000.0,25767000000.0,372123000.0,367375000.0
2022Q3,STT,-4268000000.0,303568000000.0,,,367967505.0,238236000000.0,1.82,1.8,,,36113000000.0,7351000000.0,,58320000000.0,849000000.0,159000000.0,,1101000000.0,441000000.0,300000000.0,660000000.0,,,277920000000.0,,,690000000.0,669000000.0,55894000000.0,2110000000.0,2299000000.0,,,,2959000000.0,25648000000.0,25648000000.0,372418000.0,367789000.0
2022Q4,STT,-3711000000.0,301450000000.0,,,349024167.0,235464000000.0,,,,,32150000000.0,7495000000.0,,57913000000.0,,,,,,,,,,276259000000.0,,,,,46755000000.0,,,,,,,25191000000.0,25191000000.0,,
2023Q1,STT,-3272000000.0,290816000000.0,,,336461072.0,223631000000.0,1.54,1.52,,,33916000000.0,7530000000.0,,59139000000.0,688000000.0,139000000.0,,2027000000.0,1261000000.0,953000000.0,766000000.0,,,266066000000.0,,,549000000.0,525000000.0,45856000000.0,2369000000.0,2335000000.0,,1250000000.0,,3101000000.0,24750000000.0,24750000000.0,345472000.0,341106000.0
2023Q2,STT,-3258000000.0,294561000000.0,,,322101110.0,222316000000.0,2.2,2.17,,,34123000000.0,7544000000.0,,56863000000.0,916000000.0,153000000.0,,2232000000.0,1541000000.0,1193000000.0,691000000.0,,,270357000000.0,,,763000000.0,726000000.0,36455000000.0,2212000000.0,2419000000.0,,,,3110000000.0,24204000000.0,24204000000.0,333540000.0,329383000.0
2023Q3,STT,-3045000000.0,284415000000.0,,,308583511.0,213001000000.0,1.27,1.25,,,35436000000.0,7487000000.0,,54121000000.0,511000000.0,89000000.0,,2328000000.0,1704000000.0,1332000000.0,624000000.0,,,260794000000.0,,,422000000.0,398000000.0,35824000000.0,2180000000.0,2361000000.0,,,,2691000000.0,23621000000.0,23621000000.0,317329000.0,313147000.0
2023Q4,STT,-2354000000.0,297258000000.0,,,301944043.0,220970000000.0,,,,,36631000000.0,7611000000.0,,51503000000.0,,,,,,,,,,273459000000.0,,,,,32569000000.0,,,,,,,23799000000.0,23799000000.0,,
2024Q1,STT,-2369000000.0,338003000000.0,,,301504470.0,251884000000.0,1.38,1.37,,,38635000000.0,7582000000.0,,46823000000.0,598000000.0,135000000.0,,2889000000.0,2173000000.0,1640000000.0,716000000.0,,,313570000000.0,,,463000000.0,418000000.0,37367000000.0,2513000000.0,2422000000.0,,119000000.0,,3138000000.0,24433000000.0,24433000000.0,305943000.0,301991000.0
2024Q2,STT,-2314000000.0,325603000000.0,,,299231005.0,239160000000.0,2.18,2.15,,,39376000000.0,7751000000.0,,44916000000.0,912000000.0,201000000.0,,2998000000.0,,1637000000.0,735000000.0,,,300841000000.0,,,711000000.0,655000000.0,34519000000.0,2269000000.0,2456000000.0,,,,3191000000.0,24762000000.0,24762000000.0,304765000.0,300564000.0
2024Q3,STT,-1625000000.0,338481000000.0,,,294191001.0,247429000000.0,2.29,2.26,,,41961000000.0,7833000000.0,,44925000000.0,925000000.0,195000000.0,,3081000000.0,,1696000000.0,723000000.0,,,312653000000.0,,,730000000.0,682000000.0,31448000000.0,2308000000.0,2616000000.0,,,,3259000000.0,25828000000.0,25828000000.0,301847000.0,297365000.0
2024Q4,STT,-2100000000.0,353240000000.0,,,288766452.0,261920000000.0,,,,,43200000000.0,7691000000.0,,41906000000.0,,,,,,,,,,327914000000.0,,,,,33180000000.0,,,,,,,25326000000.0,25326000000.0,,
2025Q1,STT,-1792000000.0,372693000000.0,,,288676229.0,272056000000.0,2.07,2.04,,,44685000000.0,7763000000.0,,40424000000.0,822000000.0,178000000.0,,2922000000.0,,1566000000.0,714000000.0,,,346001000000.0,,,644000000.0,597000000.0,32265000000.0,2450000000.0,2570000000.0,,100000000.0,,3284000000.0,26692000000.0,26692000000.0,292716000.0,288562000.0
2025Q2,STT,-1321000000.0,376717000000.0,,,285561974.0,283024000000.0,2.2,2.17,,,47279000000.0,7918000000.0,,38485000000.0,889000000.0,196000000.0,,3055000000.0,,1693000000.0,729000000.0,,,349410000000.0,,,693000000.0,630000000.0,34569000000.0,2529000000.0,2719000000.0,,,,3448000000.0,27307000000.0,27307000000.0,290490000.0,286281000.0
2025Q3,STT,-1172000000.0,371070000000.0,,,282217819.0,279999000000.0,2.83,2.78,,,46660000000.0,7916000000.0,,36654000000.0,1102000000.0,241000000.0,,2918000000.0,,1660000000.0,715000000.0,,,343428000000.0,,,861000000.0,802000000.0,34395000000.0,2434000000.0,2829000000.0,,,,3545000000.0,27642000000.0,27642000000.0,288163000.0,283434000.0
2025Q4,STT,-1043000000.0,366047000000.0,,,279077907.0,274350000000.0,,,,,46782000000.0,8159000000.0,,34166000000.0,,,,,,,,,,338206000000.0,,,,,35267000000.0,,,,,,,27841000000.0,27841000000.0,,
2026Q1,STT,-1282000000.0,392165000000.0,,,276924993.0,293341000000.0,2.53,2.49,,,49190000000.0,8121000000.0,,32560000000.0,969000000.0,205000000.0,,2651000000.0,,1353000000.0,835000000.0,,,364423000000.0,,,764000000.0,705000000.0,39643000000.0,2811000000.0,2960000000.0,,400000000.0,,3796000000.0,27742000000.0,27742000000.0,282874000.0,278434000.0
2026Q2,STT,-1178000000.0,418381000000.0,,,274702550.0,319547000000.0,3.71,3.65,,,52062000000.0,8106000000.0,,31104000000.0,1389000000.0,305000000.0,,2843000000.0,,1473000000.0,860000000.0,,,390113000000.0,,,1084000000.0,1026000000.0,46489000000.0,2659000000.0,3188000000.0,,,,4048000000.0,28268000000.0,28268000000.0,281062000.0,276150000.0
