q,ticker,Assets,AvailableForSaleSecurities,AvailableForSaleSecuritiesDebtSecurities,CommonStockSharesOutstanding,Deposits,EarningsPerShareBasic,EarningsPerShareDiluted,FinancingReceivableAllowanceForCreditLosses,Goodwill,IncomeLossFromContinuingOperationsBeforeIncomeTaxesExtraordinaryItemsNoncontrollingInterest,IncomeTaxExpenseBenefit,InterestBearingDepositLiabilities,InterestExpense,InterestExpenseDeposits,InterestIncomeExpenseNet,Liabilities,LoansAndLeasesReceivableNetReportedAmount,LongTermDebt,NetIncomeLoss,NetIncomeLossAvailableToCommonStockholdersBasic,NoninterestBearingDepositLiabilities,NoninterestExpense,NoninterestIncome,NotesReceivableNet,PaymentsForRepurchaseOfCommonStock,StockholdersEquity,WeightedAverageNumberOfDilutedSharesOutstanding,WeightedAverageNumberOfSharesOutstandingBasic
2011Q4,SYF,,,,,,,,,,,,,,,,,,,,,,,,,,4328000000.0,,
2012Q4,SYF,,,,,,,,,936000000.0,,,,,,,,,,,,,,,,,4582000000.0,,
2013Q1,SYF,,,,,,0.51,0.51,,,573000000.0,214000000.0,,193000000.0,,2511000000.0,,,,359000000.0,,,,,,,,,
2013Q2,SYF,,,,,,0.76,0.76,,,856000000.0,320000000.0,,178000000.0,93000000.0,2508000000.0,,,,536000000.0,,,563000000.0,124000000.0,,,5518000000.0,705271000.0,705271000.0
2013Q3,SYF,,,,,,0.91,0.91,,,1021000000.0,380000000.0,,183000000.0,94000000.0,2703000000.0,,,,641000000.0,,,575000000.0,114000000.0,,,5583000000.0,705000000.0,705000000.0
2013Q4,SYF,59085000000.0,236000000.0,,0.0,25719000000.0,0.63,0.63,,949000000.0,692000000.0,249000000.0,25360000000.0,188000000.0,,2849000000.0,53125000000.0,54362000000.0,,443000000.0,,359000000.0,,,,,5960000000.0,,
2014Q1,SYF,,,,,,0.79,0.79,,,890000000.0,332000000.0,,190000000.0,96000000.0,2743000000.0,,,,558000000.0,,,610000000.0,115000000.0,,,6042000000.0,705000000.0,705000000.0
2014Q2,SYF,63175000000.0,298000000.0,,705270833.0,30462000000.0,0.67,0.67,,949000000.0,764000000.0,292000000.0,30258000000.0,206000000.0,109000000.0,2720000000.0,56782000000.0,51867000000.0,,472000000.0,,204000000.0,797000000.0,112000000.0,,,6393000000.0,705000000.0,705000000.0
2014Q3,SYF,73469000000.0,325000000.0,,833764589.0,32689000000.0,0.7,0.7,,949000000.0,879000000.0,331000000.0,32480000000.0,244000000.0,126000000.0,2879000000.0,63528000000.0,53665000000.0,,548000000.0,,209000000.0,728000000.0,96000000.0,,,9941000000.0,782000000.0,782000000.0
2014Q4,SYF,75707000000.0,1598000000.0,,833764589.0,34955000000.0,0.64,0.64,,949000000.0,853000000.0,322000000.0,34847000000.0,282000000.0,,2978000000.0,65229000000.0,58050000000.0,,531000000.0,,108000000.0,,,,,10478000000.0,,
2015Q1,SYF,72721000000.0,3121000000.0,,833764589.0,34950000000.0,0.66,0.66,,949000000.0,883000000.0,331000000.0,34788000000.0,275000000.0,137000000.0,2875000000.0,61685000000.0,54993000000.0,,552000000.0,,162000000.0,746000000.0,101000000.0,,,11036000000.0,835000000.0,834000000.0
2015Q2,SYF,75750000000.0,3682000000.0,,833764963.0,37772000000.0,0.65,0.65,,949000000.0,861000000.0,320000000.0,37629000000.0,270000000.0,146000000.0,2907000000.0,64172000000.0,58129000000.0,,541000000.0,,143000000.0,805000000.0,120000000.0,,,11578000000.0,835000000.0,834000000.0
2015Q3,SYF,79442000000.0,3596000000.0,,833824286.0,40548000000.0,0.69,0.69,,949000000.0,919000000.0,345000000.0,40408000000.0,289000000.0,159000000.0,3103000000.0,67284000000.0,60149000000.0,,574000000.0,,140000000.0,843000000.0,84000000.0,,,12158000000.0,836000000.0,834000000.0
2015Q4,SYF,83990000000.0,3142000000.0,,833828340.0,43367000000.0,0.66,0.65,,949000000.0,868000000.0,321000000.0,43215000000.0,301000000.0,,3208000000.0,71386000000.0,64793000000.0,24279000000.0,547000000.0,,152000000.0,,,,,12604000000.0,,
2016Q1,SYF,81656000000.0,2949000000.0,,833830398.0,44977000000.0,0.7,0.7,,949000000.0,928000000.0,346000000.0,44721000000.0,311000000.0,172000000.0,3209000000.0,68452000000.0,62229000000.0,,582000000.0,,256000000.0,800000000.0,92000000.0,,0.0,13204000000.0,835500000.0,833800000.0
2016Q2,SYF,82384000000.0,2723000000.0,,833920699.0,46427000000.0,0.59,0.58,,949000000.0,771000000.0,282000000.0,46220000000.0,303000000.0,179000000.0,3212000000.0,68669000000.0,64388000000.0,,489000000.0,,207000000.0,839000000.0,83000000.0,,,13715000000.0,836200000.0,833900000.0
2016Q3,SYF,87159000000.0,3356000000.0,,825464400.0,49815000000.0,0.73,0.73,,949000000.0,963000000.0,359000000.0,49611000000.0,315000000.0,188000000.0,3481000000.0,73178000000.0,66529000000.0,20167000000.0,604000000.0,,204000000.0,859000000.0,84000000.0,,,13981000000.0,830600000.0,828400000.0
2016Q4,SYF,90207000000.0,5110000000.0,,817352328.0,52055000000.0,0.7,0.7,,949000000.0,908000000.0,332000000.0,51896000000.0,319000000.0,,3628000000.0,76011000000.0,71993000000.0,20147000000.0,576000000.0,,159000000.0,,,,,14196000000.0,,
2017Q1,SYF,89050000000.0,5328000000.0,,810804845.0,51605000000.0,0.61,0.61,,992000000.0,782000000.0,283000000.0,51359000000.0,326000000.0,194000000.0,3587000000.0,74687000000.0,68674000000.0,20194000000.0,499000000.0,,246000000.0,908000000.0,93000000.0,,238000000.0,14363000000.0,817100000.0,813100000.0
2017Q2,SYF,91140000000.0,3997000000.0,,795324028.0,52885000000.0,0.62,0.61,,991000000.0,788000000.0,292000000.0,52659000000.0,333000000.0,202000000.0,3637000000.0,76808000000.0,70457000000.0,20709000000.0,496000000.0,,226000000.0,911000000.0,57000000.0,,,14332000000.0,807400000.0,804000000.0
2017Q3,SYF,92548000000.0,3317000000.0,,782584050.0,54454000000.0,0.7,0.7,,991000000.0,879000000.0,324000000.0,54232000000.0,357000000.0,219000000.0,3876000000.0,78146000000.0,71567000000.0,19899000000.0,555000000.0,,222000000.0,958000000.0,76000000.0,,,14402000000.0,790900000.0,787300000.0
2017Q4,SYF,95808000000.0,4473000000.0,,770531433.0,56488000000.0,0.49,0.49,,991000000.0,875000000.0,490000000.0,56276000000.0,375000000.0,,3916000000.0,81574000000.0,76373000000.0,20799000000.0,385000000.0,,212000000.0,,,,,14234000000.0,,
2018Q1,SYF,95559000000.0,6259000000.0,,760278930.0,56570000000.0,0.84,0.83,,991000000.0,847000000.0,207000000.0,56285000000.0,402000000.0,249000000.0,3842000000.0,81203000000.0,72115000000.0,21015000000.0,640000000.0,,285000000.0,988000000.0,75000000.0,,410000000.0,14356000000.0,770300000.0,763700000.0
2018Q2,SYF,99122000000.0,6779000000.0,,746598245.0,59011000000.0,0.93,0.92,,1024000000.0,892000000.0,196000000.0,58734000000.0,437000000.0,273000000.0,3737000000.0,84664000000.0,73020000000.0,21721000000.0,696000000.0,,277000000.0,975000000.0,63000000.0,,,14458000000.0,758300000.0,752200000.0
2018Q3,SYF,104545000000.0,7281000000.0,,718710316.0,62317000000.0,0.91,0.91,,1024000000.0,893000000.0,222000000.0,62030000000.0,488000000.0,314000000.0,4206000000.0,90549000000.0,81298000000.0,23741000000.0,671000000.0,,287000000.0,1054000000.0,63000000.0,,,13996000000.0,738800000.0,734900000.0
2018Q4,SYF,106792000000.0,6062000000.0,,718758598.0,64019000000.0,1.09,1.09,,1024000000.0,1012000000.0,229000000.0,63738000000.0,543000000.0,,4333000000.0,92114000000.0,86712000000.0,23996000000.0,783000000.0,,281000000.0,,,,,14678000000.0,,
2019Q1,SYF,105384000000.0,5506000000.0,,688837684.0,64060000000.0,1.57,1.56,,1076000000.0,1462000000.0,355000000.0,63787000000.0,560000000.0,375000000.0,4226000000.0,90675000000.0,74463000000.0,21891000000.0,1107000000.0,1107000000.0,273000000.0,1043000000.0,92000000.0,,967000000.0,14709000000.0,708900000.0,706300000.0
2019Q2,SYF,106388000000.0,6147000000.0,,668908144.0,65645000000.0,1.25,1.24,,1078000000.0,1129000000.0,276000000.0,65382000000.0,583000000.0,397000000.0,4155000000.0,91654000000.0,75987000000.0,21244000000.0,853000000.0,853000000.0,263000000.0,1059000000.0,90000000.0,,,14734000000.0,686500000.0,683600000.0
2019Q3,SYF,105943000000.0,4584000000.0,,653656880.0,65972000000.0,1.6,1.6,,1078000000.0,1375000000.0,319000000.0,65677000000.0,592000000.0,411000000.0,4389000000.0,90823000000.0,77600000000.0,20363000000.0,1056000000.0,1056000000.0,295000000.0,1064000000.0,85000000.0,,,15120000000.0,661700000.0,658300000.0
2019Q4,SYF,104826000000.0,5911000000.0,,615925168.0,65154000000.0,1.15,1.15,8623000000.0,1078000000.0,921000000.0,190000000.0,64877000000.0,556000000.0,,4029000000.0,89738000000.0,81613000000.0,19866000000.0,731000000.0,,277000000.0,,,81613000000.0,,15088000000.0,,
2020Q1,SYF,98038000000.0,6146000000.0,,583232644.0,64615000000.0,0.45,0.45,9175000000.0,1078000000.0,382000000.0,96000000.0,64302000000.0,517000000.0,356000000.0,3890000000.0,86068000000.0,73294000000.0,17248000000.0,286000000.0,275000000.0,313000000.0,1002000000.0,97000000.0,,985000000.0,11970000000.0,607400000.0,604900000.0
2020Q2,SYF,96544000000.0,6623000000.0,,583714002.0,64148000000.0,0.06,0.06,9802000000.0,1078000000.0,59000000.0,11000000.0,63857000000.0,434000000.0,293000000.0,3396000000.0,84645000000.0,68511000000.0,16069000000.0,48000000.0,37000000.0,291000000.0,986000000.0,95000000.0,,,11899000000.0,584400000.0,583700000.0
2020Q3,SYF,95658000000.0,8432000000.0,,583766270.0,63493000000.0,0.52,0.52,10146000000.0,1078000000.0,412000000.0,99000000.0,63195000000.0,380000000.0,245000000.0,3457000000.0,83559000000.0,68375000000.0,15771000000.0,313000000.0,303000000.0,298000000.0,1067000000.0,131000000.0,,,12099000000.0,584800000.0,583800000.0
2020Q4,SYF,95948000000.0,7469000000.0,7469000000.0,584009550.0,62782000000.0,,,10265000000.0,1078000000.0,,,62469000000.0,,,,83247000000.0,71602000000.0,15775000000.0,,,313000000.0,,,71602000000.0,,12701000000.0,,
2021Q1,SYF,95854000000.0,6550000000.0,,581129526.0,62761000000.0,1.74,1.73,9901000000.0,1104000000.0,1315000000.0,290000000.0,62419000000.0,303000000.0,170000000.0,3439000000.0,82415000000.0,66957000000.0,15160000000.0,1025000000.0,1014000000.0,342000000.0,932000000.0,131000000.0,,200000000.0,13439000000.0,587500000.0,583300000.0
2021Q2,SYF,92017000000.0,5728000000.0,,573416152.0,59841000000.0,2.13,2.12,9023000000.0,1105000000.0,1641000000.0,399000000.0,59500000000.0,266000000.0,146000000.0,3312000000.0,77820000000.0,69351000000.0,13457000000.0,1242000000.0,1232000000.0,341000000.0,948000000.0,89000000.0,,,14197000000.0,581700000.0,577200000.0
2021Q3,SYF,91937000000.0,,5444000000.0,547240973.0,60353000000.0,2.02,2.0,8616000000.0,1105000000.0,1500000000.0,359000000.0,59998000000.0,240000000.0,131000000.0,3658000000.0,78001000000.0,,12760000000.0,1141000000.0,1130000000.0,355000000.0,961000000.0,94000000.0,67772000000.0,,13936000000.0,565600000.0,560600000.0
2021Q4,SYF,95748000000.0,,5283000000.0,526830205.0,62270000000.0,,,8688000000.0,1105000000.0,,,61911000000.0,,,,82093000000.0,,14507000000.0,,,359000000.0,,,72052000000.0,,13655000000.0,,
2022Q1,SYF,95267000000.0,,4677000000.0,506223095.0,63575000000.0,1.79,1.77,8651000000.0,1105000000.0,1233000000.0,301000000.0,63180000000.0,233000000.0,127000000.0,3789000000.0,81849000000.0,,13360000000.0,932000000.0,922000000.0,395000000.0,1039000000.0,108000000.0,70265000000.0,968000000.0,13418000000.0,519500000.0,515300000.0
2022Q2,SYF,95200000000.0,,5012000000.0,487822232.0,64709000000.0,1.61,1.6,8808000000.0,1105000000.0,1066000000.0,262000000.0,64328000000.0,272000000.0,160000000.0,3802000000.0,81807000000.0,,12157000000.0,804000000.0,793000000.0,381000000.0,1083000000.0,198000000.0,73866000000.0,,13393000000.0,495300000.0,493000000.0
2022Q3,SYF,100766000000.0,,5082000000.0,458904206.0,68404000000.0,1.48,1.47,9102000000.0,1105000000.0,922000000.0,219000000.0,68032000000.0,414000000.0,280000000.0,3928000000.0,87754000000.0,,14321000000.0,703000000.0,692000000.0,372000000.0,1064000000.0,44000000.0,76910000000.0,,13012000000.0,470700000.0,468500000.0
2022Q4,SYF,104564000000.0,,4879000000.0,438216755.0,71735000000.0,,,9527000000.0,1105000000.0,,,71336000000.0,,,,91691000000.0,,14191000000.0,,,399000000.0,,,82943000000.0,,12873000000.0,,
2023Q1,SYF,107853000000.0,,4008000000.0,428447828.0,74425000000.0,1.36,1.35,9517000000.0,1105000000.0,790000000.0,189000000.0,74008000000.0,735000000.0,557000000.0,4051000000.0,94660000000.0,,14934000000.0,601000000.0,590000000.0,417000000.0,1119000000.0,65000000.0,81612000000.0,404000000.0,13193000000.0,437200000.0,434400000.0
2023Q2,SYF,108697000000.0,,4294000000.0,418109398.0,75765000000.0,1.32,1.32,9804000000.0,1105000000.0,742000000.0,173000000.0,75344000000.0,901000000.0,717000000.0,4120000000.0,95317000000.0,,14231000000.0,569000000.0,559000000.0,421000000.0,1169000000.0,61000000.0,84997000000.0,,13380000000.0,424200000.0,422700000.0
2023Q3,SYF,112939000000.0,,2882000000.0,413785325.0,78066000000.0,1.49,1.48,10176000000.0,1105000000.0,833000000.0,205000000.0,77669000000.0,992000000.0,800000000.0,4362000000.0,99172000000.0,,15231000000.0,628000000.0,618000000.0,397000000.0,1154000000.0,92000000.0,87697000000.0,,13767000000.0,418400000.0,416000000.0
2023Q4,SYF,117479000000.0,,3799000000.0,406875775.0,81153000000.0,,,10571000000.0,1018000000.0,,,80789000000.0,,,,103576000000.0,,15982000000.0,,,364000000.0,,,92417000000.0,,13903000000.0,,
2024Q1,SYF,121173000000.0,,3005000000.0,401410596.0,83554000000.0,3.17,3.14,10905000000.0,1073000000.0,1708000000.0,415000000.0,83160000000.0,1163000000.0,954000000.0,4405000000.0,105891000000.0,,16133000000.0,1293000000.0,1282000000.0,394000000.0,1206000000.0,1157000000.0,90828000000.0,300000000.0,15282000000.0,408200000.0,404700000.0
2024Q2,SYF,120489000000.0,,2693000000.0,395115518.0,83100000000.0,1.56,1.55,10982000000.0,1274000000.0,844000000.0,201000000.0,82708000000.0,,967000000.0,4405000000.0,104949000000.0,,15637000000.0,643000000.0,624000000.0,392000000.0,1177000000.0,117000000.0,91302000000.0,,15540000000.0,402600000.0,399300000.0
2024Q3,SYF,119229000000.0,,2345000000.0,389224881.0,82284000000.0,1.96,1.94,11029000000.0,1274000000.0,1028000000.0,239000000.0,81901000000.0,,968000000.0,4609000000.0,103249000000.0,,15632000000.0,789000000.0,768000000.0,383000000.0,1189000000.0,119000000.0,91164000000.0,,15980000000.0,396500000.0,392300000.0
2024Q4,SYF,119463000000.0,,3079000000.0,388000000.0,82062000000.0,,,10929000000.0,1274000000.0,,,81664000000.0,,,,102883000000.0,,15462000000.0,,,398000000.0,,,93792000000.0,,16580000000.0,,
2025Q1,SYF,122026000000.0,,2724000000.0,380537087.0,83435000000.0,1.91,1.89,10828000000.0,1274000000.0,984000000.0,227000000.0,83030000000.0,,882000000.0,4464000000.0,105445000000.0,,17009000000.0,757000000.0,736000000.0,405000000.0,1243000000.0,149000000.0,88780000000.0,605000000.0,16581000000.0,389400000.0,385200000.0
2025Q2,SYF,120505000000.0,,2905000000.0,371942844.0,82262000000.0,2.51,2.5,10564000000.0,1274000000.0,1256000000.0,289000000.0,81857000000.0,,855000000.0,4521000000.0,103553000000.0,,16009000000.0,967000000.0,946000000.0,405000000.0,1245000000.0,118000000.0,89212000000.0,,16952000000.0,379100000.0,376200000.0
2025Q3,SYF,116984000000.0,,2716000000.0,360143330.0,79886000000.0,2.89,2.86,10373000000.0,1274000000.0,1429000000.0,352000000.0,79513000000.0,,812000000.0,4720000000.0,99919000000.0,,14431000000.0,1077000000.0,1057000000.0,373000000.0,1248000000.0,127000000.0,89805000000.0,,17065000000.0,369900000.0,365900000.0
2025Q4,SYF,119095000000.0,,2348000000.0,347000000.0,81144000000.0,,,10442000000.0,1363000000.0,,,80748000000.0,,,,102329000000.0,,15182000000.0,,,396000000.0,,,93366000000.0,,16766000000.0,,
2026Q1,SYF,121501000000.0,,3040000000.0,337000000.0,82894000000.0,2.29,2.27,10428000000.0,1363000000.0,1047000000.0,242000000.0,82478000000.0,,770000000.0,4635000000.0,105024000000.0,,16428000000.0,805000000.0,784000000.0,416000000.0,1316000000.0,133000000.0,89657000000.0,900000000.0,16477000000.0,346000000.0,342400000.0
2026Q2,SYF,121930000000.0,,4365000000.0,325000000.0,82806000000.0,2.61,2.59,10312000000.0,1363000000.0,1186000000.0,301000000.0,82376000000.0,,767000000.0,4608000000.0,105033000000.0,,16432000000.0,885000000.0,864000000.0,430000000.0,1331000000.0,137000000.0,91896000000.0,,16897000000.0,334100000.0,331300000.0
