q,ticker,AccumulatedOtherComprehensiveIncomeLossNetOfTax,Assets,AvailableForSaleSecuritiesDebtSecurities,CommonStockSharesOutstanding,EarningsPerShareBasic,EarningsPerShareDiluted,Goodwill,IncomeLossFromContinuingOperationsBeforeIncomeTaxesExtraordinaryItemsNoncontrollingInterest,IncomeTaxExpenseBenefit,IntangibleAssetsNetExcludingGoodwill,InterestExpense,InterestIncomeExpenseNet,Liabilities,NetIncomeLoss,NetIncomeLossAvailableToCommonStockholdersBasic,PaymentsForRepurchaseOfCommonStock,ProvisionForDoubtfulAccounts,RevenueFromContractWithCustomerExcludingAssessedTax,Revenues,StockholdersEquity,StockholdersEquityIncludingPortionAttributableToNoncontrollingInterest,WeightedAverageNumberOfDilutedSharesOutstanding,WeightedAverageNumberOfSharesOutstandingBasic
2018Q3,TW,,,,,,,,53490000.0,7535000.0,,,,,,,,,165253000.0,167790000.0,,,,
2018Q4,TW,-866000.0,4997139000.0,,0.0,0.13,0.13,2694797000.0,32722000.0,3415000.0,1380848000.0,,,410626000.0,,,,,178637000.0,178637000.0,4572334000.0,4572334000.0,222243851.0,222221628.0
2019Q1,TW,,100.0,,100.0,0.19,0.19,,47135000.0,4783000.0,,,,,,,,,186792000.0,186792000.0,100.0,4597979000.0,223320457.0,222222197.0
2019Q2,TW,-525000.0,5072347000.0,,,0.09,0.09,2694797000.0,31130000.0,6314000.0,1331145000.0,,175000.0,617547000.0,12828000.0,,,,190485000.0,190485000.0,2847551000.0,4454800000.0,150847183.0,142933192.0
2019Q3,TW,-1854000.0,5622680000.0,,0.0,0.21,0.2,2694797000.0,58894000.0,10316000.0,1306293000.0,,636000.0,1135444000.0,29612000.0,,,,200981000.0,200981000.0,2873603000.0,4487236000.0,151362643.0,142935206.0
2019Q4,TW,1366000.0,5095334000.0,,,0.26,0.25,2694797000.0,88167000.0,30889000.0,1281441000.0,,,502589000.0,41329000.0,,,,197308000.0,197308000.0,3378588000.0,4592745000.0,167323520.0,157950550.0
2020Q1,TW,-2179000.0,5184716000.0,,,0.26,0.25,2694797000.0,78314000.0,15829000.0,1256589000.0,,699000.0,495868000.0,43928000.0,,,33000.0,234606000.0,234606000.0,3502809000.0,4688848000.0,174517244.0,166234749.0
2020Q2,TW,-2693000.0,5463881000.0,,,0.17,0.16,2694797000.0,55353000.0,12945000.0,1231737000.0,,-286000.0,634738000.0,30496000.0,,,0.0,212107000.0,212107000.0,4014242000.0,4829143000.0,185489824.0,177649501.0
2020Q3,TW,100000.0,5537353000.0,,,0.2,0.19,2694797000.0,58172000.0,11124000.0,1206886000.0,,-349000.0,658134000.0,36812000.0,,,18000.0,212870000.0,212870000.0,4056855000.0,4879219000.0,194955695.0,187774170.0
2020Q4,TW,4314000.0,5679850000.0,,,0.29,0.28,2694797000.0,82625000.0,16176000.0,1182034000.0,,,660687000.0,55060000.0,,,,233076000.0,233076000.0,4303451000.0,5019163000.0,197745297.0,189795356.0
2021Q1,TW,4102000.0,5808934000.0,,,0.34,0.33,2694797000.0,97834000.0,16269000.0,1157182000.0,,-493000.0,643796000.0,67859000.0,67859000.0,0.0,0.0,273399000.0,,4519020000.0,5165138000.0,205028717.0,199064607.0
2021Q2,TW,4714000.0,5864890000.0,,,0.27,0.27,2782779000.0,83467000.0,17234000.0,1231567000.0,,-325000.0,666562000.0,55316000.0,55316000.0,,-42000.0,260840000.0,,4547968000.0,5198328000.0,207463960.0,201749985.0
2021Q3,TW,2279000.0,5936500000.0,,,0.27,0.26,2782779000.0,85167000.0,19862000.0,1204806000.0,,-361000.0,688171000.0,54763000.0,54763000.0,,110000.0,265325000.0,,4590272000.0,5248329000.0,208197439.0,202238122.0
2021Q4,TW,1604000.0,5990180000.0,,,,,2780259000.0,,,1180016000.0,,,681237000.0,,,,,,,4645595000.0,5308943000.0,,
2022Q1,TW,-1964000.0,6001123000.0,,,0.41,0.4,2780259000.0,111155000.0,13710000.0,1153216000.0,,-447000.0,707392000.0,82965000.0,82943000.0,47323000.0,-74000.0,311486000.0,,4648616000.0,5293731000.0,207497102.0,204061347.0
2022Q2,TW,-10404000.0,5989538000.0,,,0.33,0.33,2780259000.0,107148000.0,25548000.0,1126417000.0,,541000.0,618770000.0,68344000.0,68318000.0,,49000.0,297138000.0,,4714902000.0,5370768000.0,207272675.0,204501035.0
2022Q3,TW,-21601000.0,6136601000.0,,,0.34,0.33,2780259000.0,106223000.0,24657000.0,1099617000.0,,3413000.0,683034000.0,69083000.0,69001000.0,,60000.0,287115000.0,,4868890000.0,5453567000.0,208329469.0,205721162.0
2022Q4,TW,-10113000.0,6260131000.0,,,,,2780259000.0,,,1072818000.0,,,713815000.0,,,,,,,4953791000.0,5546316000.0,,
2023Q1,TW,-7765000.0,6240066000.0,,,0.42,0.42,2780259000.0,135398000.0,33205000.0,1046018000.0,449000.0,12491000.0,639201000.0,87856000.0,87733000.0,20811000.0,26000.0,329249000.0,,5002895000.0,5600865000.0,210143734.0,208105437.0
2023Q2,TW,-6818000.0,6490501000.0,,,0.42,0.42,2780259000.0,130988000.0,29049000.0,1019219000.0,,15109000.0,773133000.0,89082000.0,88980000.0,,21000.0,310613000.0,,5182460000.0,5717368000.0,213156753.0,211569728.0
2023Q3,TW,-10836000.0,6504553000.0,,,0.47,0.46,2815317000.0,140296000.0,28666000.0,1032354000.0,,17465000.0,692812000.0,98614000.0,98490000.0,,13000.0,328357000.0,,5265814000.0,5811741000.0,213491634.0,211618475.0
2023Q4,TW,-5389000.0,7059538000.0,,,,,2815524000.0,,,1004797000.0,,,1128132000.0,,,,,,,5373755000.0,5931406000.0,,
2024Q1,TW,-7524000.0,7395949000.0,,,0.59,0.59,2857713000.0,187020000.0,43638000.0,1032797000.0,1718000.0,,1319922000.0,126142000.0,126047000.0,0.0,8000.0,408739000.0,,5508793000.0,6076027000.0,214660853.0,212709872.0
2024Q2,TW,-7920000.0,7284541000.0,10102000.0,,0.56,0.55,2857713000.0,183463000.0,47047000.0,1004116000.0,,,1077136000.0,119239000.0,119169000.0,,-79000.0,404951000.0,,5630802000.0,6207405000.0,214895947.0,213162158.0
2024Q3,TW,1115000.0,7336717000.0,10228000.0,,0.53,0.53,3149956000.0,173673000.0,43450000.0,1315490000.0,,,1050326000.0,113916000.0,113848000.0,,43000.0,448915000.0,,5700647000.0,6286391000.0,215096974.0,213206193.0
2024Q4,TW,-9981000.0,7267993000.0,10354000.0,,,,3150112000.0,,,1280892000.0,,,869108000.0,,,,,,,5800192000.0,6398885000.0,,
2025Q1,TW,-1811000.0,7369961000.0,13627000.0,,0.7,0.69,3150112000.0,221584000.0,53279000.0,1246295000.0,,,822756000.0,148382000.0,148253000.0,844000.0,-200000.0,509677000.0,,5938914000.0,6547205000.0,214895418.0,213087496.0
2025Q2,TW,7031000.0,8056055000.0,14132000.0,,0.72,0.71,3150112000.0,227061000.0,51539000.0,1211697000.0,,,1329779000.0,153782000.0,153665000.0,,2000.0,512971000.0,,6097771000.0,6726276000.0,214971946.0,213339761.0
2025Q3,TW,7749000.0,7995948000.0,20197000.0,,0.87,0.86,3150112000.0,269617000.0,59068000.0,1177099000.0,,,1060985000.0,185636000.0,185498000.0,,3000.0,508598000.0,,6280698000.0,6934963000.0,214983486.0,213359090.0
2025Q4,TW,10899000.0,8189557000.0,24857000.0,,,,3150112000.0,,,1148015000.0,,,1000320000.0,,,,,,,6507755000.0,7189237000.0,,
2026Q1,TW,7933000.0,8295749000.0,26076000.0,,0.96,0.96,3150112000.0,302924000.0,69757000.0,1118932000.0,,,986111000.0,205284000.0,205208000.0,53331000.0,-100000.0,617764000.0,,6620254000.0,7309638000.0,213324648.0,212685136.0
2026Q2,TW,15912000.0,8250843000.0,38615000.0,,0.85,0.85,3150112000.0,270186000.0,63500000.0,,,,912689000.0,181318000.0,181274000.0,,-200000.0,558946000.0,,6634531000.0,7338154000.0,212795141.0,212463597.0
